Actual_AvailableSpaces,Predicted_AvailableSpaces,Error,Absolute_Error
193,174.88666666666666,18.113333333333344,18.113333333333344
439,444.52,-5.519999999999982,5.519999999999982
1001,948.8166666666667,52.18333333333328,52.18333333333328
185,193.91333333333333,-8.913333333333327,8.913333333333327
1055,1056.2266666666667,-1.2266666666666879,1.2266666666666879
536,522.2533333333333,13.74666666666667,13.74666666666667
120,97.47666666666667,22.523333333333326,22.523333333333326
38,33.32,4.68,4.68
1974,1972.6566666666668,1.3433333333332484,1.3433333333332484
332,332.19,-0.18999999999999773,0.18999999999999773
2213,2212.3366666666666,0.6633333333334122,0.6633333333334122
292,322.27666666666664,-30.276666666666642,30.276666666666642
187,194.7,-7.699999999999989,7.699999999999989
361,338.93666666666667,22.063333333333333,22.063333333333333
130,131.91,-1.9099999999999966,1.9099999999999966
614,580.9366666666666,33.06333333333339,33.06333333333339
2029,2043.1866666666667,-14.186666666666724,14.186666666666724
581,586.16,-5.159999999999968,5.159999999999968
208,206.90666666666667,1.0933333333333337,1.0933333333333337
541,565.4266666666666,-24.42666666666662,24.42666666666662
1062,1065.8833333333334,-3.8833333333334394,3.8833333333334394
59,52.71666666666667,6.283333333333331,6.283333333333331
818,770.6766666666666,47.32333333333338,47.32333333333338
167,166.98,0.020000000000010232,0.020000000000010232
2166,2191.31,-25.309999999999945,25.309999999999945
605,609.7966666666666,-4.796666666666624,4.796666666666624
355,347.10333333333335,7.896666666666647,7.896666666666647
2228,2248.61,-20.610000000000127,20.610000000000127
204,193.01333333333332,10.986666666666679,10.986666666666679
677,690.9566666666667,-13.956666666666706,13.956666666666706
193,190.04666666666665,2.9533333333333474,2.9533333333333474
472,450.39,21.610000000000014,21.610000000000014
1809,1781.8933333333334,27.10666666666657,27.10666666666657
1507,1532.2466666666667,-25.24666666666667,25.24666666666667
149,146.56333333333333,2.4366666666666674,2.4366666666666674
581,586.1566666666666,-5.156666666666638,5.156666666666638
96,89.92666666666666,6.073333333333338,6.073333333333338
1302,1234.8766666666668,67.12333333333322,67.12333333333322
18,29.55,-11.55,11.55
208,188.55,19.44999999999999,19.44999999999999
2464,2420.286666666667,43.71333333333314,43.71333333333314
163,158.68333333333334,4.316666666666663,4.316666666666663
2262,2432.5833333333335,-170.58333333333348,170.58333333333348
890,974.9033333333333,-84.90333333333331,84.90333333333331
947,764.4933333333333,182.50666666666666,182.50666666666666
288,249.84333333333333,38.156666666666666,38.156666666666666
1193,1259.2466666666667,-66.24666666666667,66.24666666666667
565,539.5766666666667,25.42333333333329,25.42333333333329
2432,2520.9166666666665,-88.91666666666652,88.91666666666652
344,388.97333333333336,-44.97333333333336,44.97333333333336
3782,3345.9766666666665,436.02333333333354,436.02333333333354
461,484.37666666666667,-23.376666666666665,23.376666666666665
228,209.33,18.669999999999987,18.669999999999987
375,399.88,-24.879999999999995,24.879999999999995
1284,1323.03,-39.02999999999997,39.02999999999997
343,355.59,-12.589999999999975,12.589999999999975
769,753.07,15.92999999999995,15.92999999999995
941,965.4166666666666,-24.41666666666663,24.41666666666663
321,328.29333333333335,-7.293333333333351,7.293333333333351
303,418.0466666666667,-115.04666666666668,115.04666666666668
240,227.32333333333332,12.676666666666677,12.676666666666677
2327,2377.9166666666665,-50.916666666666515,50.916666666666515
1101,898.5266666666666,202.47333333333336,202.47333333333336
484,493.0233333333333,-9.023333333333312,9.023333333333312
2817,2581.3933333333334,235.60666666666657,235.60666666666657
421,426.3,-5.300000000000011,5.300000000000011
281,277.68666666666667,3.3133333333333326,3.3133333333333326
306,296.24333333333334,9.75666666666666,9.75666666666666
3681,3699.9066666666668,-18.90666666666675,18.90666666666675
251,265.72333333333336,-14.723333333333358,14.723333333333358
141,138.04666666666665,2.9533333333333474,2.9533333333333474
392,402.53333333333336,-10.53333333333336,10.53333333333336
2758,2743.6133333333332,14.38666666666677,14.38666666666677
274,322.44,-48.44,48.44
278,272.86,5.139999999999986,5.139999999999986
2133,2321.1,-188.0999999999999,188.0999999999999
856,889.69,-33.690000000000055,33.690000000000055
929,914.0266666666666,14.973333333333358,14.973333333333358
1130,1254.9933333333333,-124.99333333333334,124.99333333333334
2411,2568.4266666666667,-157.42666666666673,157.42666666666673
872,868.6033333333334,3.396666666666647,3.396666666666647
558,607.04,-49.039999999999964,49.039999999999964
392,511.89666666666665,-119.89666666666665,119.89666666666665
2223,2421.3733333333334,-198.37333333333345,198.37333333333345
1077,1062.3833333333334,14.61666666666656,14.61666666666656
207,228.57,-21.569999999999993,21.569999999999993
752,757.0333333333333,-5.033333333333303,5.033333333333303
1153,1168.7,-15.700000000000045,15.700000000000045
230,245.89333333333335,-15.893333333333345,15.893333333333345
282,274.8066666666667,7.193333333333328,7.193333333333328
2204,2196.483333333333,7.516666666666879,7.516666666666879
997,971.2366666666667,25.76333333333332,25.76333333333332
237,290.08,-53.079999999999984,53.079999999999984
1050,1134.9033333333334,-84.90333333333342,84.90333333333342
268,263.8666666666667,4.133333333333326,4.133333333333326
302,252.16,49.84,49.84
224,200.13,23.870000000000005,23.870000000000005
3546,3552.0066666666667,-6.006666666666661,6.006666666666661
227,231.12666666666667,-4.126666666666665,4.126666666666665
550,582.89,-32.889999999999986,32.889999999999986
2076,2059.5133333333333,16.48666666666668,16.48666666666668
2668,2627.17,40.82999999999993,40.82999999999993
1042,1027.5,14.5,14.5
736,733.83,2.169999999999959,2.169999999999959
297,440.37666666666667,-143.37666666666667,143.37666666666667
223,208.17,14.830000000000013,14.830000000000013
890,882.32,7.67999999999995,7.67999999999995
101,84.79,16.209999999999994,16.209999999999994
2183,2348.8433333333332,-165.84333333333325,165.84333333333325
773,767.97,5.029999999999973,5.029999999999973
201,173.19,27.810000000000002,27.810000000000002
2376,2568.1233333333334,-192.12333333333345,192.12333333333345
172,220.63,-48.629999999999995,48.629999999999995
813,822.4433333333334,-9.443333333333385,9.443333333333385
1750,1830.8666666666666,-80.86666666666656,80.86666666666656
414,425.6166666666667,-11.616666666666674,11.616666666666674
233,210.65666666666667,22.343333333333334,22.343333333333334
133,138.51666666666668,-5.51666666666668,5.51666666666668
218,214.84,3.1599999999999966,3.1599999999999966
407,406.50333333333333,0.4966666666666697,0.4966666666666697
519,541.8466666666667,-22.846666666666692,22.846666666666692
974,997.9133333333333,-23.9133333333333,23.9133333333333
170,173.74333333333334,-3.7433333333333394,3.7433333333333394
652,678.7133333333334,-26.713333333333367,26.713333333333367
263,254.77666666666667,8.22333333333333,8.22333333333333
191,205.47,-14.469999999999999,14.469999999999999
2337,2339.673333333333,-2.6733333333331757,2.6733333333331757
1363,1385.98,-22.980000000000018,22.980000000000018
196,250.62666666666667,-54.626666666666665,54.626666666666665
758,751.3633333333333,6.636666666666656,6.636666666666656
253,253.01333333333332,-0.013333333333321207,0.013333333333321207
949,968.7933333333333,-19.793333333333294,19.793333333333294
812,842.77,-30.769999999999982,30.769999999999982
697,701.85,-4.850000000000023,4.850000000000023
1979,1954.1333333333334,24.86666666666656,24.86666666666656
160,171.76666666666668,-11.76666666666668,11.76666666666668
2444,2505.8,-61.80000000000018,61.80000000000018
83,67.83333333333333,15.166666666666671,15.166666666666671
773,817.58,-44.58000000000004,44.58000000000004
170,169.76333333333332,0.2366666666666788,0.2366666666666788
2128,2154.153333333333,-26.153333333333194,26.153333333333194
3260,3319.0933333333332,-59.09333333333325,59.09333333333325
185,188.18333333333334,-3.183333333333337,3.183333333333337
658,664.07,-6.07000000000005,6.07000000000005
170,160.6,9.400000000000006,9.400000000000006
144,150.62333333333333,-6.623333333333335,6.623333333333335
2933,2989.8866666666668,-56.88666666666677,56.88666666666677
689,669.9366666666666,19.06333333333339,19.06333333333339
703,706.9733333333334,-3.9733333333333576,3.9733333333333576
246,250.4,-4.400000000000006,4.400000000000006
399,395.3566666666667,3.6433333333333167,3.6433333333333167
1899,1900.3633333333332,-1.3633333333332303,1.3633333333332303
155,148.56,6.439999999999998,6.439999999999998
1121,1080.9466666666667,40.053333333333285,40.053333333333285
128,112.84333333333333,15.156666666666666,15.156666666666666
488,498.41,-10.410000000000025,10.410000000000025
128,156.56666666666666,-28.566666666666663,28.566666666666663
94,106.68,-12.680000000000007,12.680000000000007
210,205.23333333333332,4.76666666666668,4.76666666666668
2099,2073.2266666666665,25.77333333333354,25.77333333333354
2154,2215.7366666666667,-61.73666666666668,61.73666666666668
149,146.82333333333332,2.1766666666666765,2.1766666666666765
873,873.08,-0.08000000000004093,0.08000000000004093
871,903.6433333333333,-32.64333333333332,32.64333333333332
625,666.3766666666667,-41.376666666666665,41.376666666666665
217,209.16,7.840000000000003,7.840000000000003
561,560.4366666666666,0.5633333333333894,0.5633333333333894
2298,2304.63,-6.630000000000109,6.630000000000109
73,66.44333333333333,6.556666666666672,6.556666666666672
150,140.59666666666666,9.403333333333336,9.403333333333336
1711,1804.4133333333334,-93.41333333333341,93.41333333333341
383,386.06,-3.0600000000000023,3.0600000000000023
623,607.43,15.57000000000005,15.57000000000005
128,121.56666666666666,6.433333333333337,6.433333333333337
2060,2054.883333333333,5.116666666666788,5.116666666666788
514,509.4166666666667,4.583333333333314,4.583333333333314
416,485.15,-69.14999999999998,69.14999999999998
702,782.37,-80.37,80.37
137,132.09,4.909999999999997,4.909999999999997
67,62.46,4.539999999999999,4.539999999999999
444,458.78,-14.779999999999973,14.779999999999973
195,192.92333333333335,2.076666666666654,2.076666666666654
2258,2264.1566666666668,-6.1566666666667516,6.1566666666667516
76,91.2,-15.200000000000003,15.200000000000003
778,804.87,-26.870000000000005,26.870000000000005
131,154.68666666666667,-23.686666666666667,23.686666666666667
109,97.97333333333333,11.02666666666667,11.02666666666667
210,199.11,10.889999999999986,10.889999999999986
985,958.6233333333333,26.376666666666665,26.376666666666665
2435,2647.153333333333,-212.1533333333332,212.1533333333332
1834,1856.62,-22.61999999999989,22.61999999999989
647,659.4166666666666,-12.416666666666629,12.416666666666629
223,232.21333333333334,-9.213333333333338,9.213333333333338
593,626.3766666666667,-33.376666666666665,33.376666666666665
54,62.11333333333334,-8.113333333333337,8.113333333333337
153,141.33666666666667,11.663333333333327,11.663333333333327
29,38.833333333333336,-9.833333333333336,9.833333333333336
2035,2018.9466666666667,16.053333333333285,16.053333333333285
478,476.7266666666667,1.2733333333333121,1.2733333333333121
56,53.38666666666666,2.613333333333337,2.613333333333337
605,597.76,7.240000000000009,7.240000000000009
1388,1283.68,104.31999999999994,104.31999999999994
581,579.2433333333333,1.7566666666666606,1.7566666666666606
1788,1781.1066666666666,6.89333333333343,6.89333333333343
416,410.63,5.3700000000000045,5.3700000000000045
103,92.23333333333333,10.766666666666666,10.766666666666666
264,273.07666666666665,-9.076666666666654,9.076666666666654
64,61.91,2.0900000000000034,2.0900000000000034
110,115.47666666666667,-5.476666666666674,5.476666666666674
130,128.50666666666666,1.4933333333333394,1.4933333333333394
106,111.02333333333333,-5.023333333333326,5.023333333333326
560,554.8833333333333,5.116666666666674,5.116666666666674
564,592.5633333333334,-28.56333333333339,28.56333333333339
2070,2174.7566666666667,-104.75666666666666,104.75666666666666
711,724.5733333333334,-13.57333333333338,13.57333333333338
210,199.99333333333334,10.00666666666666,10.00666666666666
366,368.62,-2.6200000000000045,2.6200000000000045
2233,2228.79,4.210000000000036,4.210000000000036
174,175.25666666666666,-1.2566666666666606,1.2566666666666606
205,208.72333333333333,-3.723333333333329,3.723333333333329
921,882.8366666666667,38.1633333333333,38.1633333333333
524,525.09,-1.0900000000000318,1.0900000000000318
210,205.38333333333333,4.616666666666674,4.616666666666674
343,361.10333333333335,-18.103333333333353,18.103333333333353
24,51.77,-27.770000000000003,27.770000000000003
2201,2201.5466666666666,-0.5466666666666242,0.5466666666666242
137,129.25,7.75,7.75
1091,1114.7266666666667,-23.726666666666688,23.726666666666688
0,11.653333333333334,-11.653333333333334,11.653333333333334
1743,1753.4766666666667,-10.476666666666688,10.476666666666688
1725,1766.7766666666666,-41.77666666666664,41.77666666666664
161,165.69666666666666,-4.696666666666658,4.696666666666658
875,866.49,8.509999999999991,8.509999999999991
191,192.09,-1.0900000000000034,1.0900000000000034
448,483.3,-35.30000000000001,35.30000000000001
631,659.09,-28.090000000000032,28.090000000000032
119,158.06,-39.06,39.06
549,554.5633333333334,-5.563333333333389,5.563333333333389
62,53.75,8.25,8.25
165,151.16666666666666,13.833333333333343,13.833333333333343
387,384.32,2.680000000000007,2.680000000000007
93,90.68,2.319999999999993,2.319999999999993
550,572.4566666666667,-22.456666666666706,22.456666666666706
456,446.63,9.370000000000005,9.370000000000005
99,95.62666666666667,3.373333333333335,3.373333333333335
81,87.06666666666666,-6.066666666666663,6.066666666666663
2010,2004.34,5.660000000000082,5.660000000000082
58,55.725,2.2749999999999986,2.2749999999999986
2192,2166.2566666666667,25.74333333333334,25.74333333333334
6,45.96666666666667,-39.96666666666667,39.96666666666667
425,444.49,-19.49000000000001,19.49000000000001
1481,1454.7,26.299999999999955,26.299999999999955
580,588.45,-8.450000000000045,8.450000000000045
150,150.83,-0.8300000000000125,0.8300000000000125
54,63.73,-9.729999999999997,9.729999999999997
19,20.723333333333333,-1.7233333333333327,1.7233333333333327
509,496.0133333333333,12.986666666666679,12.986666666666679
374,356.38666666666666,17.613333333333344,17.613333333333344
372,377.1533333333333,-5.153333333333308,5.153333333333308
517,525.6133333333333,-8.613333333333344,8.613333333333344
1984,1964.26,19.74000000000001,19.74000000000001
195,174.86,20.139999999999986,20.139999999999986
526,518.33,7.669999999999959,7.669999999999959
160,163.89,-3.8899999999999864,3.8899999999999864
92,84.96,7.040000000000006,7.040000000000006
92,81.65333333333334,10.346666666666664,10.346666666666664
0,1.71,-1.71,1.71
889,933.16,-44.15999999999997,44.15999999999997
141,139.70666666666668,1.2933333333333223,1.2933333333333223
327,330.4066666666667,-3.4066666666666947,3.4066666666666947
1724,1708.2066666666667,15.793333333333294,15.793333333333294
837,841.7833333333333,-4.783333333333303,4.783333333333303
211,205.38333333333333,5.616666666666674,5.616666666666674
500,516.2433333333333,-16.24333333333334,16.24333333333334
0,0.8766666666666667,-0.8766666666666667,0.8766666666666667
89,88.04333333333334,0.9566666666666634,0.9566666666666634
411,408.42333333333335,2.576666666666654,2.576666666666654
0,2.61,-2.61,2.61
499,512.05,-13.049999999999955,13.049999999999955
1720,1699.0533333333333,20.946666666666715,20.946666666666715
374,360.57,13.430000000000007,13.430000000000007
470,497.46666666666664,-27.46666666666664,27.46666666666664
59,57.44166666666667,1.55833333333333,1.55833333333333
180,185.16666666666666,-5.166666666666657,5.166666666666657
148,141.97666666666666,6.0233333333333405,6.0233333333333405
500,559.1333333333333,-59.133333333333326,59.133333333333326
88,86.95666666666666,1.0433333333333366,1.0433333333333366
158,159.55666666666667,-1.556666666666672,1.556666666666672
1928,1959.8833333333334,-31.88333333333344,31.88333333333344
1242,1321.4166666666667,-79.41666666666674,79.41666666666674
805,822.57,-17.57000000000005,17.57000000000005
0,48.3,-48.3,48.3
144,150.04,-6.039999999999992,6.039999999999992
4,21.68,-17.68,17.68
2192,2175.483333333333,16.51666666666688,16.51666666666688
260,324.81666666666666,-64.81666666666666,64.81666666666666
730,770.1233333333333,-40.123333333333335,40.123333333333335
209,206.89333333333335,2.106666666666655,2.106666666666655
303,318.72333333333336,-15.723333333333358,15.723333333333358
88,89.22,-1.2199999999999989,1.2199999999999989
201,206.41,-5.409999999999997,5.409999999999997
534,482.79,51.20999999999998,51.20999999999998
90,88.10666666666667,1.8933333333333309,1.8933333333333309
813,810.6433333333333,2.3566666666666833,2.3566666666666833
502,494.91333333333336,7.086666666666645,7.086666666666645
1974,1901.7266666666667,72.27333333333331,72.27333333333331
168,210.21666666666667,-42.21666666666667,42.21666666666667
367,373.1666666666667,-6.166666666666686,6.166666666666686
14,10.816666666666666,3.1833333333333336,3.1833333333333336
171,172.28666666666666,-1.2866666666666617,1.2866666666666617
480,498.68,-18.680000000000007,18.680000000000007
625,626.55,-1.5499999999999545,1.5499999999999545
54,11.023333333333333,42.97666666666667,42.97666666666667
414,412.82666666666665,1.1733333333333462,1.1733333333333462
0,1.3033333333333332,-1.3033333333333332,1.3033333333333332
58,64.425,-6.424999999999997,6.424999999999997
2189,2190.38,-1.3800000000001091,1.3800000000001091
1174,1152.9333333333334,21.066666666666606,21.066666666666606
152,155.81666666666666,-3.816666666666663,3.816666666666663
0,0.805,-0.805,0.805
459,432.49333333333334,26.50666666666666,26.50666666666666
294,299.3833333333333,-5.383333333333326,5.383333333333326
1709,1720.0266666666666,-11.026666666666642,11.026666666666642
145,152.99666666666667,-7.99666666666667,7.99666666666667
148,148.43666666666667,-0.4366666666666674,0.4366666666666674
2189,2188.326666666667,0.6733333333331757,0.6733333333331757
872,833.7033333333334,38.296666666666624,38.296666666666624
92,89.67,2.3299999999999983,2.3299999999999983
155,149.28,5.719999999999999,5.719999999999999
198,195.44333333333333,2.556666666666672,2.556666666666672
463,462.2966666666667,0.7033333333333189,0.7033333333333189
120,112.95666666666666,7.0433333333333366,7.0433333333333366
428,419.1333333333333,8.866666666666674,8.866666666666674
368,370.35,-2.3500000000000227,2.3500000000000227
33,22.13,10.870000000000001,10.870000000000001
97,88.95333333333333,8.046666666666667,8.046666666666667
280,290.05,-10.050000000000011,10.050000000000011
1099,1155.5266666666666,-56.52666666666664,56.52666666666664
454,448.88666666666666,5.113333333333344,5.113333333333344
164,172.33333333333334,-8.333333333333343,8.333333333333343
6,0.7,5.3,5.3
504,543.0066666666667,-39.00666666666666,39.00666666666666
162,154.04333333333332,7.956666666666678,7.956666666666678
152,153.21333333333334,-1.2133333333333383,1.2133333333333383
525,496.7366666666667,28.26333333333332,28.26333333333332
1713,1716.53,-3.5299999999999727,3.5299999999999727
580,532.1,47.89999999999998,47.89999999999998
0,0.805,-0.805,0.805
41,58.86333333333334,-17.863333333333337,17.863333333333337
1958,1967.6733333333334,-9.673333333333403,9.673333333333403
63,65.905,-2.905000000000001,2.905000000000001
165,160.97666666666666,4.0233333333333405,4.0233333333333405
484,461.3933333333333,22.606666666666683,22.606666666666683
1991,1996.7766666666666,-5.776666666666642,5.776666666666642
54,21.343333333333334,32.656666666666666,32.656666666666666
132,112.92666666666666,19.073333333333338,19.073333333333338
61,64.455,-3.4549999999999983,3.4549999999999983
549,530.2066666666667,18.793333333333294,18.793333333333294
1219,1103.1233333333332,115.87666666666678,115.87666666666678
656,592.0666666666667,63.93333333333328,63.93333333333328
291,282.43,8.569999999999993,8.569999999999993
161,159.58,1.4199999999999875,1.4199999999999875
470,463.1066666666667,6.893333333333317,6.893333333333317
910,939.1,-29.100000000000023,29.100000000000023
207,199.04666666666665,7.953333333333347,7.953333333333347
65,56.25666666666667,8.743333333333332,8.743333333333332
437,442.53333333333336,-5.53333333333336,5.53333333333336
162,160.81666666666666,1.1833333333333371,1.1833333333333371
533,552.6933333333334,-19.693333333333385,19.693333333333385
360,381.5466666666667,-21.54666666666668,21.54666666666668
100,97.03333333333333,2.9666666666666686,2.9666666666666686
48,55.72,-7.719999999999999,7.719999999999999
171,168.20666666666668,2.7933333333333223,2.7933333333333223
0,0.5366666666666666,-0.5366666666666666,0.5366666666666666
1729,1727.7333333333333,1.2666666666666515,1.2666666666666515
96,103.24666666666667,-7.24666666666667,7.24666666666667
2190,2198.91,-8.909999999999854,8.909999999999854
175,171.89333333333335,3.106666666666655,3.106666666666655
89,88.66,0.3400000000000034,0.3400000000000034
980,968.3566666666667,11.643333333333317,11.643333333333317
748,749.4933333333333,-1.4933333333333394,1.4933333333333394
178,171.02,6.97999999999999,6.97999999999999
220,211.82,8.180000000000007,8.180000000000007
1760,1746.2966666666666,13.703333333333376,13.703333333333376
577,551.6433333333333,25.356666666666683,25.356666666666683
306,306.93333333333334,-0.9333333333333371,0.9333333333333371
174,173.91666666666666,0.08333333333334281,0.08333333333334281
2191,2198.5,-7.5,7.5
54,65.94,-11.939999999999998,11.939999999999998
67,63.95166666666667,3.048333333333332,3.048333333333332
360,368.58666666666664,-8.586666666666645,8.586666666666645
485,484.5566666666667,0.44333333333332803,0.44333333333332803
117,105.38666666666667,11.61333333333333,11.61333333333333
176,172.33333333333334,3.666666666666657,3.666666666666657
513,507.34,5.660000000000025,5.660000000000025
2028,2023.3733333333332,4.626666666666779,4.626666666666779
1363,1368.9,-5.900000000000091,5.900000000000091
0,0.5366666666666666,-0.5366666666666666,0.5366666666666666
78,104.88666666666667,-26.88666666666667,26.88666666666667
111,102.42333333333333,8.576666666666668,8.576666666666668
460,460.6566666666667,-0.6566666666666947,0.6566666666666947
185,151.81666666666666,33.18333333333334,33.18333333333334
602,563.4,38.60000000000002,38.60000000000002
92,69.68,22.319999999999993,22.319999999999993
107,96.69,10.310000000000002,10.310000000000002
112,115.42333333333333,-3.423333333333332,3.423333333333332
133,125.38,7.6200000000000045,7.6200000000000045
224,224.00666666666666,-0.006666666666660603,0.006666666666660603
229,281.0933333333333,-52.093333333333305,52.093333333333305
71,67.06,3.9399999999999977,3.9399999999999977
1071,1046.44,24.559999999999945,24.559999999999945
510,505.19,4.810000000000002,4.810000000000002
180,183.13666666666666,-3.136666666666656,3.136666666666656
888,846.0366666666666,41.96333333333337,41.96333333333337
185,179.51,5.490000000000009,5.490000000000009
530,554.5233333333333,-24.523333333333312,24.523333333333312
149,140.23333333333332,8.76666666666668,8.76666666666668
0,0.5366666666666666,-0.5366666666666666,0.5366666666666666
490,488.38,1.6200000000000045,1.6200000000000045
637,674.51,-37.50999999999999,37.50999999999999
1535,1518.12,16.88000000000011,16.88000000000011
1772,1774.03,-2.0299999999999727,2.0299999999999727
316,319.43666666666667,-3.4366666666666674,3.4366666666666674
623,621.5433333333333,1.456666666666706,1.456666666666706
2194,2199.1266666666666,-5.1266666666665515,5.1266666666665515
183,190.59,-7.590000000000003,7.590000000000003
176,181.88666666666666,-5.886666666666656,5.886666666666656
2050,2061.04,-11.039999999999964,11.039999999999964
377,370.17333333333335,6.826666666666654,6.826666666666654
195,195.07666666666665,-0.07666666666665378,0.07666666666665378
199,203.64666666666668,-4.646666666666675,4.646666666666675
122,143.98333333333332,-21.98333333333332,21.98333333333332
78,82.74333333333334,-4.743333333333339,4.743333333333339
532,554.44,-22.440000000000055,22.440000000000055
1,8.895,-7.895,7.895
415,402.23,12.769999999999982,12.769999999999982
2205,2220.403333333333,-15.403333333333194,15.403333333333194
137,132.07333333333332,4.9266666666666765,4.9266666666666765
1226,1205.8266666666666,20.173333333333403,20.173333333333403
2077,2101.6,-24.59999999999991,24.59999999999991
232,210.24666666666667,21.75333333333333,21.75333333333333
702,692.4533333333334,9.546666666666624,9.546666666666624
1049,1040.72,8.279999999999973,8.279999999999973
1811,1800.7933333333333,10.206666666666706,10.206666666666706
192,190.29666666666665,1.7033333333333474,1.7033333333333474
344,331.73333333333335,12.266666666666652,12.266666666666652
1751,1737.8,13.200000000000045,13.200000000000045
190,193.97666666666666,-3.9766666666666595,3.9766666666666595
236,236.01,-0.009999999999990905,0.009999999999990905
285,337.05333333333334,-52.05333333333334,52.05333333333334
581,565.97,15.029999999999973,15.029999999999973
121,123.36333333333333,-2.3633333333333297,2.3633333333333297
703,704.6333333333333,-1.6333333333333258,1.6333333333333258
166,155.76333333333332,10.236666666666679,10.236666666666679
536,532.8633333333333,3.136666666666656,3.136666666666656
1870,1884.7666666666667,-14.766666666666652,14.766666666666652
618,624.2833333333333,-6.283333333333303,6.283333333333303
146,158.48666666666668,-12.486666666666679,12.486666666666679
212,219.35333333333332,-7.353333333333325,7.353333333333325
366,358.21666666666664,7.78333333333336,7.78333333333336
545,568.4633333333334,-23.463333333333367,23.463333333333367
764,783.65,-19.649999999999977,19.649999999999977
197,191.86666666666667,5.133333333333326,5.133333333333326
2216,2234.2233333333334,-18.223333333333358,18.223333333333358
2000,1995.7033333333334,4.296666666666624,4.296666666666624
243,231.80666666666667,11.193333333333328,11.193333333333328
554,599.5366666666666,-45.53666666666663,45.53666666666663
305,313.7033333333333,-8.703333333333319,8.703333333333319
216,218.36333333333334,-2.363333333333344,2.363333333333344
1441,1465.5833333333333,-24.583333333333258,24.583333333333258
156,151.97333333333333,4.026666666666671,4.026666666666671
2105,2141.2,-36.19999999999982,36.19999999999982
420,429.72,-9.720000000000027,9.720000000000027
240,250.68333333333334,-10.683333333333337,10.683333333333337
398,399.19666666666666,-1.1966666666666583,1.1966666666666583
770,789.1566666666666,-19.156666666666638,19.156666666666638
87,95.965,-8.965000000000003,8.965000000000003
12,15.253333333333334,-3.253333333333334,3.253333333333334
1248,1314.6933333333334,-66.69333333333338,66.69333333333338
222,207.60666666666665,14.393333333333345,14.393333333333345
237,190.13333333333333,46.866666666666674,46.866666666666674
293,311.63666666666666,-18.636666666666656,18.636666666666656
174,168.78333333333333,5.216666666666669,5.216666666666669
902,913.0233333333333,-11.023333333333312,11.023333333333312
209,202.73,6.27000000000001,6.27000000000001
441,433.62333333333333,7.376666666666665,7.376666666666665
22,30.736666666666668,-8.736666666666668,8.736666666666668
392,338.83666666666664,53.163333333333355,53.163333333333355
181,173.64333333333335,7.356666666666655,7.356666666666655
567,583.52,-16.519999999999982,16.519999999999982
490,471.64,18.360000000000014,18.360000000000014
2226,2244.0133333333333,-18.01333333333332,18.01333333333332
1679,1634.6766666666667,44.32333333333327,44.32333333333327
272,282.6433333333333,-10.643333333333317,10.643333333333317
254,252.17333333333335,1.8266666666666538,1.8266666666666538
2147,2168.3966666666665,-21.396666666666533,21.396666666666533
99,111.93833333333333,-12.938333333333333,12.938333333333333
1449,1470.68,-21.680000000000064,21.680000000000064
237,249.55666666666667,-12.556666666666672,12.556666666666672
280,298.6333333333333,-18.633333333333326,18.633333333333326
2253,2217.766666666667,35.23333333333312,35.23333333333312
1931,1933.0833333333333,-2.0833333333332575,2.0833333333332575
376,379.00666666666666,-3.0066666666666606,3.0066666666666606
247,236.62666666666667,10.373333333333335,10.373333333333335
826,853.6833333333333,-27.68333333333328,27.68333333333328
630,615.68,14.32000000000005,14.32000000000005
652,659.84,-7.840000000000032,7.840000000000032
273,274.2266666666667,-1.2266666666666879,1.2266666666666879
956,904.5233333333333,51.47666666666669,51.47666666666669
533,524.9966666666667,8.00333333333333,8.00333333333333
2347,2605.2466666666664,-258.24666666666644,258.24666666666644
197,185.12,11.879999999999995,11.879999999999995
776,785.0233333333333,-9.023333333333312,9.023333333333312
2861,2773.3633333333332,87.63666666666677,87.63666666666677
1286,1357.0066666666667,-71.00666666666666,71.00666666666666
296,251.84,44.16,44.16
1600,1607.96,-7.960000000000036,7.960000000000036
233,253.58,-20.580000000000013,20.580000000000013
3914,3555.3133333333335,358.6866666666665,358.6866666666665
570,542.32,27.67999999999995,27.67999999999995
2437,2658.3533333333335,-221.35333333333347,221.35333333333347
408,411.2266666666667,-3.226666666666688,3.226666666666688
2486,2571.233333333333,-85.23333333333312,85.23333333333312
605,553.5866666666667,51.4133333333333,51.4133333333333
425,432.9266666666667,-7.9266666666666765,7.9266666666666765
3107,3185.2633333333333,-78.26333333333332,78.26333333333332
1067,1086.2933333333333,-19.293333333333294,19.293333333333294
355,351.37666666666667,3.623333333333335,3.623333333333335
606,627.29,-21.289999999999964,21.289999999999964
931,1004.06,-73.05999999999995,73.05999999999995
1129,1028.02,100.98000000000002,100.98000000000002
273,275.0733333333333,-2.0733333333333235,2.0733333333333235
523,518.7533333333333,4.24666666666667,4.24666666666667
912,944.1033333333334,-32.10333333333335,32.10333333333335
345,367.2,-22.19999999999999,22.19999999999999
1569,1581.7766666666666,-12.776666666666642,12.776666666666642
2776,2776.9266666666667,-0.9266666666667334,0.9266666666667334
3816,3848.673333333333,-32.673333333333176,32.673333333333176
1257,1335.5433333333333,-78.5433333333333,78.5433333333333
902,927.3766666666667,-25.376666666666665,25.376666666666665
421,425.1166666666667,-4.116666666666674,4.116666666666674
2338,2538.576666666667,-200.57666666666682,200.57666666666682
2421,2645.88,-224.8800000000001,224.8800000000001
1047,1054.8,-7.7999999999999545,7.7999999999999545
603,601.6333333333333,1.3666666666666742,1.3666666666666742
756,758.2266666666667,-2.226666666666688,2.226666666666688
281,296.01,-15.009999999999991,15.009999999999991
406,406.74666666666667,-0.7466666666666697,0.7466666666666697
2469,2482.7,-13.699999999999818,13.699999999999818
1118,1123.5366666666666,-5.536666666666633,5.536666666666633
197,190.37,6.6299999999999955,6.6299999999999955
3051,3096.5866666666666,-45.58666666666659,45.58666666666659
563,606.4066666666666,-43.40666666666664,43.40666666666664
217,242.95,-25.94999999999999,25.94999999999999
594,608.75,-14.75,14.75
847,878.4433333333334,-31.443333333333385,31.443333333333385
270,271.06333333333333,-1.0633333333333326,1.0633333333333326
498,499.14,-1.1399999999999864,1.1399999999999864
598,595.4433333333334,2.556666666666615,2.556666666666615
1015,1016.1433333333333,-1.1433333333333167,1.1433333333333167
193,195.30333333333334,-2.3033333333333417,2.3033333333333417
1513,1499.2033333333334,13.796666666666624,13.796666666666624
1024,1082.0333333333333,-58.0333333333333,58.0333333333333
2464,2656.21,-192.21000000000004,192.21000000000004
1180,1167.5133333333333,12.486666666666679,12.486666666666679
696,725.4166666666666,-29.41666666666663,29.41666666666663
2960,2948.7766666666666,11.223333333333358,11.223333333333358
2370,2456.9333333333334,-86.9333333333334,86.9333333333334
411,412.4066666666667,-1.4066666666666947,1.4066666666666947
2322,2321.91,0.09000000000014552,0.09000000000014552
262,271.7633333333333,-9.763333333333321,9.763333333333321
333,333.98333333333335,-0.9833333333333485,0.9833333333333485
532,580.6133333333333,-48.613333333333344,48.613333333333344
2409,2409.963333333333,-0.9633333333331393,0.9633333333331393
405,397.44666666666666,7.553333333333342,7.553333333333342
3478,3678.0433333333335,-200.04333333333352,200.04333333333352
166,184.13333333333333,-18.133333333333326,18.133333333333326
744,826.4866666666667,-82.48666666666668,82.48666666666668
560,549.9433333333334,10.056666666666615,10.056666666666615
525,526.9433333333334,-1.9433333333333849,1.9433333333333849
2381,2340.4966666666664,40.50333333333356,40.50333333333356
395,401.1166666666667,-6.116666666666674,6.116666666666674
272,268.51,3.490000000000009,3.490000000000009
135,131.09333333333333,3.9066666666666663,3.9066666666666663
2857,2873.91,-16.909999999999854,16.909999999999854
884,928.09,-44.09000000000003,44.09000000000003
474,472.25,1.75,1.75
2034,2111.81,-77.80999999999995,77.80999999999995
641,656.76,-15.759999999999991,15.759999999999991
193,190.70666666666668,2.2933333333333223,2.2933333333333223
802,775.4166666666666,26.58333333333337,26.58333333333337
231,248.73333333333332,-17.73333333333332,17.73333333333332
2339,2344.3866666666668,-5.38666666666677,5.38666666666677
318,309.72333333333336,8.276666666666642,8.276666666666642
509,623.4766666666667,-114.47666666666669,114.47666666666669
1120,1097.8266666666666,22.173333333333403,22.173333333333403
3019,3141.6066666666666,-122.60666666666657,122.60666666666657
973,977.1066666666667,-4.106666666666683,4.106666666666683
493,499.87666666666667,-6.876666666666665,6.876666666666665
406,395.00333333333333,10.99666666666667,10.99666666666667
1447,1446.97,0.029999999999972715,0.029999999999972715
2309,2276.42,32.57999999999993,32.57999999999993
599,595.6566666666666,3.343333333333362,3.343333333333362
450,447.9766666666667,2.023333333333312,2.023333333333312
2322,2335.71,-13.710000000000036,13.710000000000036
2589,2756.6666666666665,-167.66666666666652,167.66666666666652
746,756.25,-10.25,10.25
2290,2257.153333333333,32.846666666666806,32.846666666666806
453,460.1533333333333,-7.153333333333308,7.153333333333308
1639,1728.5,-89.5,89.5
379,381.54,-2.5400000000000205,2.5400000000000205
301,303.18666666666667,-2.1866666666666674,2.1866666666666674
2287,2316.9166666666665,-29.916666666666515,29.916666666666515
193,190.7,2.3000000000000114,2.3000000000000114
401,399.06333333333333,1.9366666666666674,1.9366666666666674
83,101.73,-18.730000000000004,18.730000000000004
596,581.4433333333334,14.556666666666615,14.556666666666615
927,943.05,-16.049999999999955,16.049999999999955
297,357.93,-60.93000000000001,60.93000000000001
270,270.0733333333333,-0.07333333333332348,0.07333333333332348
217,214.27333333333334,2.7266666666666595,2.7266666666666595
1033,1060.6766666666667,-27.676666666666733,27.676666666666733
1374,1395.41,-21.410000000000082,21.410000000000082
732,731.3266666666667,0.6733333333332894,0.6733333333332894
2722,2760.3033333333333,-38.303333333333285,38.303333333333285
594,595.34,-1.3400000000000318,1.3400000000000318
463,473.6666666666667,-10.666666666666686,10.666666666666686
289,280.41,8.589999999999975,8.589999999999975
1169,1307.3,-138.29999999999995,138.29999999999995
551,634.5633333333334,-83.56333333333339,83.56333333333339
395,417.6,-22.600000000000023,22.600000000000023
270,268.2966666666667,1.703333333333319,1.703333333333319
194,191.09333333333333,2.9066666666666663,2.9066666666666663
873,895.8733333333333,-22.873333333333335,22.873333333333335
675,677.98,-2.980000000000018,2.980000000000018
2558,2607.286666666667,-49.28666666666686,49.28666666666686
517,553.22,-36.22000000000003,36.22000000000003
363,367.00666666666666,-4.006666666666661,4.006666666666661
2091,2221.65,-130.6500000000001,130.6500000000001
964,951.61,12.389999999999986,12.389999999999986
404,421.17333333333335,-17.173333333333346,17.173333333333346
1277,1318.0566666666666,-41.056666666666615,41.056666666666615
2278,2234.883333333333,43.11666666666679,43.11666666666679
187,202.14666666666668,-15.146666666666675,15.146666666666675
101,137.55,-36.55000000000001,36.55000000000001
412,418.15,-6.149999999999977,6.149999999999977
592,581.1,10.899999999999977,10.899999999999977
2279,2278.7066666666665,0.2933333333335213,0.2933333333335213
42,54.96666666666667,-12.966666666666669,12.966666666666669
398,384.06,13.939999999999998,13.939999999999998
2246,2245.6833333333334,0.31666666666660603,0.31666666666660603
392,378.42333333333335,13.576666666666654,13.576666666666654
373,374.13,-1.1299999999999955,1.1299999999999955
2429,2465.74,-36.73999999999978,36.73999999999978
614,622.2866666666666,-8.286666666666633,8.286666666666633
1198,1208.5233333333333,-10.523333333333312,10.523333333333312
1744,1765.56,-21.559999999999945,21.559999999999945
389,426.00333333333333,-37.00333333333333,37.00333333333333
158,161.16666666666666,-3.166666666666657,3.166666666666657
881,903.12,-22.120000000000005,22.120000000000005
587,580.8266666666667,6.173333333333289,6.173333333333289
473,472.56666666666666,0.4333333333333371,0.4333333333333371
0,14.453333333333333,-14.453333333333333,14.453333333333333
345,343.6666666666667,1.3333333333333144,1.3333333333333144
2231,2239.9866666666667,-8.986666666666679,8.986666666666679
825,834.6866666666666,-9.68666666666661,9.68666666666661
860,902.7366666666667,-42.73666666666668,42.73666666666668
267,267.7366666666667,-0.7366666666666788,0.7366666666666788
342,354.21,-12.20999999999998,12.20999999999998
195,192.41,2.5900000000000034,2.5900000000000034
0,29.81,-29.81,29.81
272,265.56333333333333,6.436666666666667,6.436666666666667
376,369.0966666666667,6.903333333333308,6.903333333333308
2201,2222.8233333333333,-21.823333333333267,21.823333333333267
2258,2228.0133333333333,29.98666666666668,29.98666666666668
333,348.09,-15.089999999999975,15.089999999999975
262,268.8,-6.800000000000011,6.800000000000011
301,293.88666666666666,7.113333333333344,7.113333333333344
338,348.54,-10.54000000000002,10.54000000000002
326,324.8433333333333,1.1566666666666947,1.1566666666666947
1495,1437.7333333333333,57.26666666666665,57.26666666666665
116,141.05,-25.05000000000001,25.05000000000001
2201,2173.85,27.15000000000009,27.15000000000009
1111,1143.6266666666668,-32.62666666666678,32.62666666666678
440,424.64,15.360000000000014,15.360000000000014
0,1.56,-1.56,1.56
2228,2212.7966666666666,15.203333333333376,15.203333333333376
377,374.47,2.5299999999999727,2.5299999999999727
0,4.296666666666667,-4.296666666666667,4.296666666666667
2193,2171.36,21.639999999999873,21.639999999999873
824,804.98,19.019999999999982,19.019999999999982
660,680.2733333333333,-20.273333333333312,20.273333333333312
773,767.0166666666667,5.9833333333333485,5.9833333333333485
575,574.1133333333333,0.8866666666666561,0.8866666666666561
198,194.52333333333334,3.4766666666666595,3.4766666666666595
247,254.43333333333334,-7.433333333333337,7.433333333333337
221,251.33333333333334,-30.333333333333343,30.333333333333343
577,565.0733333333334,11.92666666666662,11.92666666666662
2306,2328.693333333333,-22.693333333333157,22.693333333333157
1231,1238.63,-7.630000000000109,7.630000000000109
748,766.2333333333333,-18.23333333333335,18.23333333333335
220,221.89333333333335,-1.893333333333345,1.893333333333345
2165,2163.0833333333335,1.916666666666515,1.916666666666515
735,738.0,-3.0,3.0
2185,2213.7966666666666,-28.796666666666624,28.796666666666624
0,0.13333333333333333,-0.13333333333333333,0.13333333333333333
390,415.3833333333333,-25.383333333333326,25.383333333333326
467,468.25666666666666,-1.2566666666666606,1.2566666666666606
528,531.6633333333333,-3.6633333333332985,3.6633333333332985
9,0.16666666666666666,8.833333333333334,8.833333333333334
2183,2181.963333333333,1.0366666666668607,1.0366666666668607
283,300.9266666666667,-17.926666666666677,17.926666666666677
361,364.42,-3.420000000000016,3.420000000000016
2188,2172.2466666666664,15.753333333333558,15.753333333333558
562,560.14,1.8600000000000136,1.8600000000000136
303,310.31666666666666,-7.316666666666663,7.316666666666663
68,86.69,-18.689999999999998,18.689999999999998
244,250.65,-6.650000000000006,6.650000000000006
201,198.22,2.780000000000001,2.780000000000001
98,96.54333333333334,1.4566666666666634,1.4566666666666634
1038,1048.0966666666666,-10.096666666666579,10.096666666666579
258,266.64,-8.639999999999986,8.639999999999986
300,305.44,-5.439999999999998,5.439999999999998
233,263.7733333333333,-30.773333333333312,30.773333333333312
950,977.3433333333334,-27.343333333333362,27.343333333333362
245,232.64333333333335,12.356666666666655,12.356666666666655
65,74.95666666666666,-9.956666666666663,9.956666666666663
260,286.68666666666667,-26.686666666666667,26.686666666666667
2080,2071.9733333333334,8.026666666666642,8.026666666666642
372,388.9,-16.899999999999977,16.899999999999977
2189,2177.9766666666665,11.02333333333354,11.02333333333354
690,693.0033333333333,-3.0033333333333303,3.0033333333333303
0,21.94,-21.94,21.94
2138,2144.43,-6.429999999999836,6.429999999999836
690,695.52,-5.519999999999982,5.519999999999982
0,0.12,-0.12,0.12
374,361.91,12.089999999999975,12.089999999999975
1077,1087.2366666666667,-10.236666666666679,10.236666666666679
198,200.18666666666667,-2.1866666666666674,2.1866666666666674
2135,2116.633333333333,18.366666666666788,18.366666666666788
203,192.78,10.219999999999999,10.219999999999999
286,284.68,1.3199999999999932,1.3199999999999932
216,223.56333333333333,-7.563333333333333,7.563333333333333
361,349.82,11.180000000000007,11.180000000000007
559,556.5566666666666,2.443333333333385,2.443333333333385
0,17.94333333333333,-17.94333333333333,17.94333333333333
487,504.71,-17.70999999999998,17.70999999999998
555,552.6833333333333,2.3166666666667197,2.3166666666667197
255,236.98,18.02000000000001,18.02000000000001
194,195.21333333333334,-1.2133333333333383,1.2133333333333383
2079,2096.1966666666667,-17.196666666666715,17.196666666666715
891,895.4066666666666,-4.406666666666638,4.406666666666638
191,198.25333333333333,-7.25333333333333,7.25333333333333
1,0.9333333333333333,0.06666666666666665,0.06666666666666665
199,197.34,1.6599999999999966,1.6599999999999966
169,183.64333333333335,-14.643333333333345,14.643333333333345
2188,2181.1466666666665,6.853333333333467,6.853333333333467
63,37.37,25.630000000000003,25.630000000000003
356,354.93666666666667,1.0633333333333326,1.0633333333333326
0,1.3466666666666667,-1.3466666666666667,1.3466666666666667
991,999.4366666666666,-8.43666666666661,8.43666666666661
625,621.19,3.8099999999999454,3.8099999999999454
636,663.8233333333334,-27.82333333333338,27.82333333333338
0,0.12,-0.12,0.12
2105,2094.3,10.699999999999818,10.699999999999818
1977,1984.68,-7.680000000000064,7.680000000000064
212,229.13666666666666,-17.136666666666656,17.136666666666656
351,365.49666666666667,-14.49666666666667,14.49666666666667
281,277.4033333333333,3.5966666666666924,3.5966666666666924
456,458.00666666666666,-2.0066666666666606,2.0066666666666606
350,335.8,14.199999999999989,14.199999999999989
888,959.19,-71.19000000000005,71.19000000000005
409,425.84,-16.839999999999975,16.839999999999975
201,197.26666666666668,3.73333333333332,3.73333333333332
186,201.37666666666667,-15.376666666666665,15.376666666666665
326,337.0,-11.0,11.0
228,239.8,-11.800000000000011,11.800000000000011
41,47.21666666666667,-6.216666666666669,6.216666666666669
138,151.74,-13.740000000000009,13.740000000000009
326,331.16333333333336,-5.163333333333355,5.163333333333355
268,272.94,-4.939999999999998,4.939999999999998
338,345.3233333333333,-7.3233333333333235,7.3233333333333235
1875,1931.6233333333332,-56.62333333333322,56.62333333333322
156,174.78,-18.78,18.78
600,589.7166666666667,10.283333333333303,10.283333333333303
539,550.24,-11.240000000000009,11.240000000000009
0,0.07333333333333333,-0.07333333333333333,0.07333333333333333
2189,2187.3133333333335,1.686666666666497,1.686666666666497
1,0.56,0.43999999999999995,0.43999999999999995
2055,2091.03,-36.0300000000002,36.0300000000002
2013,2049.0033333333336,-36.00333333333356,36.00333333333356
828,843.74,-15.740000000000009,15.740000000000009
169,167.51333333333332,1.4866666666666788,1.4866666666666788
0,6.78,-6.78,6.78
547,583.6833333333333,-36.68333333333328,36.68333333333328
325,323.01,1.990000000000009,1.990000000000009
104,117.84333333333333,-13.843333333333334,13.843333333333334
0,0.07333333333333333,-0.07333333333333333,0.07333333333333333
135,140.06,-5.060000000000002,5.060000000000002
1,1.99,-0.99,0.99
2189,2187.2466666666664,1.7533333333335577,1.7533333333335577
200,197.96333333333334,2.0366666666666617,2.0366666666666617
179,175.06333333333333,3.9366666666666674,3.9366666666666674
223,214.63,8.370000000000005,8.370000000000005
381,384.07,-3.069999999999993,3.069999999999993
569,565.5333333333333,3.466666666666697,3.466666666666697
525,526.7466666666667,-1.7466666666666697,1.7466666666666697
318,308.66333333333336,9.336666666666645,9.336666666666645
8,0.016666666666666666,7.983333333333333,7.983333333333333
485,525.58,-40.58000000000004,40.58000000000004
792,777.9266666666666,14.07333333333338,14.07333333333338
122,146.4,-24.400000000000006,24.400000000000006
38,31.53,6.469999999999999,6.469999999999999
1844,1841.4233333333334,2.576666666666597,2.576666666666597
261,264.62666666666667,-3.626666666666665,3.626666666666665
1958,1977.2533333333333,-19.25333333333333,19.25333333333333
827,820.57,6.42999999999995,6.42999999999995
327,316.6066666666667,10.393333333333317,10.393333333333317
2020,2031.1366666666668,-11.13666666666677,11.13666666666677
213,210.50666666666666,2.4933333333333394,2.4933333333333394
253,259.61333333333334,-6.613333333333344,6.613333333333344
120,117.8,2.200000000000003,2.200000000000003
553,554.8133333333334,-1.8133333333333894,1.8133333333333894
170,184.06,-14.060000000000002,14.060000000000002
305,329.24333333333334,-24.24333333333334,24.24333333333334
323,304.2966666666667,18.70333333333332,18.70333333333332
520,513.1133333333333,6.886666666666656,6.886666666666656
485,448.2633333333333,36.73666666666668,36.73666666666668
0,0.18,-0.18,0.18
305,313.0,-8.0,8.0
0,8.856666666666667,-8.856666666666667,8.856666666666667
2,21.536666666666665,-19.536666666666665,19.536666666666665
130,89.34666666666666,40.653333333333336,40.653333333333336
110,108.5,1.5,1.5
771,750.8966666666666,20.103333333333353,20.103333333333353
22,25.92,-3.9200000000000017,3.9200000000000017
1815,1814.64,0.35999999999989996,0.35999999999989996
355,372.95666666666665,-17.95666666666665,17.95666666666665
804,786.2133333333334,17.786666666666633,17.786666666666633
1998,2000.1866666666667,-2.1866666666667243,2.1866666666667243
2190,2200.5933333333332,-10.593333333333248,10.593333333333248
197,194.43666666666667,2.5633333333333326,2.5633333333333326
1966,1918.7833333333333,47.2166666666667,47.2166666666667
118,105.31333333333333,12.686666666666667,12.686666666666667
227,207.27333333333334,19.72666666666666,19.72666666666666
246,249.52333333333334,-3.5233333333333405,3.5233333333333405
532,544.6766666666666,-12.67666666666662,12.67666666666662
764,805.9366666666666,-41.93666666666661,41.93666666666661
1941,1972.07,-31.069999999999936,31.069999999999936
195,179.29,15.710000000000008,15.710000000000008
502,511.5466666666667,-9.546666666666681,9.546666666666681
307,308.3666666666667,-1.3666666666666742,1.3666666666666742
352,460.50333333333333,-108.50333333333333,108.50333333333333
297,300.15,-3.1499999999999773,3.1499999999999773
0,9.776666666666667,-9.776666666666667,9.776666666666667
2189,2209.7766666666666,-20.776666666666642,20.776666666666642
178,176.14666666666668,1.8533333333333246,1.8533333333333246
102,140.71,-38.71000000000001,38.71000000000001
1809,1848.8466666666666,-39.84666666666658,39.84666666666658
101,101.43333333333334,-0.4333333333333371,0.4333333333333371
0,2.0933333333333333,-2.0933333333333333,2.0933333333333333
454,493.3,-39.30000000000001,39.30000000000001
18,24.576666666666668,-6.576666666666668,6.576666666666668
767,783.22,-16.220000000000027,16.220000000000027
1982,2000.48,-18.480000000000018,18.480000000000018
0,0.4766666666666667,-0.4766666666666667,0.4766666666666667
295,302.93666666666667,-7.936666666666667,7.936666666666667
25,27.86,-2.8599999999999994,2.8599999999999994
538,528.4466666666667,9.553333333333285,9.553333333333285
2,7.726666666666667,-5.726666666666667,5.726666666666667
729,775.1866666666666,-46.18666666666661,46.18666666666661
192,184.04,7.960000000000008,7.960000000000008
769,790.2533333333333,-21.25333333333333,21.25333333333333
353,482.34,-129.33999999999997,129.33999999999997
249,241.90333333333334,7.096666666666664,7.096666666666664
119,91.56666666666666,27.433333333333337,27.433333333333337
1907,1959.0633333333333,-52.063333333333276,52.063333333333276
0,0.4766666666666667,-0.4766666666666667,0.4766666666666667
423,479.0366666666667,-56.03666666666669,56.03666666666669
3,4.033333333333333,-1.0333333333333332,1.0333333333333332
231,234.54666666666665,-3.5466666666666526,3.5466666666666526
2190,2209.4333333333334,-19.433333333333394,19.433333333333394
287,297.78333333333336,-10.78333333333336,10.78333333333336
1963,1977.2966666666666,-14.296666666666624,14.296666666666624
292,299.27,-7.269999999999982,7.269999999999982
1827,1853.22,-26.220000000000027,26.220000000000027
484,483.2733333333333,0.7266666666666879,0.7266666666666879
196,192.65333333333334,3.346666666666664,3.346666666666664
70,89.64666666666666,-19.64666666666666,19.64666666666666
118,116.86333333333333,1.1366666666666703,1.1366666666666703
292,300.4066666666667,-8.406666666666695,8.406666666666695
2190,2209.83,-19.829999999999927,19.829999999999927
0,0.4766666666666667,-0.4766666666666667,0.4766666666666667
1962,1963.5433333333333,-1.543333333333294,1.543333333333294
249,217.11333333333334,31.886666666666656,31.886666666666656
186,188.88666666666666,-2.886666666666656,2.886666666666656
294,289.46666666666664,4.53333333333336,4.53333333333336
254,245.63666666666666,8.363333333333344,8.363333333333344
121,118.47666666666667,2.5233333333333263,2.5233333333333263
264,237.39333333333335,26.606666666666655,26.606666666666655
2,2.6066666666666665,-0.6066666666666665,0.6066666666666665
1905,1887.9166666666667,17.083333333333258,17.083333333333258
786,748.6966666666667,37.303333333333285,37.303333333333285
34,13.803333333333333,20.196666666666665,20.196666666666665
314,297.4166666666667,16.583333333333314,16.583333333333314
124,123.93333333333334,0.06666666666666288,0.06666666666666288
350,308.69,41.31,41.31
480,471.8933333333333,8.106666666666683,8.106666666666683
532,533.89,-1.8899999999999864,1.8899999999999864
1901,1923.5,-22.5,22.5
32,24.503333333333334,7.496666666666666,7.496666666666666
361,503.71666666666664,-142.71666666666664,142.71666666666664
796,799.8133333333334,-3.8133333333333894,3.8133333333333894
61,78.40333333333334,-17.403333333333336,17.403333333333336
422,409.92333333333335,12.076666666666654,12.076666666666654
157,148.67,8.330000000000013,8.330000000000013
45,44.27,0.7299999999999969,0.7299999999999969
869,891.8566666666667,-22.856666666666683,22.856666666666683
467,435.07666666666665,31.923333333333346,31.923333333333346
387,513.31,-126.30999999999995,126.30999999999995
325,351.78333333333336,-26.78333333333336,26.78333333333336
469,478.70666666666665,-9.70666666666665,9.70666666666665
281,296.23333333333335,-15.233333333333348,15.233333333333348
568,551.45,16.549999999999955,16.549999999999955
2018,2038.37,-20.36999999999989,20.36999999999989
181,184.29,-3.289999999999992,3.289999999999992
262,272.93333333333334,-10.933333333333337,10.933333333333337
410,445.53333333333336,-35.53333333333336,35.53333333333336
25,8.783333333333333,16.21666666666667,16.21666666666667
80,86.54666666666667,-6.546666666666667,6.546666666666667
893,880.88,12.120000000000005,12.120000000000005
60,97.33,-37.33,37.33
288,297.5466666666667,-9.546666666666681,9.546666666666681
141,137.38333333333333,3.6166666666666742,3.6166666666666742
2188,2229.14,-41.13999999999987,41.13999999999987
1969,1975.9,-6.900000000000091,6.900000000000091
1940,1928.0633333333333,11.936666666666724,11.936666666666724
0,0.24666666666666667,-0.24666666666666667,0.24666666666666667
301,308.5966666666667,-7.596666666666692,7.596666666666692
1140,999.5866666666667,140.4133333333333,140.4133333333333
3115,3180.7033333333334,-65.70333333333338,65.70333333333338
295,269.25,25.75,25.75
325,455.49333333333334,-130.49333333333334,130.49333333333334
2952,2293.0533333333333,658.9466666666667,658.9466666666667
456,466.02666666666664,-10.026666666666642,10.026666666666642
599,566.1866666666666,32.81333333333339,32.81333333333339
3966,3100.2,865.8000000000002,865.8000000000002
952,696.4333333333333,255.56666666666672,255.56666666666672
2467,2626.233333333333,-159.23333333333312,159.23333333333312
2497,2534.1,-37.09999999999991,37.09999999999991
574,516.07,57.92999999999995,57.92999999999995
1277,1014.6233333333333,262.37666666666667,262.37666666666667
2304,2586.133333333333,-282.1333333333332,282.1333333333332
420,405.75333333333333,14.24666666666667,14.24666666666667
822,548.9933333333333,273.00666666666666,273.00666666666666
603,645.3066666666666,-42.306666666666615,42.306666666666615
550,491.27,58.73000000000002,58.73000000000002
263,275.28333333333336,-12.28333333333336,12.28333333333336
260,270.39666666666665,-10.396666666666647,10.396666666666647
1065,922.4966666666667,142.50333333333333,142.50333333333333
1615,1544.45,70.54999999999995,70.54999999999995
179,196.17,-17.169999999999987,17.169999999999987
430,372.05,57.94999999999999,57.94999999999999
258,250.36,7.639999999999986,7.639999999999986
551,540.05,10.950000000000045,10.950000000000045
1616,1608.41,7.589999999999918,7.589999999999918
990,950.7233333333334,39.27666666666664,39.27666666666664
2943,2921.0066666666667,21.99333333333334,21.99333333333334
3958,3971.48,-13.480000000000018,13.480000000000018
418,421.56666666666666,-3.566666666666663,3.566666666666663
3110,3131.693333333333,-21.693333333333157,21.693333333333157
1138,1141.53,-3.5299999999999727,3.5299999999999727
602,610.9133333333333,-8.913333333333298,8.913333333333298
327,400.1533333333333,-73.15333333333331,73.15333333333331
2304,2477.9133333333334,-173.9133333333334,173.9133333333334
599,635.9733333333334,-36.97333333333336,36.97333333333336
1279,1336.3166666666666,-57.316666666666606,57.316666666666606
815,816.57,-1.57000000000005,1.57000000000005
290,284.99,5.009999999999991,5.009999999999991
952,949.3,2.7000000000000455,2.7000000000000455
264,257.03333333333336,6.96666666666664,6.96666666666664
575,585.0033333333333,-10.00333333333333,10.00333333333333
2468,2628.0233333333335,-160.02333333333354,160.02333333333354
2496,2490.2533333333336,5.746666666666442,5.746666666666442
181,196.41,-15.409999999999997,15.409999999999997
2485,2484.9366666666665,0.0633333333335031,0.0633333333335031
449,462.7966666666667,-13.796666666666681,13.796666666666681
3909,3877.25,31.75,31.75
1058,1067.5566666666666,-9.556666666666615,9.556666666666615
786,798.1266666666667,-12.126666666666665,12.126666666666665
1603,1592.8533333333332,10.14666666666676,10.14666666666676
329,370.31666666666666,-41.31666666666666,41.31666666666666
983,974.8,8.200000000000045,8.200000000000045
256,257.10333333333335,-1.103333333333353,1.103333333333353
1125,1121.18,3.8199999999999363,3.8199999999999363
253,254.43333333333334,-1.4333333333333371,1.4333333333333371
545,543.7766666666666,1.2233333333333576,1.2233333333333576
1268,1286.2533333333333,-18.25333333333333,18.25333333333333
602,626.4466666666667,-24.446666666666715,24.446666666666715
574,606.2866666666666,-32.28666666666663,32.28666666666663
183,196.92666666666668,-13.926666666666677,13.926666666666677
2304,2449.8866666666668,-145.88666666666677,145.88666666666677
599,601.5333333333333,-2.533333333333303,2.533333333333303
3096,3068.0033333333336,27.996666666666442,27.996666666666442
279,288.07,-9.069999999999993,9.069999999999993
2894,2895.2166666666667,-1.216666666666697,1.216666666666697
2457,2601.7966666666666,-144.79666666666662,144.79666666666662
419,418.2633333333333,0.7366666666666788,0.7366666666666788
939,945.29,-6.289999999999964,6.289999999999964
453,446.10333333333335,6.896666666666647,6.896666666666647
428,424.38,3.6200000000000045,3.6200000000000045
543,538.03,4.970000000000027,4.970000000000027
1247,1241.7566666666667,5.243333333333339,5.243333333333339
2466,2460.6233333333334,5.3766666666665515,5.3766666666665515
2440,2439.2233333333334,0.7766666666666424,0.7766666666666424
2303,2291.71,11.289999999999964,11.289999999999964
1102,1092.1733333333334,9.826666666666597,9.826666666666597
236,223.73333333333332,12.26666666666668,12.26666666666668
2837,2841.5466666666666,-4.546666666666624,4.546666666666624
1573,1571.44,1.5599999999999454,1.5599999999999454
329,316.95,12.050000000000011,12.050000000000011
417,415.37333333333333,1.6266666666666652,1.6266666666666652
592,553.5766666666667,38.42333333333329,38.42333333333329
1030,1048.79,-18.789999999999964,18.789999999999964
255,256.6,-1.6000000000000227,1.6000000000000227
3068,3013.5866666666666,54.41333333333341,54.41333333333341
775,773.8033333333333,1.1966666666667152,1.1966666666667152
273,273.9033333333333,-0.9033333333333076,0.9033333333333076
183,182.97,0.030000000000001137,0.030000000000001137
3848,3684.8333333333335,163.16666666666652,163.16666666666652
918,917.8633333333333,0.13666666666665606,0.13666666666665606
600,598.88,1.1200000000000045,1.1200000000000045
572,588.6233333333333,-16.623333333333335,16.623333333333335
960,979.6,-19.600000000000023,19.600000000000023
1519,1546.15,-27.15000000000009,27.15000000000009
265,261.14666666666665,3.853333333333353,3.853333333333353
3678,3681.9533333333334,-3.9533333333333758,3.9533333333333758
566,586.97,-20.970000000000027,20.970000000000027
2414,2420.0833333333335,-6.083333333333485,6.083333333333485
1186,1217.1833333333334,-31.183333333333394,31.183333333333394
179,184.29,-5.289999999999992,5.289999999999992
998,1017.65,-19.649999999999977,19.649999999999977
451,452.51,-1.509999999999991,1.509999999999991
561,547.8266666666667,13.17333333333329,13.17333333333329
601,594.82,6.17999999999995,6.17999999999995
2671,2735.18,-64.17999999999984,64.17999999999984
186,182.94333333333333,3.056666666666672,3.056666666666672
420,422.75,-2.75,2.75
752,747.02,4.980000000000018,4.980000000000018
2383,2414.36,-31.360000000000127,31.360000000000127
857,893.5266666666666,-36.52666666666664,36.52666666666664
258,257.57,0.4300000000000068,0.4300000000000068
329,315.54333333333335,13.45666666666665,13.45666666666665
1031,1063.93,-32.930000000000064,32.930000000000064
888,924.96,-36.960000000000036,36.960000000000036
521,536.0633333333334,-15.06333333333339,15.06333333333339
2987,2968.88,18.11999999999989,18.11999999999989
415,414.74666666666667,0.2533333333333303,0.2533333333333303
2306,2289.0266666666666,16.973333333333358,16.973333333333358
2318,2492.7266666666665,-174.72666666666646,174.72666666666646
2324,2352.5466666666666,-28.546666666666624,28.546666666666624
501,513.5133333333333,-12.513333333333321,12.513333333333321
542,567.9266666666666,-25.92666666666662,25.92666666666662
451,452.49,-1.490000000000009,1.490000000000009
258,260.02,-2.019999999999982,2.019999999999982
334,312.1766666666667,21.823333333333323,21.823333333333323
1487,1470.9933333333333,16.00666666666666,16.00666666666666
782,797.25,-15.25,15.25
187,185.87666666666667,1.1233333333333348,1.1233333333333348
2891,2896.18,-5.179999999999836,5.179999999999836
240,253.32,-13.319999999999993,13.319999999999993
407,408.66,-1.660000000000025,1.660000000000025
1116,1134.4633333333334,-18.463333333333367,18.463333333333367
698,766.7366666666667,-68.73666666666668,68.73666666666668
3314,3439.3866666666668,-125.38666666666677,125.38666666666677
732,710.6233333333333,21.376666666666665,21.376666666666665
986,974.8166666666667,11.18333333333328,11.18333333333328
120,139.25666666666666,-19.25666666666666,19.25666666666666
404,402.99,1.009999999999991,1.009999999999991
594,595.0733333333334,-1.0733333333333803,1.0733333333333803
492,532.34,-40.34000000000003,40.34000000000003
2311,2283.18,27.820000000000164,27.820000000000164
888,923.24,-35.24000000000001,35.24000000000001
2347,2366.653333333333,-19.653333333333194,19.653333333333194
260,258.75,1.25,1.25
377,444.70666666666665,-67.70666666666665,67.70666666666665
2546,2986.133333333333,-440.1333333333332,440.1333333333332
1410,1429.39,-19.3900000000001,19.3900000000001
187,187.76,-0.7599999999999909,0.7599999999999909
2237,2303.89,-66.88999999999987,66.88999999999987
371,385.88,-14.879999999999995,14.879999999999995
2220,2295.42,-75.42000000000007,75.42000000000007
451,482.79333333333335,-31.79333333333335,31.79333333333335
954,1058.7666666666667,-104.76666666666665,104.76666666666665
337,500.30333333333334,-163.30333333333334,163.30333333333334
2286,2290.09,-4.0900000000001455,4.0900000000001455
959,958.0133333333333,0.9866666666666788,0.9866666666666788
2709,2794.7266666666665,-85.72666666666646,85.72666666666646
647,725.09,-78.09000000000003,78.09000000000003
674,698.8366666666667,-24.8366666666667,24.8366666666667
193,222.2,-29.19999999999999,29.19999999999999
455,450.43333333333334,4.566666666666663,4.566666666666663
1608,2019.0066666666667,-411.00666666666666,411.00666666666666
402,400.22,1.7799999999999727,1.7799999999999727
495,527.7933333333333,-32.793333333333294,32.793333333333294
16,88.01333333333334,-72.01333333333334,72.01333333333334
597,761.1733333333333,-164.1733333333333,164.1733333333333
307,320.23,-13.230000000000018,13.230000000000018
589,582.08,6.919999999999959,6.919999999999959
541,558.93,-17.92999999999995,17.92999999999995
0,11.633333333333333,-11.633333333333333,11.633333333333333
574,579.9566666666667,-5.956666666666706,5.956666666666706
891,928.3166666666667,-37.31666666666672,37.31666666666672
1865,2195.943333333333,-330.94333333333316,330.94333333333316
460,470.18666666666667,-10.186666666666667,10.186666666666667
2237,2241.47,-4.4699999999998,4.4699999999998
278,291.24,-13.240000000000009,13.240000000000009
819,861.98,-42.98000000000002,42.98000000000002
186,187.55333333333334,-1.5533333333333417,1.5533333333333417
411,422.31333333333333,-11.313333333333333,11.313333333333333
294,305.16,-11.160000000000025,11.160000000000025
631,640.93,-9.92999999999995,9.92999999999995
365,473.12333333333333,-108.12333333333333,108.12333333333333
35,146.65333333333334,-111.65333333333334,111.65333333333334
388,392.96666666666664,-4.96666666666664,4.96666666666664
1031,1256.7666666666667,-225.76666666666665,225.76666666666665
1302,1342.4433333333334,-40.443333333333385,40.443333333333385
2526,2663.5866666666666,-137.5866666666666,137.5866666666666
240,260.03,-20.029999999999973,20.029999999999973
456,460.1333333333333,-4.133333333333326,4.133333333333326
2174,2145.23,28.769999999999982,28.769999999999982
316,354.68333333333334,-38.68333333333334,38.68333333333334
2189,2180.7233333333334,8.276666666666642,8.276666666666642
168,168.84333333333333,-0.8433333333333337,0.8433333333333337
1378,1542.8266666666666,-164.8266666666666,164.8266666666666
2135,2120.786666666667,14.21333333333314,14.21333333333314
795,825.8566666666667,-30.856666666666683,30.856666666666683
557,562.8433333333334,-5.843333333333362,5.843333333333362
2304,2439.403333333333,-135.4033333333332,135.4033333333332
644,876.7666666666667,-232.76666666666665,232.76666666666665
203,221.81333333333333,-18.813333333333333,18.813333333333333
83,231.68333333333334,-148.68333333333334,148.68333333333334
719,743.55,-24.549999999999955,24.549999999999955
363,376.99666666666667,-13.99666666666667,13.99666666666667
0,31.026666666666667,-31.026666666666667,31.026666666666667
257,249.74666666666667,7.25333333333333,7.25333333333333
260,293.60333333333335,-33.60333333333335,33.60333333333335
371,382.25666666666666,-11.25666666666666,11.25666666666666
2189,2161.6833333333334,27.316666666666606,27.316666666666606
217,231.53,-14.530000000000001,14.530000000000001
1158,1240.9133333333334,-82.91333333333341,82.91333333333341
459,458.97,0.029999999999972715,0.029999999999972715
564,588.7066666666667,-24.706666666666706,24.706666666666706
462,476.0133333333333,-14.013333333333321,14.013333333333321
415,429.68666666666667,-14.686666666666667,14.686666666666667
125,152.82,-27.819999999999993,27.819999999999993
186,186.18666666666667,-0.18666666666666742,0.18666666666666742
2193,2178.2966666666666,14.703333333333376,14.703333333333376
0,16.81,-16.81,16.81
718,692.56,25.440000000000055,25.440000000000055
497,547.24,-50.24000000000001,50.24000000000001
225,239.33333333333334,-14.333333333333343,14.333333333333343
464,463.02,0.9800000000000182,0.9800000000000182
2115,2110.096666666667,4.903333333333194,4.903333333333194
2137,2157.6366666666668,-20.63666666666677,20.63666666666677
501,533.0466666666666,-32.046666666666624,32.046666666666624
83,101.62,-18.620000000000005,18.620000000000005
0,29.718333333333334,-29.718333333333334,29.718333333333334
0,7.21,-7.21,7.21
2188,2182.1,5.900000000000091,5.900000000000091
198,205.0,-7.0,7.0
1034,1106.9333333333334,-72.9333333333334,72.9333333333334
407,399.24666666666667,7.75333333333333,7.75333333333333
627,649.6833333333333,-22.68333333333328,22.68333333333328
2121,2120.2,0.8000000000001819,0.8000000000001819
190,184.83333333333334,5.166666666666657,5.166666666666657
220,238.86666666666667,-18.866666666666674,18.866666666666674
0,30.03,-30.03,30.03
368,359.4033333333333,8.596666666666692,8.596666666666692
140,152.33666666666667,-12.336666666666673,12.336666666666673
1140,1117.0933333333332,22.90666666666675,22.90666666666675
558,548.8533333333334,9.146666666666647,9.146666666666647
373,377.23333333333335,-4.2333333333333485,4.2333333333333485
316,324.98333333333335,-8.983333333333348,8.983333333333348
466,472.1566666666667,-6.156666666666695,6.156666666666695
195,179.17333333333335,15.826666666666654,15.826666666666654
0,0.4266666666666667,-0.4266666666666667,0.4266666666666667
933,933.7733333333333,-0.7733333333333121,0.7733333333333121
187,202.18666666666667,-15.186666666666667,15.186666666666667
1965,1944.21,20.789999999999964,20.789999999999964
365,357.0466666666667,7.953333333333319,7.953333333333319
83,115.06333333333333,-32.06333333333333,32.06333333333333
0,2.0566666666666666,-2.0566666666666666,2.0566666666666666
367,377.50666666666666,-10.50666666666666,10.50666666666666
461,454.17,6.829999999999984,6.829999999999984
647,654.5833333333334,-7.583333333333371,7.583333333333371
2111,2096.31,14.690000000000055,14.690000000000055
0,0.96,-0.96,0.96
567,573.5733333333334,-6.57333333333338,6.57333333333338
320,349.32666666666665,-29.326666666666654,29.326666666666654
286,286.2966666666667,-0.29666666666668107,0.29666666666668107
556,549.0833333333334,6.916666666666629,6.916666666666629
1043,1033.4866666666667,9.513333333333321,9.513333333333321
2189,2194.0933333333332,-5.0933333333332484,5.0933333333332484
2114,2108.1233333333334,5.8766666666665515,5.8766666666665515
191,190.16333333333333,0.8366666666666731,0.8366666666666731
200,189.32,10.680000000000007,10.680000000000007
53,63.666666666666664,-10.666666666666664,10.666666666666664
463,470.81666666666666,-7.816666666666663,7.816666666666663
40,64.74666666666667,-24.74666666666667,24.74666666666667
1888,1821.31,66.69000000000005,66.69000000000005
0,0.7266666666666667,-0.7266666666666667,0.7266666666666667
178,189.21,-11.210000000000008,11.210000000000008
2084,2103.29,-19.289999999999964,19.289999999999964
2065,2094.1866666666665,-29.186666666666497,29.186666666666497
2190,2193.88,-3.880000000000109,3.880000000000109
619,595.8433333333334,23.156666666666638,23.156666666666638
472,475.15,-3.1499999999999773,3.1499999999999773
545,551.2133333333334,-6.213333333333367,6.213333333333367
0,0.4266666666666667,-0.4266666666666667,0.4266666666666667
886,849.5833333333334,36.41666666666663,36.41666666666663
438,457.6933333333333,-19.693333333333328,19.693333333333328
168,178.97,-10.969999999999999,10.969999999999999
441,436.8466666666667,4.153333333333308,4.153333333333308
39,43.70666666666666,-4.7066666666666634,4.7066666666666634
177,164.96333333333334,12.036666666666662,12.036666666666662
289,285.35333333333335,3.646666666666647,3.646666666666647
267,264.84,2.160000000000025,2.160000000000025
190,191.5,-1.5,1.5
341,409.04333333333335,-68.04333333333335,68.04333333333335
961,981.4633333333334,-20.463333333333367,20.463333333333367
355,350.05333333333334,4.946666666666658,4.946666666666658
509,555.3966666666666,-46.39666666666665,46.39666666666665
0,1.0816666666666668,-1.0816666666666668,1.0816666666666668
479,483.31333333333333,-4.313333333333333,4.313333333333333
150,171.62666666666667,-21.626666666666665,21.626666666666665
839,854.1433333333333,-15.143333333333317,15.143333333333317
847,1144.4866666666667,-297.4866666666667,297.4866666666667
2010,2052.11,-42.11000000000013,42.11000000000013
279,398.56,-119.56,119.56
190,190.52666666666667,-0.5266666666666708,0.5266666666666708
263,255.87333333333333,7.126666666666665,7.126666666666665
576,596.9966666666667,-20.99666666666667,20.99666666666667
413,435.7366666666667,-22.73666666666668,22.73666666666668
2188,2194.766666666667,-6.766666666666879,6.766666666666879
2037,2082.8533333333335,-45.85333333333347,45.85333333333347
420,537.89,-117.88999999999999,117.88999999999999
3,40.45666666666666,-37.45666666666666,37.45666666666666
263,265.1533333333333,-2.1533333333333076,2.1533333333333076
0,1.0816666666666668,-1.0816666666666668,1.0816666666666668
411,551.2333333333333,-140.23333333333335,140.23333333333335
0,0.4266666666666667,-0.4266666666666667,0.4266666666666667
141,152.84666666666666,-11.846666666666664,11.846666666666664
145,168.84,-23.840000000000003,23.840000000000003
1807,1824.91,-17.910000000000082,17.910000000000082
529,528.6566666666666,0.34333333333336213,0.34333333333336213
39,36.99333333333333,2.0066666666666677,2.0066666666666677
339,345.03333333333336,-6.03333333333336,6.03333333333336
0,0.855,-0.855,0.855
277,264.3566666666667,12.643333333333317,12.643333333333317
1773,1803.9966666666667,-30.99666666666667,30.99666666666667
28,39.63333333333333,-11.633333333333333,11.633333333333333
409,569.74,-160.74,160.74
407,396.9266666666667,10.073333333333323,10.073333333333323
315,329.26,-14.259999999999991,14.259999999999991
2189,2216.3866666666668,-27.38666666666677,27.38666666666677
189,190.74666666666667,-1.7466666666666697,1.7466666666666697
253,252.77,0.22999999999998977,0.22999999999998977
149,130.89,18.110000000000014,18.110000000000014
525,560.3233333333334,-35.32333333333338,35.32333333333338
12,16.82,-4.82,4.82
115,124.63333333333334,-9.63333333333334,9.63333333333334
2013,2015.9633333333334,-2.9633333333333667,2.9633333333333667
143,123.98333333333333,19.016666666666666,19.016666666666666
488,489.08666666666664,-1.0866666666666447,1.0866666666666447
1,2.75,-1.75,1.75
504,522.52,-18.519999999999982,18.519999999999982
1983,1984.75,-1.75,1.75
781,812.0633333333334,-31.06333333333339,31.06333333333339
816,868.5966666666667,-52.59666666666669,52.59666666666669
1,2.5766666666666667,-1.5766666666666667,1.5766666666666667
0,1.9666666666666666,-1.9666666666666666,1.9666666666666666
392,405.5133333333333,-13.513333333333321,13.513333333333321
256,267.94666666666666,-11.946666666666658,11.946666666666658
491,496.9066666666667,-5.906666666666695,5.906666666666695
0,1.9666666666666666,-1.9666666666666666,1.9666666666666666
800,750.7933333333333,49.206666666666706,49.206666666666706
30,41.236666666666665,-11.236666666666665,11.236666666666665
252,250.21666666666667,1.7833333333333314,1.7833333333333314
405,412.17333333333335,-7.173333333333346,7.173333333333346
95,112.49,-17.489999999999995,17.489999999999995
191,188.47666666666666,2.5233333333333405,2.5233333333333405
306,299.33666666666664,6.663333333333355,6.663333333333355
1822,1790.4266666666667,31.573333333333267,31.573333333333267
497,475.85,21.149999999999977,21.149999999999977
0,0.7933333333333333,-0.7933333333333333,0.7933333333333333
2,0.69,1.31,1.31
165,138.29333333333332,26.706666666666678,26.706666666666678
406,634.7466666666667,-228.74666666666667,228.74666666666667
148,139.66333333333333,8.336666666666673,8.336666666666673
275,263.60333333333335,11.396666666666647,11.396666666666647
2003,2003.2333333333333,-0.2333333333333485,0.2333333333333485
814,927.14,-113.13999999999999,113.13999999999999
392,396.5366666666667,-4.53666666666669,4.53666666666669
40,27.126666666666665,12.873333333333335,12.873333333333335
297,271.16,25.839999999999975,25.839999999999975
525,511.17,13.829999999999984,13.829999999999984
2188,2214.6666666666665,-26.666666666666515,26.666666666666515
1962,1960.1666666666667,1.8333333333332575,1.8333333333332575
253,258.44666666666666,-5.446666666666658,5.446666666666658
409,434.8933333333333,-25.893333333333317,25.893333333333317
0,4.03,-4.03,4.03
0,8.396666666666667,-8.396666666666667,8.396666666666667
557,538.13,18.870000000000005,18.870000000000005
852,824.3,27.700000000000045,27.700000000000045
1901,1936.3933333333334,-35.39333333333343,35.39333333333343
488,477.24,10.759999999999991,10.759999999999991
2004,2008.7833333333333,-4.783333333333303,4.783333333333303
478,665.2766666666666,-187.27666666666664,187.27666666666664
48,15.335,32.665,32.665
430,427.7366666666667,2.263333333333321,2.263333333333321
1964,1967.13,-3.130000000000109,3.130000000000109
66,77.53333333333333,-11.533333333333331,11.533333333333331
186,190.03666666666666,-4.036666666666662,4.036666666666662
320,335.67333333333335,-15.673333333333346,15.673333333333346
179,177.4,1.5999999999999943,1.5999999999999943
2189,2219.213333333333,-30.21333333333314,30.21333333333314
295,301.57666666666665,-6.576666666666654,6.576666666666654
902,1032.0033333333333,-130.00333333333333,130.00333333333333
47,51.74,-4.740000000000002,4.740000000000002
89,105.29333333333334,-16.293333333333337,16.293333333333337
302,296.78333333333336,5.21666666666664,5.21666666666664
488,501.03,-13.029999999999973,13.029999999999973
156,156.61,-0.6100000000000136,0.6100000000000136
526,469.74,56.25999999999999,56.25999999999999
132,107.52,24.480000000000004,24.480000000000004
2079,2042.4233333333334,36.5766666666666,36.5766666666666
187,183.38666666666666,3.613333333333344,3.613333333333344
2037,1985.5033333333333,51.49666666666667,51.49666666666667
317,291.45666666666665,25.54333333333335,25.54333333333335
1241,1518.2466666666667,-277.24666666666667,277.24666666666667
394,374.30333333333334,19.69666666666666,19.69666666666666
348,319.4066666666667,28.593333333333305,28.593333333333305
165,123.94666666666667,41.05333333333333,41.05333333333333
488,497.2366666666667,-9.236666666666679,9.236666666666679
0,4.03,-4.03,4.03
217,193.06333333333333,23.936666666666667,23.936666666666667
977,936.57,40.42999999999995,40.42999999999995
80,77.71666666666667,2.2833333333333314,2.2833333333333314
629,586.75,42.25,42.25
186,168.10333333333332,17.896666666666675,17.896666666666675
2195,2218.423333333333,-23.423333333333176,23.423333333333176
68,4.1433333333333335,63.85666666666667,63.85666666666667
473,497.33,-24.329999999999984,24.329999999999984
114,106.47666666666667,7.523333333333326,7.523333333333326
292,264.72333333333336,27.276666666666642,27.276666666666642
2050,2016.7,33.299999999999955,33.299999999999955
706,710.39,-4.389999999999986,4.389999999999986
504,485.13666666666666,18.863333333333344,18.863333333333344
395,396.66,-1.660000000000025,1.660000000000025
493,498.50666666666666,-5.506666666666661,5.506666666666661
945,1164.2033333333334,-219.20333333333338,219.20333333333338
435,497.77,-62.76999999999998,62.76999999999998
610,794.99,-184.99,184.99
205,211.27333333333334,-6.2733333333333405,6.2733333333333405
508,521.2,-13.200000000000045,13.200000000000045
115,123.42,-8.420000000000002,8.420000000000002
1090,1121.22,-31.220000000000027,31.220000000000027
1569,1836.9333333333334,-267.9333333333334,267.9333333333334
186,185.86666666666667,0.13333333333332575,0.13333333333332575
244,233.08,10.919999999999987,10.919999999999987
304,326.8,-22.80000000000001,22.80000000000001
0,3.41,-3.41,3.41
695,692.0833333333334,2.9166666666666288,2.9166666666666288
2190,2244.8633333333332,-54.86333333333323,54.86333333333323
186,175.50666666666666,10.49333333333334,10.49333333333334
2056,2084.0666666666666,-28.066666666666606,28.066666666666606
304,346.0933333333333,-42.093333333333305,42.093333333333305
2099,2089.7733333333335,9.22666666666646,9.22666666666646
2269,2334.6266666666666,-65.62666666666655,65.62666666666655
175,161.05666666666667,13.943333333333328,13.943333333333328
322,323.38666666666666,-1.386666666666656,1.386666666666656
490,498.11333333333334,-8.113333333333344,8.113333333333344
133,188.76666666666668,-55.76666666666668,55.76666666666668
425,346.77666666666664,78.22333333333336,78.22333333333336
2845,1953.29,891.71,891.71
507,479.48333333333335,27.51666666666665,27.51666666666665
2584,2531.33,52.67000000000007,52.67000000000007
782,613.7266666666667,168.2733333333333,168.2733333333333
390,381.86,8.139999999999986,8.139999999999986
292,288.39666666666665,3.603333333333353,3.603333333333353
958,759.4333333333333,198.56666666666672,198.56666666666672
961,986.54,-25.539999999999964,25.539999999999964
728,717.5066666666667,10.49333333333334,10.49333333333334
236,244.45666666666668,-8.456666666666678,8.456666666666678
383,450.36,-67.36000000000001,67.36000000000001
1351,1393.59,-42.58999999999992,42.58999999999992
2445,2441.2366666666667,3.763333333333321,3.763333333333321
1203,1182.8133333333333,20.186666666666724,20.186666666666724
327,248.67666666666668,78.32333333333332,78.32333333333332
347,322.35333333333335,24.646666666666647,24.646666666666647
1105,952.1833333333333,152.81666666666672,152.81666666666672
160,164.01666666666668,-4.01666666666668,4.01666666666668
570,394.00666666666666,175.99333333333334,175.99333333333334
4012,3138.6233333333334,873.3766666666666,873.3766666666666
2618,2242.7366666666667,375.2633333333333,375.2633333333333
1403,1213.8633333333332,189.13666666666677,189.13666666666677
2607,2445.27,161.73000000000002,161.73000000000002
417,375.2966666666667,41.70333333333332,41.70333333333332
986,746.3633333333333,239.63666666666666,239.63666666666666
494,505.2966666666667,-11.296666666666681,11.296666666666681
390,419.46666666666664,-29.46666666666664,29.46666666666664
420,380.66333333333336,39.336666666666645,39.336666666666645
2522,2525.43,-3.4299999999998363,3.4299999999998363
941,963.51,-22.50999999999999,22.50999999999999
1184,1283.76,-99.75999999999999,99.75999999999999
404,478.22333333333336,-74.22333333333336,74.22333333333336
314,297.96666666666664,16.03333333333336,16.03333333333336
2785,2783.7466666666664,1.2533333333335577,1.2533333333335577
288,291.57,-3.569999999999993,3.569999999999993
1175,1185.4366666666667,-10.436666666666724,10.436666666666724
697,693.16,3.840000000000032,3.840000000000032
281,276.93,4.069999999999993,4.069999999999993
207,229.25666666666666,-22.25666666666666,22.25666666666666
2528,2555.4933333333333,-27.49333333333334,27.49333333333334
1072,1085.9933333333333,-13.99333333333334,13.99333333333334
132,145.46,-13.460000000000008,13.460000000000008
1313,1369.3633333333332,-56.36333333333323,56.36333333333323
943,930.79,12.210000000000036,12.210000000000036
372,360.6566666666667,11.343333333333305,11.343333333333305
309,297.7033333333333,11.296666666666681,11.296666666666681
865,931.71,-66.71000000000004,66.71000000000004
313,312.16,0.839999999999975,0.839999999999975
566,569.38,-3.3799999999999955,3.3799999999999955
420,459.04,-39.04000000000002,39.04000000000002
2210,2449.4733333333334,-239.47333333333336,239.47333333333336
770,772.3,-2.2999999999999545,2.2999999999999545
319,392.5566666666667,-73.55666666666667,73.55666666666667
3891,3914.13,-23.13000000000011,23.13000000000011
2316,2336.25,-20.25,20.25
415,406.96,8.04000000000002,8.04000000000002
2698,2725.8766666666666,-27.87666666666655,27.87666666666655
230,259.91,-29.910000000000025,29.910000000000025
81,74.87,6.1299999999999955,6.1299999999999955
1213,1223.8766666666668,-10.876666666666779,10.876666666666779
306,346.79,-40.79000000000002,40.79000000000002
297,290.64,6.360000000000014,6.360000000000014
1701,1826.64,-125.6400000000001,125.6400000000001
324,319.0133333333333,4.986666666666679,4.986666666666679
3734,3763.173333333333,-29.173333333333176,29.173333333333176
192,176.45666666666668,15.543333333333322,15.543333333333322
2412,2422.483333333333,-10.483333333333121,10.483333333333121
267,264.66,2.339999999999975,2.339999999999975
755,769.1166666666667,-14.116666666666674,14.116666666666674
554,573.9666666666667,-19.966666666666697,19.966666666666697
218,225.23666666666668,-7.236666666666679,7.236666666666679
1131,1127.3866666666668,3.6133333333332303,3.6133333333332303
1027,1032.3066666666666,-5.306666666666615,5.306666666666615
2453,2479.6466666666665,-26.646666666666533,26.646666666666533
749,757.29,-8.289999999999964,8.289999999999964
217,216.62,0.37999999999999545,0.37999999999999545
889,895.3933333333333,-6.393333333333317,6.393333333333317
922,917.43,4.57000000000005,4.57000000000005
2147,2152.9933333333333,-5.993333333333339,5.993333333333339
653,650.11,2.8899999999999864,2.8899999999999864
298,290.13666666666666,7.863333333333344,7.863333333333344
985,994.8,-9.799999999999955,9.799999999999955
177,190.38666666666666,-13.386666666666656,13.386666666666656
281,281.2033333333333,-0.20333333333331893,0.20333333333331893
1124,1096.6366666666668,27.36333333333323,27.36333333333323
2041,2027.7766666666666,13.223333333333358,13.223333333333358
821,806.3566666666667,14.643333333333317,14.643333333333317
640,630.25,9.75,9.75
2338,2320.693333333333,17.306666666666843,17.306666666666843
173,165.66333333333333,7.336666666666673,7.336666666666673
982,972.76,9.240000000000009,9.240000000000009
2549,2593.29,-44.289999999999964,44.289999999999964
229,213.53666666666666,15.463333333333338,15.463333333333338
212,203.59666666666666,8.403333333333336,8.403333333333336
3517,3519.11,-2.1100000000001273,2.1100000000001273
259,256.26666666666665,2.7333333333333485,2.7333333333333485
170,169.62333333333333,0.37666666666666515,0.37666666666666515
840,863.49,-23.49000000000001,23.49000000000001
651,646.22,4.779999999999973,4.779999999999973
1330,1287.5566666666666,42.443333333333385,42.443333333333385
56,60.75333333333333,-4.75333333333333,4.75333333333333
278,292.7266666666667,-14.726666666666688,14.726666666666688
158,159.25333333333333,-1.2533333333333303,1.2533333333333303
156,137.00666666666666,18.99333333333334,18.99333333333334
1120,1108.0366666666666,11.963333333333367,11.963333333333367
2420,2393.74,26.26000000000022,26.26000000000022
409,409.2633333333333,-0.2633333333333212,0.2633333333333212
139,126.55666666666667,12.443333333333328,12.443333333333328
537,542.4866666666667,-5.486666666666679,5.486666666666679
727,720.4333333333333,6.56666666666672,6.56666666666672
846,831.5666666666667,14.43333333333328,14.43333333333328
637,724.6633333333333,-87.6633333333333,87.6633333333333
734,792.53,-58.52999999999997,58.52999999999997
248,247.33666666666667,0.6633333333333269,0.6633333333333269
622,623.96,-1.9600000000000364,1.9600000000000364
105,124.48333333333333,-19.483333333333334,19.483333333333334
125,141.7,-16.69999999999999,16.69999999999999
1097,1102.67,-5.670000000000073,5.670000000000073
2340,2369.3033333333333,-29.303333333333285,29.303333333333285
502,518.7233333333334,-16.723333333333358,16.723333333333358
2170,2319.2466666666664,-149.24666666666644,149.24666666666644
1887,1911.34,-24.339999999999918,24.339999999999918
657,668.2966666666666,-11.296666666666624,11.296666666666624
129,107.64666666666666,21.35333333333334,21.35333333333334
221,235.76333333333332,-14.763333333333321,14.763333333333321
159,163.7,-4.699999999999989,4.699999999999989
381,396.73,-15.730000000000018,15.730000000000018
91,92.10333333333334,-1.1033333333333388,1.1033333333333388
2229,2266.306666666667,-37.30666666666684,37.30666666666684
977,962.1066666666667,14.893333333333317,14.893333333333317
253,264.73,-11.730000000000018,11.730000000000018
674,694.3533333333334,-20.353333333333353,20.353333333333353
3025,3216.99,-191.98999999999978,191.98999999999978
100,124.86333333333333,-24.86333333333333,24.86333333333333
955,1028.6933333333334,-73.69333333333338,73.69333333333338
34,34.266666666666666,-0.2666666666666657,0.2666666666666657
552,553.36,-1.3600000000000136,1.3600000000000136
859,906.7633333333333,-47.76333333333332,47.76333333333332
100,151.02,-51.02000000000001,51.02000000000001
1817,1828.1633333333334,-11.163333333333412,11.163333333333412
829,807.81,21.190000000000055,21.190000000000055
2554,2692.9466666666667,-138.94666666666672,138.94666666666672
590,591.0233333333333,-1.0233333333333121,1.0233333333333121
1079,1076.1933333333334,2.806666666666615,2.806666666666615
656,667.8633333333333,-11.863333333333344,11.863333333333344
509,498.5966666666667,10.403333333333308,10.403333333333308
67,72.89666666666666,-5.896666666666661,5.896666666666661
54,57.97666666666667,-3.9766666666666666,3.9766666666666666
189,182.58333333333334,6.416666666666657,6.416666666666657
238,237.08666666666667,0.9133333333333269,0.9133333333333269
2165,2136.153333333333,28.846666666666806,28.846666666666806
606,601.7133333333334,4.286666666666633,4.286666666666633
351,368.09,-17.089999999999975,17.089999999999975
648,646.3633333333333,1.636666666666656,1.636666666666656
845,860.8266666666667,-15.82666666666671,15.82666666666671
114,95.64,18.36,18.36
723,776.17,-53.16999999999996,53.16999999999996
81,82.71666666666667,-1.7166666666666686,1.7166666666666686
478,477.2966666666667,0.7033333333333189,0.7033333333333189
1776,1895.2866666666666,-119.28666666666663,119.28666666666663
405,479.8,-74.80000000000001,74.80000000000001
113,103.43666666666667,9.563333333333333,9.563333333333333
23,25.706666666666667,-2.706666666666667,2.706666666666667
2290,2307.8766666666666,-17.87666666666655,17.87666666666655
72,67.93333333333334,4.066666666666663,4.066666666666663
137,116.9,20.099999999999994,20.099999999999994
235,235.70666666666668,-0.7066666666666777,0.7066666666666777
18,16.88,1.120000000000001,1.120000000000001
524,545.3533333333334,-21.353333333333353,21.353333333333353
576,628.4,-52.39999999999998,52.39999999999998
58,57.92,0.0799999999999983,0.0799999999999983
167,276.26,-109.25999999999999,109.25999999999999
754,779.2333333333333,-25.23333333333335,25.23333333333335
21,38.44,-17.439999999999998,17.439999999999998
328,329.54,-1.5400000000000205,1.5400000000000205
126,119.25333333333333,6.74666666666667,6.74666666666667
586,598.87,-12.870000000000005,12.870000000000005
1068,1066.1633333333334,1.8366666666665878,1.8366666666665878
464,470.16333333333336,-6.163333333333355,6.163333333333355
100,100.83333333333333,-0.8333333333333286,0.8333333333333286
29,49.553333333333335,-20.553333333333335,20.553333333333335
2124,2108.7433333333333,15.25666666666666,15.25666666666666
229,224.19666666666666,4.803333333333342,4.803333333333342
216,224.58666666666667,-8.586666666666673,8.586666666666673
168,168.73,-0.7299999999999898,0.7299999999999898
1759,1772.9066666666668,-13.906666666666752,13.906666666666752
435,454.58666666666664,-19.586666666666645,19.586666666666645
703,716.6533333333333,-13.653333333333308,13.653333333333308
624,624.1566666666666,-0.15666666666663787,0.15666666666663787
1367,1487.9066666666668,-120.90666666666675,120.90666666666675
60,65.62333333333333,-5.623333333333335,5.623333333333335
2092,2231.3733333333334,-139.37333333333345,139.37333333333345
2241,2252.3866666666668,-11.38666666666677,11.38666666666677
108,98.86333333333333,9.13666666666667,9.13666666666667
595,593.11,1.8899999999999864,1.8899999999999864
60,48.593333333333334,11.406666666666666,11.406666666666666
1715,1758.94,-43.940000000000055,43.940000000000055
92,98.76,-6.760000000000005,6.760000000000005
0,10.77,-10.77,10.77
627,656.13,-29.129999999999995,29.129999999999995
316,322.7033333333333,-6.703333333333319,6.703333333333319
15,15.683333333333334,-0.6833333333333336,0.6833333333333336
588,603.77,-15.769999999999982,15.769999999999982
202,206.0,-4.0,4.0
2068,2084.82,-16.820000000000164,16.820000000000164
1701,1734.8933333333334,-33.89333333333343,33.89333333333343
133,151.22666666666666,-18.22666666666666,18.22666666666666
18,70.84666666666666,-52.846666666666664,52.846666666666664
114,113.85666666666667,0.14333333333333087,0.14333333333333087
2204,2215.7733333333335,-11.77333333333354,11.77333333333354
214,219.54333333333332,-5.543333333333322,5.543333333333322
475,489.00333333333333,-14.00333333333333,14.00333333333333
99,99.21,-0.20999999999999375,0.20999999999999375
1062,1058.54,3.4600000000000364,3.4600000000000364
446,505.4633333333333,-59.46333333333331,59.46333333333331
420,418.61,1.3899999999999864,1.3899999999999864
48,56.153333333333336,-8.153333333333336,8.153333333333336
661,698.84,-37.84000000000003,37.84000000000003
588,580.8833333333333,7.116666666666674,7.116666666666674
0,17.903333333333332,-17.903333333333332,17.903333333333332
1052,1038.6766666666667,13.323333333333267,13.323333333333267
528,546.32,-18.32000000000005,18.32000000000005
427,442.86333333333334,-15.863333333333344,15.863333333333344
502,497.43666666666667,4.563333333333333,4.563333333333333
581,580.7866666666666,0.21333333333336668,0.21333333333336668
382,403.59,-21.589999999999975,21.589999999999975
546,567.5066666666667,-21.50666666666666,21.50666666666666
420,408.0833333333333,11.916666666666686,11.916666666666686
0,16.176666666666666,-16.176666666666666,16.176666666666666
103,116.37,-13.370000000000005,13.370000000000005
48,43.92333333333333,4.076666666666668,4.076666666666668
2189,2181.81,7.190000000000055,7.190000000000055
1053,1052.8533333333332,0.14666666666676065,0.14666666666676065
89,86.40666666666667,2.5933333333333337,2.5933333333333337
304,315.21,-11.20999999999998,11.20999999999998
3,7.71,-4.71,4.71
206,205.58,0.4199999999999875,0.4199999999999875
576,578.0566666666666,-2.056666666666615,2.056666666666615
884,890.85,-6.850000000000023,6.850000000000023
2021,2042.6733333333334,-21.673333333333403,21.673333333333403
54,55.94,-1.9399999999999977,1.9399999999999977
93,87.69,5.310000000000002,5.310000000000002
96,97.00666666666666,-1.0066666666666606,1.0066666666666606
1669,1672.8733333333332,-3.873333333333221,3.873333333333221
1497,1409.0833333333333,87.91666666666674,87.91666666666674
8,4.46,3.54,3.54
338,359.9633333333333,-21.96333333333331,21.96333333333331
605,613.8233333333334,-8.82333333333338,8.82333333333338
198,194.02666666666667,3.973333333333329,3.973333333333329
0,12.023333333333333,-12.023333333333333,12.023333333333333
430,456.59,-26.589999999999975,26.589999999999975
395,406.04333333333335,-11.04333333333335,11.04333333333335
248,258.8,-10.800000000000011,10.800000000000011
410,417.30333333333334,-7.303333333333342,7.303333333333342
6,15.966666666666667,-9.966666666666667,9.966666666666667
28,47.38666666666666,-19.386666666666663,19.386666666666663
1054,1042.4666666666667,11.533333333333303,11.533333333333303
740,765.0166666666667,-25.01666666666665,25.01666666666665
1658,1666.64,-8.6400000000001,8.6400000000001
552,555.3733333333333,-3.373333333333335,3.373333333333335
493,520.7033333333334,-27.703333333333376,27.703333333333376
183,190.58666666666667,-7.586666666666673,7.586666666666673
85,88.88,-3.8799999999999955,3.8799999999999955
573,570.2033333333334,2.7966666666666242,2.7966666666666242
1291,1334.41,-43.41000000000008,43.41000000000008
367,361.9166666666667,5.083333333333314,5.083333333333314
285,304.5733333333333,-19.573333333333323,19.573333333333323
0,15.41,-15.41,15.41
200,200.85666666666665,-0.8566666666666549,0.8566666666666549
50,55.24333333333333,-5.243333333333332,5.243333333333332
1980,2004.2433333333333,-24.24333333333334,24.24333333333334
477,489.6566666666667,-12.656666666666695,12.656666666666695
543,574.0333333333333,-31.033333333333303,31.033333333333303
18,9.52,8.48,8.48
89,89.53,-0.5300000000000011,0.5300000000000011
0,1.5733333333333333,-1.5733333333333333,1.5733333333333333
2191,2186.6,4.400000000000091,4.400000000000091
66,87.52333333333333,-21.523333333333326,21.523333333333326
91,81.18666666666667,9.813333333333333,9.813333333333333
0,20.236666666666668,-20.236666666666668,20.236666666666668
525,543.43,-18.42999999999995,18.42999999999995
166,177.48666666666668,-11.486666666666679,11.486666666666679
0,1.43,-1.43,1.43
574,567.9766666666667,6.023333333333312,6.023333333333312
1182,1184.9033333333334,-2.9033333333334213,2.9033333333334213
1053,1049.1533333333334,3.8466666666665787,3.8466666666665787
201,194.18666666666667,6.813333333333333,6.813333333333333
46,49.85666666666667,-3.856666666666669,3.856666666666669
518,526.6466666666666,-8.646666666666647,8.646666666666647
194,182.04333333333332,11.956666666666678,11.956666666666678
2188,2187.3333333333335,0.6666666666665151,0.6666666666665151
1970,1960.76,9.240000000000009,9.240000000000009
340,360.72,-20.720000000000027,20.720000000000027
396,406.72,-10.720000000000027,10.720000000000027
462,453.2033333333333,8.796666666666681,8.796666666666681
90,75.67333333333333,14.326666666666668,14.326666666666668
1656,1651.6266666666668,4.373333333333221,4.373333333333221
56,48.3,7.700000000000003,7.700000000000003
32,21.756666666666668,10.243333333333332,10.243333333333332
654,646.7533333333333,7.24666666666667,7.24666666666667
271,282.00333333333333,-11.00333333333333,11.00333333333333
372,383.67333333333335,-11.673333333333346,11.673333333333346
461,467.14,-6.139999999999986,6.139999999999986
87,72.87666666666667,14.123333333333335,14.123333333333335
3,13.933333333333334,-10.933333333333334,10.933333333333334
87,89.0,-2.0,2.0
20,15.72,4.279999999999999,4.279999999999999
1971,1959.1933333333334,11.806666666666615,11.806666666666615
564,580.4833333333333,-16.48333333333335,16.48333333333335
2189,2193.8933333333334,-4.89333333333343,4.89333333333343
87,81.51,5.489999999999995,5.489999999999995
8,16.576666666666668,-8.576666666666668,8.576666666666668
351,343.11,7.889999999999986,7.889999999999986
1650,1652.2033333333334,-2.2033333333333758,2.2033333333333758
463,456.71,6.2900000000000205,6.2900000000000205
1095,1144.9,-49.90000000000009,49.90000000000009
57,49.586666666666666,7.413333333333334,7.413333333333334
92,86.86666666666666,5.13333333333334,5.13333333333334
575,573.6,1.3999999999999773,1.3999999999999773
199,198.39,0.6100000000000136,0.6100000000000136
0,7.741666666666666,-7.741666666666666,7.741666666666666
388,393.0133333333333,-5.013333333333321,5.013333333333321
39,23.356666666666666,15.643333333333334,15.643333333333334
275,268.07666666666665,6.923333333333346,6.923333333333346
395,367.7866666666667,27.21333333333331,27.21333333333331
0,20.073333333333334,-20.073333333333334,20.073333333333334
167,161.19333333333333,5.806666666666672,5.806666666666672
520,518.8366666666667,1.1633333333332985,1.1633333333332985
573,540.6433333333333,32.35666666666668,32.35666666666668
79,82.04,-3.0400000000000063,3.0400000000000063
443,437.24,5.759999999999991,5.759999999999991
121,159.97,-38.97,38.97
1055,1056.2666666666667,-1.2666666666666515,1.2666666666666515
44,28.323333333333334,15.676666666666666,15.676666666666666
47,44.17666666666667,2.8233333333333306,2.8233333333333306
1055,1065.0566666666666,-10.056666666666615,10.056666666666615
139,116.87666666666667,22.123333333333335,22.123333333333335
1142,1080.02,61.98000000000002,61.98000000000002
443,443.21,-0.20999999999997954,0.20999999999997954
396,406.1433333333333,-10.143333333333317,10.143333333333317
286,284.94,1.0600000000000023,1.0600000000000023
393,391.68333333333334,1.3166666666666629,1.3166666666666629
47,57.32666666666667,-10.326666666666668,10.326666666666668
0,21.66,-21.66,21.66
574,583.1966666666667,-9.196666666666715,9.196666666666715
0,11.613333333333333,-11.613333333333333,11.613333333333333
87,90.68333333333334,-3.683333333333337,3.683333333333337
72,70.33,1.6700000000000017,1.6700000000000017
566,617.7833333333333,-51.7833333333333,51.7833333333333
482,478.8566666666667,3.1433333333333167,3.1433333333333167
4,14.623333333333333,-10.623333333333333,10.623333333333333
1662,1661.9266666666667,0.07333333333326664,0.07333333333326664
203,202.99,0.009999999999990905,0.009999999999990905
349,375.74,-26.74000000000001,26.74000000000001
42,57.803333333333335,-15.803333333333335,15.803333333333335
554,542.5,11.5,11.5
45,49.13666666666666,-4.136666666666663,4.136666666666663
169,170.19666666666666,-1.1966666666666583,1.1966666666666583
581,542.7033333333334,38.296666666666624,38.296666666666624
91,97.13666666666667,-6.13666666666667,6.13666666666667
1990,2007.7433333333333,-17.74333333333334,17.74333333333334
2193,2199.8,-6.800000000000182,6.800000000000182
83,99.21666666666667,-16.21666666666667,16.21666666666667
584,588.56,-4.559999999999945,4.559999999999945
456,440.33,15.670000000000016,15.670000000000016
2023,2023.0333333333333,-0.03333333333330302,0.03333333333330302
82,88.71333333333334,-6.713333333333338,6.713333333333338
303,308.0133333333333,-5.013333333333321,5.013333333333321
3,16.94,-13.940000000000001,13.940000000000001
435,412.55,22.44999999999999,22.44999999999999
63,58.0,5.0,5.0
639,628.6066666666667,10.393333333333317,10.393333333333317
92,101.51333333333334,-9.513333333333335,9.513333333333335
89,92.82333333333334,-3.8233333333333377,3.8233333333333377
0,21.66,-21.66,21.66
588,581.64,6.360000000000014,6.360000000000014
1067,1064.0233333333333,2.976666666666688,2.976666666666688
94,94.35,-0.3499999999999943,0.3499999999999943
173,172.86333333333334,0.13666666666665606,0.13666666666665606
698,627.7433333333333,70.25666666666666,70.25666666666666
2197,2205.6566666666668,-8.656666666666752,8.656666666666752
1654,1675.46,-21.460000000000036,21.460000000000036
379,379.96666666666664,-0.9666666666666401,0.9666666666666401
412,398.31,13.689999999999998,13.689999999999998
202,203.73333333333332,-1.73333333333332,1.73333333333332
59,49.24,9.759999999999998,9.759999999999998
199,162.29333333333332,36.70666666666668,36.70666666666668
56,54.79666666666667,1.2033333333333331,1.2033333333333331
1297,1205.45,91.54999999999995,91.54999999999995
43,11.613333333333333,31.386666666666667,31.386666666666667
490,510.62,-20.620000000000005,20.620000000000005
265,291.62,-26.620000000000005,26.620000000000005
600,601.3866666666667,-1.386666666666656,1.386666666666656
4,12.673333333333334,-8.673333333333334,8.673333333333334
642,643.5233333333333,-1.5233333333333121,1.5233333333333121
863,856.4966666666667,6.50333333333333,6.50333333333333
102,95.24,6.760000000000005,6.760000000000005
498,456.56333333333333,41.43666666666667,41.43666666666667
82,77.82,4.180000000000007,4.180000000000007
108,83.13666666666667,24.86333333333333,24.86333333333333
1512,1485.3966666666668,26.60333333333324,26.60333333333324
57,61.06333333333333,-4.063333333333333,4.063333333333333
190,176.42,13.580000000000013,13.580000000000013
203,203.5,-0.5,0.5
1676,1663.5933333333332,12.406666666666752,12.406666666666752
106,102.24333333333334,3.7566666666666606,3.7566666666666606
317,333.43333333333334,-16.433333333333337,16.433333333333337
80,59.35333333333333,20.64666666666667,20.64666666666667
2218,2207.8566666666666,10.14333333333343,10.14333333333343
129,105.99666666666667,23.00333333333333,23.00333333333333
490,478.38,11.620000000000005,11.620000000000005
736,712.3033333333333,23.696666666666715,23.696666666666715
513,515.86,-2.8600000000000136,2.8600000000000136
2072,2050.443333333333,21.556666666666843,21.556666666666843
418,421.1766666666667,-3.1766666666666765,3.1766666666666765
418,410.4266666666667,7.5733333333333235,7.5733333333333235
99,85.94333333333333,13.056666666666672,13.056666666666672
1080,1076.7733333333333,3.226666666666688,3.226666666666688
0,21.66,-21.66,21.66
533,552.7466666666667,-19.74666666666667,19.74666666666667
616,609.3733333333333,6.626666666666665,6.626666666666665
1701,1723.8233333333333,-22.823333333333267,22.823333333333267
1097,1088.5166666666667,8.483333333333348,8.483333333333348
126,123.26333333333334,2.7366666666666646,2.7366666666666646
162,158.34,3.6599999999999966,3.6599999999999966
204,197.84333333333333,6.156666666666666,6.156666666666666
1091,1041.1233333333332,49.87666666666678,49.87666666666678
1792,1719.4166666666667,72.58333333333326,72.58333333333326
14,16.683333333333334,-2.6833333333333336,2.6833333333333336
67,69.98666666666666,-2.9866666666666646,2.9866666666666646
218,166.34666666666666,51.653333333333336,51.653333333333336
2237,2255.6133333333332,-18.61333333333323,18.61333333333323
470,467.26666666666665,2.7333333333333485,2.7333333333333485
0,23.438333333333333,-23.438333333333333,23.438333333333333
129,124.49333333333334,4.506666666666661,4.506666666666661
908,907.6066666666667,0.39333333333331666,0.39333333333331666
695,711.7966666666666,-16.796666666666624,16.796666666666624
135,117.36666666666666,17.63333333333334,17.63333333333334
203,207.86,-4.860000000000014,4.860000000000014
115,119.94,-4.939999999999998,4.939999999999998
446,432.39,13.610000000000014,13.610000000000014
529,520.87,8.129999999999995,8.129999999999995
2123,2134.1433333333334,-11.14333333333343,11.14333333333343
336,341.5966666666667,-5.596666666666692,5.596666666666692
344,416.81666666666666,-72.81666666666666,72.81666666666666
110,107.95,2.049999999999997,2.049999999999997
580,549.9133333333333,30.0866666666667,30.0866666666667
559,565.8066666666666,-6.806666666666615,6.806666666666615
539,507.3666666666667,31.633333333333326,31.633333333333326
97,82.32333333333334,14.676666666666662,14.676666666666662
157,160.97666666666666,-3.9766666666666595,3.9766666666666595
1123,1080.8933333333334,42.10666666666657,42.10666666666657
154,147.88,6.1200000000000045,6.1200000000000045
737,773.3633333333333,-36.363333333333344,36.363333333333344
134,130.89,3.1100000000000136,3.1100000000000136
149,152.08,-3.0800000000000125,3.0800000000000125
171,194.64333333333335,-23.643333333333345,23.643333333333345
207,207.62,-0.6200000000000045,0.6200000000000045
1114,1106.4966666666667,7.50333333333333,7.50333333333333
425,514.7833333333333,-89.7833333333333,89.7833333333333
203,208.06666666666666,-5.066666666666663,5.066666666666663
23,23.56,-0.5599999999999987,0.5599999999999987
184,180.67333333333335,3.326666666666654,3.326666666666654
2149,2179.923333333333,-30.923333333333176,30.923333333333176
462,456.1,5.899999999999977,5.899999999999977
349,356.6066666666667,-7.606666666666683,7.606666666666683
693,655.1933333333334,37.806666666666615,37.806666666666615
2274,2257.633333333333,16.366666666666788,16.366666666666788
2019,2045.82,-26.819999999999936,26.819999999999936
566,572.9766666666667,-6.976666666666688,6.976666666666688
312,320.28,-8.279999999999973,8.279999999999973
1296,1465.37,-169.3699999999999,169.3699999999999
14,23.438333333333333,-9.438333333333333,9.438333333333333
634,626.74,7.259999999999991,7.259999999999991
1749,1741.54,7.460000000000036,7.460000000000036
1137,1136.5466666666666,0.4533333333333758,0.4533333333333758
231,225.27666666666667,5.723333333333329,5.723333333333329
361,366.99,-5.990000000000009,5.990000000000009
657,652.7666666666667,4.2333333333333485,4.2333333333333485
161,146.28333333333333,14.716666666666669,14.716666666666669
813,807.5166666666667,5.4833333333333485,5.4833333333333485
2212,2212.74,-0.7399999999997817,0.7399999999997817
632,606.11,25.889999999999986,25.889999999999986
249,250.63666666666666,-1.636666666666656,1.636666666666656
482,471.4433333333333,10.556666666666672,10.556666666666672
1445,1438.9433333333334,6.056666666666615,6.056666666666615
203,204.82333333333332,-1.8233333333333235,1.8233333333333235
209,207.50666666666666,1.4933333333333394,1.4933333333333394
591,611.0033333333333,-20.00333333333333,20.00333333333333
182,181.02333333333334,0.9766666666666595,0.9766666666666595
42,39.61666666666667,2.383333333333333,2.383333333333333
1824,1836.88,-12.88000000000011,12.88000000000011
37,36.473333333333336,0.5266666666666637,0.5266666666666637
1448,1516.1966666666667,-68.19666666666672,68.19666666666672
2319,2319.9766666666665,-0.9766666666664605,0.9766666666664605
503,567.92,-64.91999999999996,64.91999999999996
214,215.66333333333333,-1.663333333333327,1.663333333333327
151,127.33666666666667,23.663333333333327,23.663333333333327
863,843.1866666666666,19.81333333333339,19.81333333333339
2224,2254.9666666666667,-30.966666666666697,30.966666666666697
206,209.79333333333332,-3.7933333333333223,3.7933333333333223
607,622.7233333333334,-15.723333333333358,15.723333333333358
354,377.76,-23.75999999999999,23.75999999999999
417,432.1566666666667,-15.156666666666695,15.156666666666695
563,535.0566666666666,27.943333333333385,27.943333333333385
344,361.7,-17.69999999999999,17.69999999999999
2543,2557.42,-14.420000000000073,14.420000000000073
390,381.81,8.189999999999998,8.189999999999998
162,151.64666666666668,10.353333333333325,10.353333333333325
946,763.0366666666666,182.96333333333337,182.96333333333337
1155,1290.5633333333333,-135.56333333333328,135.56333333333328
391,372.7633333333333,18.23666666666668,18.23666666666668
2810,2639.1466666666665,170.85333333333347,170.85333333333347
292,239.57,52.43000000000001,52.43000000000001
725,719.43,5.57000000000005,5.57000000000005
1340,1327.8666666666666,12.13333333333344,12.13333333333344
507,524.47,-17.470000000000027,17.470000000000027
478,488.8,-10.800000000000011,10.800000000000011
2406,2496.1466666666665,-90.14666666666653,90.14666666666653
295,248.47,46.53,46.53
3770,3339.0233333333335,430.97666666666646,430.97666666666646
904,934.3333333333334,-30.33333333333337,30.33333333333337
949,963.8133333333334,-14.81333333333339,14.81333333333339
1102,861.8866666666667,240.11333333333334,240.11333333333334
195,224.96333333333334,-29.96333333333334,29.96333333333334
2340,2325.73,14.269999999999982,14.269999999999982
1202,1185.2166666666667,16.783333333333303,16.783333333333303
251,355.19666666666666,-104.19666666666666,104.19666666666666
2581,2672.92,-91.92000000000007,91.92000000000007
762,775.5733333333334,-13.57333333333338,13.57333333333338
316,321.7866666666667,-5.78666666666669,5.78666666666669
3675,3699.4766666666665,-24.47666666666646,24.47666666666646
1158,1161.9066666666668,-3.9066666666667516,3.9066666666667516
265,274.1166666666667,-9.116666666666674,9.116666666666674
752,749.4233333333333,2.5766666666667106,2.5766666666667106
284,284.49666666666667,-0.4966666666666697,0.4966666666666697
557,587.39,-30.389999999999986,30.389999999999986
851,872.8033333333333,-21.803333333333285,21.803333333333285
1174,1153.0366666666666,20.963333333333367,20.963333333333367
449,470.18,-21.180000000000007,21.180000000000007
419,424.43333333333334,-5.433333333333337,5.433333333333337
178,189.55333333333334,-11.553333333333342,11.553333333333342
2498,2469.4166666666665,28.583333333333485,28.583333333333485
881,888.6133333333333,-7.613333333333344,7.613333333333344
307,305.5466666666667,1.453333333333319,1.453333333333319
2757,2755.0433333333335,1.9566666666664787,1.9566666666664787
2334,2374.7833333333333,-40.7833333333333,40.7833333333333
215,409.0933333333333,-194.0933333333333,194.0933333333333
399,388.38666666666666,10.613333333333344,10.613333333333344
2184,2197.616666666667,-13.616666666666788,13.616666666666788
2236,2209.1033333333335,26.896666666666533,26.896666666666533
1076,1080.2,-4.2000000000000455,4.2000000000000455
312,283.5133333333333,28.48666666666668,28.48666666666668
1096,1233.82,-137.81999999999994,137.81999999999994
136,132.74,3.259999999999991,3.259999999999991
263,256.96666666666664,6.03333333333336,6.03333333333336
287,285.9433333333333,1.056666666666672,1.056666666666672
929,923.5033333333333,5.49666666666667,5.49666666666667
692,680.1666666666666,11.833333333333371,11.833333333333371
417,418.75333333333333,-1.7533333333333303,1.7533333333333303
161,197.60666666666665,-36.606666666666655,36.606666666666655
1669,1694.2433333333333,-25.24333333333334,25.24333333333334
825,832.77,-7.769999999999982,7.769999999999982
1032,1033.98,-1.9800000000000182,1.9800000000000182
170,183.61666666666667,-13.616666666666674,13.616666666666674
253,244.82666666666665,8.173333333333346,8.173333333333346
713,752.7666666666667,-39.76666666666665,39.76666666666665
235,227.47,7.530000000000001,7.530000000000001
986,1115.9566666666667,-129.9566666666667,129.9566666666667
2410,2422.8766666666666,-12.876666666666551,12.876666666666551
177,169.44666666666666,7.553333333333342,7.553333333333342
732,724.8533333333334,7.146666666666647,7.146666666666647
215,190.56666666666666,24.433333333333337,24.433333333333337
2670,2651.2433333333333,18.75666666666666,18.75666666666666
271,271.0933333333333,-0.09333333333330529,0.09333333333330529
1122,1114.7,7.2999999999999545,7.2999999999999545
644,642.81,1.1900000000000546,1.1900000000000546
142,143.06666666666666,-1.0666666666666629,1.0666666666666629
2210,2230.82,-20.820000000000164,20.820000000000164
544,553.94,-9.940000000000055,9.940000000000055
948,957.6266666666667,-9.626666666666665,9.626666666666665
76,78.07,-2.069999999999993,2.069999999999993
336,380.75333333333333,-44.75333333333333,44.75333333333333
3514,3520.0633333333335,-6.063333333333503,6.063333333333503
906,894.53,11.470000000000027,11.470000000000027
2036,2035.7866666666666,0.21333333333336668,0.21333333333336668
266,269.82,-3.819999999999993,3.819999999999993
133,124.79333333333334,8.206666666666663,8.206666666666663
625,620.2733333333333,4.726666666666688,4.726666666666688
815,860.67,-45.66999999999996,45.66999999999996
696,696.69,-0.6900000000000546,0.6900000000000546
123,123.12,-0.12000000000000455,0.12000000000000455
184,193.63666666666666,-9.636666666666656,9.636666666666656
1098,1091.7733333333333,6.226666666666688,6.226666666666688
250,256.78333333333336,-6.78333333333336,6.78333333333336
888,869.47,18.529999999999973,18.529999999999973
140,125.13333333333334,14.86666666666666,14.86666666666666
518,532.5366666666666,-14.536666666666633,14.536666666666633
51,55.93666666666667,-4.936666666666667,4.936666666666667
1005,978.22,26.779999999999973,26.779999999999973
765,765.77,-0.7699999999999818,0.7699999999999818
257,255.49333333333334,1.5066666666666606,1.5066666666666606
92,110.13333333333334,-18.13333333333334,18.13333333333334
2516,2511.4933333333333,4.506666666666661,4.506666666666661
401,409.32,-8.319999999999993,8.319999999999993
101,121.36,-20.36,20.36
1289,1244.47,44.52999999999997,44.52999999999997
620,616.3533333333334,3.646666666666647,3.646666666666647
114,110.90333333333334,3.096666666666664,3.096666666666664
1923,1929.05,-6.0499999999999545,6.0499999999999545
185,173.89,11.110000000000014,11.110000000000014
3290,3281.3033333333333,8.696666666666715,8.696666666666715
243,247.38,-4.3799999999999955,4.3799999999999955
805,753.9866666666667,51.01333333333332,51.01333333333332
2130,2111.556666666667,18.443333333333157,18.443333333333157
2356,2346.2033333333334,9.796666666666624,9.796666666666624
122,106.72666666666667,15.273333333333326,15.273333333333326
98,84.23333333333333,13.766666666666666,13.766666666666666
506,550.47,-44.47000000000003,44.47000000000003
231,232.09333333333333,-1.0933333333333337,1.0933333333333337
2055,2035.6833333333334,19.316666666666606,19.316666666666606
952,943.15,8.850000000000023,8.850000000000023
1084,1076.2966666666666,7.703333333333376,7.703333333333376
242,244.25333333333333,-2.2533333333333303,2.2533333333333303
2298,2290.516666666667,7.483333333333121,7.483333333333121
680,711.2366666666667,-31.23666666666668,31.23666666666668
940,903.5766666666667,36.42333333333329,36.42333333333329
93,114.90666666666667,-21.906666666666666,21.906666666666666
81,93.28333333333333,-12.283333333333331,12.283333333333331
657,666.1933333333334,-9.193333333333385,9.193333333333385
383,390.1566666666667,-7.156666666666695,7.156666666666695
640,643.34,-3.340000000000032,3.340000000000032
151,149.54333333333332,1.4566666666666777,1.4566666666666777
68,58.733333333333334,9.266666666666666,9.266666666666666
767,806.51,-39.50999999999999,39.50999999999999
685,687.9233333333333,-2.9233333333332894,2.9233333333332894
2289,2375.08,-86.07999999999993,86.07999999999993
1799,1792.6866666666667,6.313333333333276,6.313333333333276
24,25.6,-1.6000000000000014,1.6000000000000014
82,93.22333333333333,-11.22333333333333,11.22333333333333
486,492.16333333333336,-6.163333333333355,6.163333333333355
2985,2997.3233333333333,-12.323333333333267,12.323333333333267
134,127.60333333333334,6.396666666666661,6.396666666666661
71,84.56666666666666,-13.566666666666663,13.566666666666663
615,602.9933333333333,12.00666666666666,12.00666666666666
1075,1064.31,10.690000000000055,10.690000000000055
818,862.73,-44.73000000000002,44.73000000000002
2142,1998.8733333333332,143.12666666666678,143.12666666666678
96,99.68666666666667,-3.6866666666666674,3.6866666666666674
211,219.99,-8.990000000000009,8.990000000000009
198,60.85666666666667,137.14333333333332,137.14333333333332
1713,1717.03,-4.029999999999973,4.029999999999973
616,626.86,-10.860000000000014,10.860000000000014
48,55.913333333333334,-7.913333333333334,7.913333333333334
444,453.00666666666666,-9.00666666666666,9.00666666666666
228,226.72666666666666,1.2733333333333405,1.2733333333333405
43,51.29,-8.29,8.29
79,67.22333333333333,11.77666666666667,11.77666666666667
84,80.85,3.1500000000000057,3.1500000000000057
606,585.3933333333333,20.606666666666683,20.606666666666683
814,681.62,132.38,132.38
445,446.14,-1.1399999999999864,1.1399999999999864
452,518.9533333333334,-66.95333333333338,66.95333333333338
2646,2692.5433333333335,-46.54333333333352,46.54333333333352
540,555.7766666666666,-15.776666666666642,15.776666666666642
2261,2250.4166666666665,10.583333333333485,10.583333333333485
1875,2016.9066666666668,-141.90666666666675,141.90666666666675
93,83.91666666666667,9.083333333333329,9.083333333333329
62,104.48333333333333,-42.483333333333334,42.483333333333334
39,48.163333333333334,-9.163333333333334,9.163333333333334
5,16.156666666666666,-11.156666666666666,11.156666666666666
605,621.8333333333334,-16.83333333333337,16.83333333333337
362,368.27666666666664,-6.276666666666642,6.276666666666642
689,738.96,-49.960000000000036,49.960000000000036
728,795.32,-67.32000000000005,67.32000000000005
505,608.2833333333333,-103.2833333333333,103.2833333333333
592,589.4833333333333,2.5166666666666515,2.5166666666666515
5,46.00333333333333,-41.00333333333333,41.00333333333333
13,38.78666666666667,-25.78666666666667,25.78666666666667
8,28.79,-20.79,20.79
356,351.8233333333333,4.1766666666666765,4.1766666666666765
390,408.65,-18.649999999999977,18.649999999999977
1646,1662.39,-16.3900000000001,16.3900000000001
550,568.46,-18.460000000000036,18.460000000000036
402,418.27666666666664,-16.276666666666642,16.276666666666642
94,88.48666666666666,5.513333333333335,5.513333333333335
200,212.58333333333334,-12.583333333333343,12.583333333333343
23,32.03666666666667,-9.036666666666669,9.036666666666669
58,62.833333333333336,-4.833333333333336,4.833333333333336
1066,1061.1066666666666,4.89333333333343,4.89333333333343
270,287.77,-17.769999999999982,17.769999999999982
714,728.1733333333333,-14.17333333333329,14.17333333333329
58,46.943333333333335,11.056666666666665,11.056666666666665
159,213.64333333333335,-54.643333333333345,54.643333333333345
2083,2140.4566666666665,-57.45666666666648,57.45666666666648
200,200.01,-0.009999999999990905,0.009999999999990905
569,573.8766666666667,-4.876666666666665,4.876666666666665
1534,1603.1433333333334,-69.14333333333343,69.14333333333343
2249,2403.6033333333335,-154.60333333333347,154.60333333333347
79,81.56,-2.5600000000000023,2.5600000000000023
469,485.45666666666665,-16.45666666666665,16.45666666666665
0,8.796666666666667,-8.796666666666667,8.796666666666667
2222,2236.7033333333334,-14.703333333333376,14.703333333333376
2,6.193333333333333,-4.193333333333333,4.193333333333333
1294,1266.0533333333333,27.946666666666715,27.946666666666715
527,520.1566666666666,6.843333333333362,6.843333333333362
43,46.973333333333336,-3.9733333333333363,3.9733333333333363
440,458.94,-18.939999999999998,18.939999999999998
392,374.58666666666664,17.413333333333355,17.413333333333355
343,351.13,-8.129999999999995,8.129999999999995
66,65.07,0.9300000000000068,0.9300000000000068
100,90.69,9.310000000000002,9.310000000000002
424,426.48333333333335,-2.4833333333333485,2.4833333333333485
583,578.36,4.639999999999986,4.639999999999986
139,151.30333333333334,-12.303333333333342,12.303333333333342
15,14.91,0.08999999999999986,0.08999999999999986
1058,1052.3333333333333,5.6666666666667425,5.6666666666667425
2195,2199.6766666666667,-4.676666666666733,4.676666666666733
0,2.6666666666666665,-2.6666666666666665,2.6666666666666665
133,160.39666666666668,-27.396666666666675,27.396666666666675
1,12.696666666666667,-11.696666666666667,11.696666666666667
628,621.9533333333334,6.046666666666624,6.046666666666624
183,183.20333333333335,-0.20333333333334735,0.20333333333334735
535,541.15,-6.149999999999977,6.149999999999977
668,698.3833333333333,-30.383333333333326,30.383333333333326
197,176.89,20.110000000000014,20.110000000000014
358,361.7733333333333,-3.773333333333312,3.773333333333312
1967,2036.61,-69.6099999999999,69.6099999999999
1612,1637.2866666666666,-25.286666666666633,25.286666666666633
45,41.22666666666667,3.7733333333333334,3.7733333333333334
2045,2069.95,-24.949999999999818,24.949999999999818
0,3.9066666666666667,-3.9066666666666667,3.9066666666666667
608,620.39,-12.389999999999986,12.389999999999986
512,517.6,-5.600000000000023,5.600000000000023
509,503.19,5.810000000000002,5.810000000000002
96,117.72,-21.72,21.72
2,14.906666666666666,-12.906666666666666,12.906666666666666
2196,2174.4533333333334,21.546666666666624,21.546666666666624
4,2.263333333333333,1.7366666666666668,1.7366666666666668
1040,1134.8633333333332,-94.86333333333323,94.86333333333323
1646,1776.06,-130.05999999999995,130.05999999999995
573,570.78,2.2200000000000273,2.2200000000000273
375,394.48333333333335,-19.48333333333335,19.48333333333335
1,2.58,-1.58,1.58
56,62.73,-6.729999999999997,6.729999999999997
512,566.61,-54.610000000000014,54.610000000000014
19,49.0,-30.0,30.0
26,39.96666666666667,-13.966666666666669,13.966666666666669
188,190.61,-2.6100000000000136,2.6100000000000136
1993,2008.0266666666666,-15.026666666666642,15.026666666666642
25,24.34,0.6600000000000001,0.6600000000000001
3,3.9,-0.8999999999999999,0.8999999999999999
175,163.83333333333334,11.166666666666657,11.166666666666657
1052,1051.7033333333334,0.2966666666666242,0.2966666666666242
319,334.62333333333333,-15.623333333333335,15.623333333333335
322,338.9866666666667,-16.98666666666668,16.98666666666668
384,428.59,-44.589999999999975,44.589999999999975
368,375.92333333333335,-7.923333333333346,7.923333333333346
2,0.16,1.84,1.84
102,95.32666666666667,6.673333333333332,6.673333333333332
1591,1588.6866666666667,2.3133333333332757,2.3133333333332757
317,293.91,23.089999999999975,23.089999999999975
178,183.46,-5.460000000000008,5.460000000000008
1049,1046.65,2.349999999999909,2.349999999999909
496,498.1066666666667,-2.1066666666666833,2.1066666666666833
76,85.20333333333333,-9.203333333333333,9.203333333333333
570,569.44,0.5599999999999454,0.5599999999999454
455,450.19666666666666,4.803333333333342,4.803333333333342
1511,1488.62,22.38000000000011,22.38000000000011
404,368.97,35.02999999999997,35.02999999999997
0,2.473333333333333,-2.473333333333333,2.473333333333333
1960,1970.95,-10.950000000000045,10.950000000000045
1,2.84,-1.8399999999999999,1.8399999999999999
547,567.2466666666667,-20.24666666666667,20.24666666666667
160,163.19333333333333,-3.193333333333328,3.193333333333328
307,317.28,-10.279999999999973,10.279999999999973
4,6.733333333333333,-2.7333333333333334,2.7333333333333334
361,360.6566666666667,0.3433333333333053,0.3433333333333053
64,49.16,14.840000000000003,14.840000000000003
103,98.0,5.0,5.0
6,5.056666666666667,0.9433333333333334,0.9433333333333334
2177,2181.9966666666664,-4.996666666666442,4.996666666666442
23,15.94,7.0600000000000005,7.0600000000000005
0,10.19,-10.19,10.19
18,5.16,12.84,12.84
29,12.76,16.240000000000002,16.240000000000002
381,361.2033333333333,19.79666666666668,19.79666666666668
950,905.54,44.460000000000036,44.460000000000036
471,500.82666666666665,-29.826666666666654,29.826666666666654
1568,1587.3333333333333,-19.333333333333258,19.333333333333258
148,154.13,-6.1299999999999955,6.1299999999999955
297,306.2366666666667,-9.236666666666679,9.236666666666679
1570,1562.1366666666668,7.86333333333323,7.86333333333323
1049,1049.3433333333332,-0.34333333333324845,0.34333333333324845
393,432.85,-39.85000000000002,39.85000000000002
181,173.09,7.909999999999997,7.909999999999997
365,374.3433333333333,-9.343333333333305,9.343333333333305
108,101.46666666666667,6.533333333333331,6.533333333333331
25,20.98,4.02,4.02
310,313.9,-3.8999999999999773,3.8999999999999773
1388,1439.69,-51.690000000000055,51.690000000000055
4,8.536666666666667,-4.536666666666667,4.536666666666667
5,7.3533333333333335,-2.3533333333333335,2.3533333333333335
55,67.34333333333333,-12.343333333333334,12.343333333333334
569,569.2233333333334,-0.2233333333333576,0.2233333333333576
0,1.0633333333333332,-1.0633333333333332,1.0633333333333332
463,450.03,12.970000000000027,12.970000000000027
20,21.44333333333333,-1.4433333333333316,1.4433333333333316
471,497.18333333333334,-26.183333333333337,26.183333333333337
2176,2176.2833333333333,-0.283333333333303,0.283333333333303
49,67.61666666666666,-18.61666666666666,18.61666666666666
512,542.95,-30.950000000000045,30.950000000000045
1936,1950.73,-14.730000000000018,14.730000000000018
861,891.8433333333334,-30.843333333333362,30.843333333333362
3,3.8,-0.7999999999999998,0.7999999999999998
350,357.38,-7.3799999999999955,7.3799999999999955
392,406.8666666666667,-14.866666666666674,14.866666666666674
0,1.1016666666666666,-1.1016666666666666,1.1016666666666666
29,29.02,-0.019999999999999574,0.019999999999999574
57,54.413333333333334,2.586666666666666,2.586666666666666
56,0.3233333333333333,55.67666666666667,55.67666666666667
339,361.1933333333333,-22.193333333333328,22.193333333333328
37,29.843333333333334,7.156666666666666,7.156666666666666
1346,1347.7,-1.7000000000000455,1.7000000000000455
844,833.9,10.100000000000023,10.100000000000023
1908,1928.0166666666667,-20.01666666666665,20.01666666666665
7,4.8966666666666665,2.1033333333333335,2.1033333333333335
147,141.60333333333332,5.396666666666675,5.396666666666675
1048,1048.4,-0.40000000000009095,0.40000000000009095
30,22.4,7.600000000000001,7.600000000000001
328,309.3066666666667,18.693333333333328,18.693333333333328
0,1.1566666666666667,-1.1566666666666667,1.1566666666666667
464,460.88,3.1200000000000045,3.1200000000000045
27,42.303333333333335,-15.303333333333335,15.303333333333335
568,568.6866666666666,-0.6866666666666106,0.6866666666666106
449,450.28333333333336,-1.2833333333333599,1.2833333333333599
491,516.7666666666667,-25.76666666666665,25.76666666666665
2179,2175.6666666666665,3.333333333333485,3.333333333333485
9,4.323333333333333,4.676666666666667,4.676666666666667
1577,1566.5333333333333,10.466666666666697,10.466666666666697
367,353.42,13.579999999999984,13.579999999999984
24,23.78,0.21999999999999886,0.21999999999999886
440,413.0933333333333,26.906666666666695,26.906666666666695
299,291.48333333333335,7.5166666666666515,7.5166666666666515
22,12.06,9.94,9.94
385,374.6066666666667,10.393333333333317,10.393333333333317
176,179.32,-3.319999999999993,3.319999999999993
114,104.69,9.310000000000002,9.310000000000002
396,386.23,9.769999999999982,9.769999999999982
2213,2190.51,22.48999999999978,22.48999999999978
1517,1357.3333333333333,159.66666666666674,159.66666666666674
24,33.406666666666666,-9.406666666666666,9.406666666666666
587,574.4966666666667,12.50333333333333,12.50333333333333
432,399.11333333333334,32.886666666666656,32.886666666666656
120,115.03333333333333,4.966666666666669,4.966666666666669
368,317.94,50.06,50.06
929,892.68,36.32000000000005,36.32000000000005
162,147.6,14.400000000000006,14.400000000000006
514,481.1933333333333,32.80666666666667,32.80666666666667
314,309.25333333333333,4.74666666666667,4.74666666666667
511,482.28333333333336,28.71666666666664,28.71666666666664
115,123.43666666666667,-8.436666666666667,8.436666666666667
61,62.44,-1.4399999999999977,1.4399999999999977
591,506.5833333333333,84.41666666666669,84.41666666666669
3,0.59,2.41,2.41
194,176.27666666666667,17.72333333333333,17.72333333333333
371,351.04,19.95999999999998,19.95999999999998
441,447.54,-6.5400000000000205,6.5400000000000205
1620,1597.1466666666668,22.85333333333324,22.85333333333324
15,16.426666666666666,-1.4266666666666659,1.4266666666666659
33,40.10333333333333,-7.103333333333332,7.103333333333332
80,41.45,38.55,38.55
1068,1058.0833333333333,9.916666666666742,9.916666666666742
1999,1920.22,78.77999999999997,78.77999999999997
15,10.153333333333334,4.846666666666666,4.846666666666666
48,48.27,-0.2700000000000031,0.2700000000000031
43,36.76,6.240000000000002,6.240000000000002
484,446.99333333333334,37.00666666666666,37.00666666666666
100,101.07,-1.0699999999999932,1.0699999999999932
598,598.1433333333333,-0.14333333333331666,0.14333333333331666
393,413.21,-20.20999999999998,20.20999999999998
1058,1011.82,46.17999999999995,46.17999999999995
76,73.04666666666667,2.953333333333333,2.953333333333333
40,35.46333333333333,4.536666666666669,4.536666666666669
73,59.07333333333333,13.92666666666667,13.92666666666667
321,329.5133333333333,-8.513333333333321,8.513333333333321
469,456.8433333333333,12.156666666666695,12.156666666666695
202,203.68333333333334,-1.6833333333333371,1.6833333333333371
116,120.47,-4.469999999999999,4.469999999999999
1672,1657.89,14.1099999999999,14.1099999999999
1681,1658.8333333333333,22.166666666666742,22.166666666666742
49,36.74666666666667,12.25333333333333,12.25333333333333
1080,1074.01,5.990000000000009,5.990000000000009
17,17.893333333333334,-0.8933333333333344,0.8933333333333344
66,57.763333333333335,8.236666666666665,8.236666666666665
552,558.9233333333333,-6.923333333333289,6.923333333333289
29,5.853888888888888,23.14611111111111,23.14611111111111
598,572.1933333333334,25.806666666666615,25.806666666666615
166,163.57666666666665,2.423333333333346,2.423333333333346
170,169.33666666666667,0.6633333333333269,0.6633333333333269
408,420.41333333333336,-12.413333333333355,12.413333333333355
418,411.01,6.990000000000009,6.990000000000009
2251,2231.07,19.929999999999836,19.929999999999836
652,694.94,-42.940000000000055,42.940000000000055
16,24.363333333333333,-8.363333333333333,8.363333333333333
2039,2046.36,-7.3599999999999,7.3599999999999
55,60.653333333333336,-5.653333333333336,5.653333333333336
438,419.4633333333333,18.53666666666669,18.53666666666669
1218,1259.43,-41.430000000000064,41.430000000000064
89,94.12333333333333,-5.123333333333335,5.123333333333335
1099,1094.6866666666667,4.313333333333276,4.313333333333276
119,126.41,-7.409999999999997,7.409999999999997
619,615.8833333333333,3.1166666666666742,3.1166666666666742
215,211.13333333333333,3.8666666666666742,3.8666666666666742
539,532.7966666666666,6.203333333333376,6.203333333333376
2282,2276.1366666666668,5.86333333333323,5.86333333333323
2094,2091.1266666666666,2.8733333333334485,2.8733333333334485
754,694.4666666666667,59.5333333333333,59.5333333333333
122,137.13666666666666,-15.136666666666656,15.136666666666656
176,179.66666666666666,-3.666666666666657,3.666666666666657
101,98.68,2.319999999999993,2.319999999999993
514,521.7566666666667,-7.756666666666661,7.756666666666661
62,66.24333333333334,-4.243333333333339,4.243333333333339
467,472.88666666666666,-5.886666666666656,5.886666666666656
1895,1924.31,-29.309999999999945,29.309999999999945
340,339.6066666666667,0.39333333333331666,0.39333333333331666
36,37.03,-1.0300000000000011,1.0300000000000011
27,29.243333333333332,-2.2433333333333323,2.2433333333333323
717,735.5066666666667,-18.50666666666666,18.50666666666666
1719,1723.4933333333333,-4.493333333333339,4.493333333333339
121,104.49,16.510000000000005,16.510000000000005
448,439.1666666666667,8.833333333333314,8.833333333333314
595,611.5733333333334,-16.57333333333338,16.57333333333338
40,40.94,-0.9399999999999977,0.9399999999999977
237,226.91,10.090000000000003,10.090000000000003
163,150.07333333333332,12.926666666666677,12.926666666666677
192,192.66666666666666,-0.6666666666666572,0.6666666666666572
62,56.43666666666667,5.563333333333333,5.563333333333333
221,226.96666666666667,-5.966666666666669,5.966666666666669
499,481.5933333333333,17.406666666666695,17.406666666666695
990,928.9566666666667,61.043333333333294,61.043333333333294
2134,2199.96,-65.96000000000004,65.96000000000004
308,309.93,-1.9300000000000068,1.9300000000000068
516,532.2833333333333,-16.283333333333303,16.283333333333303
1117,1118.8366666666666,-1.8366666666665878,1.8366666666665878
2318,2335.233333333333,-17.23333333333312,17.23333333333312
630,637.83,-7.830000000000041,7.830000000000041
1771,1812.6333333333334,-41.63333333333344,41.63333333333344
58,59.26,-1.259999999999998,1.259999999999998
474,466.74666666666667,7.25333333333333,7.25333333333333
32,45.83,-13.829999999999998,13.829999999999998
94,88.04666666666667,5.953333333333333,5.953333333333333
125,151.05333333333334,-26.05333333333334,26.05333333333334
556,556.8133333333334,-0.8133333333333894,0.8133333333333894
2178,2173.9766666666665,4.0233333333335395,4.0233333333335395
1380,1464.41,-84.41000000000008,84.41000000000008
172,186.07666666666665,-14.076666666666654,14.076666666666654
812,811.4066666666666,0.5933333333333621,0.5933333333333621
85,88.64,-3.6400000000000006,3.6400000000000006
636,641.6666666666666,-5.666666666666629,5.666666666666629
351,357.66333333333336,-6.663333333333355,6.663333333333355
117,131.81666666666666,-14.816666666666663,14.816666666666663
662,644.3366666666667,17.6633333333333,17.6633333333333
182,168.25666666666666,13.74333333333334,13.74333333333334
561,586.5966666666667,-25.596666666666692,25.596666666666692
114,120.71,-6.709999999999994,6.709999999999994
160,171.06666666666666,-11.066666666666663,11.066666666666663
212,231.44333333333333,-19.443333333333328,19.443333333333328
586,598.1366666666667,-12.136666666666656,12.136666666666656
1231,1213.6333333333334,17.36666666666656,17.36666666666656
46,49.78,-3.780000000000001,3.780000000000001
230,234.22,-4.219999999999999,4.219999999999999
125,154.62333333333333,-29.623333333333335,29.623333333333335
361,368.12666666666667,-7.126666666666665,7.126666666666665
664,677.6466666666666,-13.646666666666647,13.646666666666647
68,86.4,-18.400000000000006,18.400000000000006
489,491.6533333333333,-2.6533333333333076,2.6533333333333076
125,129.48,-4.47999999999999,4.47999999999999
2246,2258.8433333333332,-12.843333333333248,12.843333333333248
242,231.77,10.22999999999999,10.22999999999999
1503,1541.68,-38.680000000000064,38.680000000000064
885,894.3666666666667,-9.366666666666674,9.366666666666674
655,658.8666666666667,-3.8666666666666742,3.8666666666666742
1136,1139.43,-3.4300000000000637,3.4300000000000637
366,362.05,3.9499999999999886,3.9499999999999886
221,231.93333333333334,-10.933333333333337,10.933333333333337
2348,2352.8633333333332,-4.86333333333323,4.86333333333323
208,197.67,10.330000000000013,10.330000000000013
556,588.4233333333333,-32.42333333333329,32.42333333333329
2320,2367.9666666666667,-47.9666666666667,47.9666666666667
1833,1884.01,-51.00999999999999,51.00999999999999
91,101.94,-10.939999999999998,10.939999999999998
773,828.7166666666667,-55.7166666666667,55.7166666666667
288,246.74,41.25999999999999,41.25999999999999
1192,1183.7766666666666,8.223333333333358,8.223333333333358
292,244.18,47.81999999999999,47.81999999999999
108,277.91,-169.91000000000003,169.91000000000003
358,371.2866666666667,-13.28666666666669,13.28666666666669
2540,2503.8433333333332,36.15666666666675,36.15666666666675
877,887.3566666666667,-10.356666666666683,10.356666666666683
3923,3581.423333333333,341.5766666666668,341.5766666666668
400,389.86333333333334,10.136666666666656,10.136666666666656
179,202.66833333333332,-23.668333333333322,23.668333333333322
563,539.6333333333333,23.366666666666674,23.366666666666674
482,517.1633333333333,-35.1633333333333,35.1633333333333
333,374.05,-41.05000000000001,41.05000000000001
2825,2574.463333333333,250.53666666666686,250.53666666666686
723,719.8633333333333,3.136666666666656,3.136666666666656
1277,1271.7266666666667,5.273333333333312,5.273333333333312
1269,1267.52,1.4800000000000182,1.4800000000000182
2516,2529.55,-13.550000000000182,13.550000000000182
141,149.02333333333334,-8.02333333333334,8.02333333333334
1117,964.4566666666667,152.5433333333333,152.5433333333333
2276,2275.9933333333333,0.006666666666660603,0.006666666666660603
336,353.2133333333333,-17.21333333333331,17.21333333333331
410,419.49333333333334,-9.49333333333334,9.49333333333334
767,778.67,-11.669999999999959,11.669999999999959
941,784.3066666666666,156.69333333333338,156.69333333333338
2442,2271.2433333333333,170.75666666666666,170.75666666666666
434,473.9533333333333,-39.95333333333332,39.95333333333332
933,884.2133333333334,48.78666666666663,48.78666666666663
293,315.60333333333335,-22.603333333333353,22.603333333333353
280,280.0,0.0,0.0
283,281.3466666666667,1.6533333333333076,1.6533333333333076
1179,1205.42,-26.420000000000073,26.420000000000073
405,424.16333333333336,-19.163333333333355,19.163333333333355
384,491.3566666666667,-107.35666666666668,107.35666666666668
1892,2296.7233333333334,-404.72333333333336,404.72333333333336
111,255.79666666666665,-144.79666666666665,144.79666666666665
234,279.4533333333333,-45.45333333333332,45.45333333333332
303,355.98,-52.98000000000002,52.98000000000002
2411,2458.516666666667,-47.51666666666688,47.51666666666688
350,369.49,-19.49000000000001,19.49000000000001
2102,2152.0666666666666,-50.066666666666606,50.066666666666606
214,237.30333333333334,-23.30333333333334,23.30333333333334
1052,1154.1133333333332,-102.11333333333323,102.11333333333323
1076,1088.4966666666667,-12.49666666666667,12.49666666666667
3779,3821.3166666666666,-42.316666666666606,42.316666666666606
746,756.8533333333334,-10.853333333333353,10.853333333333353
252,275.58,-23.579999999999984,23.579999999999984
659,681.6366666666667,-22.636666666666656,22.636666666666656
922,915.61,6.389999999999986,6.389999999999986
829,844.7033333333334,-15.703333333333376,15.703333333333376
2744,2766.1633333333334,-22.163333333333412,22.163333333333412
89,116.49666666666667,-27.49666666666667,27.49666666666667
222,283.88666666666666,-61.886666666666656,61.886666666666656
800,872.13,-72.13,72.13
2412,2462.266666666667,-50.26666666666688,50.26666666666688
1123,1145.52,-22.519999999999982,22.519999999999982
144,174.58,-30.580000000000013,30.580000000000013
559,593.0833333333334,-34.08333333333337,34.08333333333337
791,767.6433333333333,23.356666666666683,23.356666666666683
1107,1077.15,29.84999999999991,29.84999999999991
118,124.68666666666667,-6.686666666666667,6.686666666666667
323,354.9033333333333,-31.903333333333308,31.903333333333308
920,1025.8566666666666,-105.85666666666657,105.85666666666657
555,563.2566666666667,-8.25666666666666,8.25666666666666
2685,2639.4333333333334,45.566666666666606,45.566666666666606
636,627.7733333333333,8.226666666666688,8.226666666666688
316,300.30333333333334,15.696666666666658,15.696666666666658
172,186.04666666666665,-14.046666666666653,14.046666666666653
732,717.02,14.980000000000018,14.980000000000018
109,117.39333333333333,-8.39333333333333,8.39333333333333
45,69.63666666666667,-24.63666666666667,24.63666666666667
179,165.57333333333332,13.426666666666677,13.426666666666677
2349,2312.403333333333,36.596666666666806,36.596666666666806
1101,1082.9666666666667,18.033333333333303,18.033333333333303
1961,1955.7166666666667,5.283333333333303,5.283333333333303
272,267.86,4.139999999999986,4.139999999999986
1594,1807.6533333333334,-213.65333333333342,213.65333333333342
719,727.9233333333333,-8.92333333333329,8.92333333333329
150,170.33666666666667,-20.336666666666673,20.336666666666673
898,871.2733333333333,26.726666666666688,26.726666666666688
400,399.83,0.17000000000001592,0.17000000000001592
201,180.87,20.129999999999995,20.129999999999995
3674,3618.17,55.82999999999993,55.82999999999993
1055,1038.65,16.34999999999991,16.34999999999991
2363,2368.153333333333,-5.153333333333194,5.153333333333194
273,264.93,8.069999999999993,8.069999999999993
195,229.71666666666667,-34.71666666666667,34.71666666666667
133,120.71,12.290000000000006,12.290000000000006
2526,2541.3233333333333,-15.323333333333267,15.323333333333267
620,637.8933333333333,-17.893333333333317,17.893333333333317
1079,1081.1766666666667,-2.1766666666667334,2.1766666666667334
123,122.95333333333333,0.046666666666666856,0.046666666666666856
79,86.56333333333333,-7.563333333333333,7.563333333333333
535,551.81,-16.809999999999945,16.809999999999945
114,130.57333333333332,-16.573333333333323,16.573333333333323
780,784.7766666666666,-4.776666666666642,4.776666666666642
620,615.9833333333333,4.0166666666666515,4.0166666666666515
276,254.83,21.169999999999987,21.169999999999987
2301,2307.633333333333,-6.633333333333212,6.633333333333212
94,99.92,-5.920000000000002,5.920000000000002
1012,1011.3266666666667,0.6733333333332894,0.6733333333332894
3464,3504.9866666666667,-40.98666666666668,40.98666666666668
160,149.29666666666665,10.703333333333347,10.703333333333347
809,847.6333333333333,-38.633333333333326,38.633333333333326
741,724.94,16.059999999999945,16.059999999999945
29,23.68,5.32,5.32
1845,1829.14,15.8599999999999,15.8599999999999
1247,1248.7866666666666,-1.7866666666666333,1.7866666666666333
108,123.83,-15.829999999999998,15.829999999999998
220,255.24333333333334,-35.24333333333334,35.24333333333334
1017,977.6666666666666,39.33333333333337,39.33333333333337
2281,2246.9566666666665,34.04333333333352,34.04333333333352
258,256.4166666666667,1.5833333333333144,1.5833333333333144
394,392.26666666666665,1.7333333333333485,1.7333333333333485
268,258.13666666666666,9.863333333333344,9.863333333333344
705,702.3233333333334,2.6766666666666197,2.6766666666666197
2200,2290.516666666667,-90.51666666666688,90.51666666666688
101,150.41666666666666,-49.41666666666666,49.41666666666666
60,78.59,-18.590000000000003,18.590000000000003
497,511.4533333333333,-14.453333333333319,14.453333333333319
602,688.5733333333334,-86.57333333333338,86.57333333333338
498,565.4033333333333,-67.40333333333331,67.40333333333331
861,910.6233333333333,-49.623333333333335,49.623333333333335
62,61.05,0.9500000000000028,0.9500000000000028
100,96.46666666666667,3.5333333333333314,3.5333333333333314
668,669.0566666666666,-1.0566666666666151,1.0566666666666151
380,383.42,-3.420000000000016,3.420000000000016
242,245.76,-3.759999999999991,3.759999999999991
104,130.94333333333333,-26.943333333333328,26.943333333333328
618,688.6466666666666,-70.64666666666665,70.64666666666665
65,72.9,-7.900000000000006,7.900000000000006
856,1033.93,-177.93000000000006,177.93000000000006
3,20.94333333333333,-17.94333333333333,17.94333333333333
1713,1750.4233333333334,-37.4233333333334,37.4233333333334
2226,2253.1466666666665,-27.146666666666533,27.146666666666533
653,689.0,-36.0,36.0
25,59.303333333333335,-34.303333333333335,34.303333333333335
2172,2204.6566666666668,-32.65666666666675,32.65666666666675
93,96.71333333333334,-3.7133333333333383,3.7133333333333383
914,929.0766666666667,-15.07666666666671,15.07666666666671
3036,3158.41,-122.40999999999985,122.40999999999985
1058,1066.11,-8.1099999999999,8.1099999999999
600,599.6566666666666,0.34333333333336213,0.34333333333336213
248,255.08,-7.0800000000000125,7.0800000000000125
208,236.66,-28.659999999999997,28.659999999999997
41,52.47666666666667,-11.476666666666667,11.476666666666667
0,8.4,-8.4,8.4
2180,2194.6766666666667,-14.676666666666733,14.676666666666733
595,599.45,-4.4500000000000455,4.4500000000000455
583,585.3166666666667,-2.3166666666667197,2.3166666666667197
502,521.26,-19.25999999999999,19.25999999999999
430,446.6533333333333,-16.653333333333308,16.653333333333308
76,70.79,5.209999999999994,5.209999999999994
161,166.29,-5.289999999999992,5.289999999999992
640,644.6166666666667,-4.616666666666674,4.616666666666674
756,774.4466666666667,-18.446666666666715,18.446666666666715
474,471.0,3.0,3.0
790,830.2166666666667,-40.2166666666667,40.2166666666667
2645,2736.89,-91.88999999999987,91.88999999999987
72,74.19666666666667,-2.1966666666666725,2.1966666666666725
361,370.6666666666667,-9.666666666666686,9.666666666666686
223,226.22,-3.219999999999999,3.219999999999999
456,476.3566666666667,-20.356666666666683,20.356666666666683
46,37.836666666666666,8.163333333333334,8.163333333333334
1042,1048.1266666666668,-6.126666666666779,6.126666666666779
99,85.86333333333333,13.13666666666667,13.13666666666667
2096,2088.31,7.690000000000055,7.690000000000055
11,6.666666666666667,4.333333333333333,4.333333333333333
1655,1658.9066666666668,-3.9066666666667516,3.9066666666667516
35,45.89666666666667,-10.896666666666668,10.896666666666668
31,40.74333333333333,-9.743333333333332,9.743333333333332
237,230.04666666666665,6.953333333333347,6.953333333333347
1886,1914.6933333333334,-28.693333333333385,28.693333333333385
650,676.1966666666667,-26.196666666666715,26.196666666666715
2014,2030.7366666666667,-16.73666666666668,16.73666666666668
2165,2158.98,6.019999999999982,6.019999999999982
365,390.2366666666667,-25.23666666666668,25.23666666666668
1,22.36,-21.36,21.36
60,57.50666666666667,2.4933333333333323,2.4933333333333323
46,19.503333333333334,26.496666666666666,26.496666666666666
100,129.49,-29.49000000000001,29.49000000000001
425,458.9,-33.89999999999998,33.89999999999998
659,696.46,-37.460000000000036,37.460000000000036
524,548.3366666666667,-24.3366666666667,24.3366666666667
538,686.2233333333334,-148.22333333333336,148.22333333333336
87,91.31333333333333,-4.313333333333333,4.313333333333333
72,59.973333333333336,12.026666666666664,12.026666666666664
559,562.43,-3.42999999999995,3.42999999999995
337,350.50666666666666,-13.50666666666666,13.50666666666666
1296,1606.6933333333334,-310.6933333333334,310.6933333333334
582,614.0133333333333,-32.01333333333332,32.01333333333332
47,33.7,13.299999999999997,13.299999999999997
22,18.783333333333335,3.216666666666665,3.216666666666665
428,441.72333333333336,-13.723333333333358,13.723333333333358
0,1.63,-1.63,1.63
203,213.15333333333334,-10.153333333333336,10.153333333333336
563,569.9,-6.899999999999977,6.899999999999977
1031,1031.2333333333333,-0.2333333333333485,0.2333333333333485
176,323.29,-147.29000000000002,147.29000000000002
5,19.956666666666667,-14.956666666666667,14.956666666666667
1644,1625.5666666666666,18.433333333333394,18.433333333333394
228,222.23,5.77000000000001,5.77000000000001
1961,2313.6566666666668,-352.65666666666675,352.65666666666675
2160,2162.6833333333334,-2.683333333333394,2.683333333333394
629,595.07,33.92999999999995,33.92999999999995
540,537.28,2.7200000000000273,2.7200000000000273
519,502.2966666666667,16.70333333333332,16.70333333333332
218,219.82,-1.8199999999999932,1.8199999999999932
407,402.6766666666667,4.3233333333333235,4.3233333333333235
108,67.17333333333333,40.82666666666667,40.82666666666667
189,193.25333333333333,-4.25333333333333,4.25333333333333
89,78.74,10.260000000000005,10.260000000000005
32,11.643333333333333,20.35666666666667,20.35666666666667
73,43.876666666666665,29.123333333333335,29.123333333333335
1154,950.4633333333334,203.53666666666663,203.53666666666663
80,82.41333333333333,-2.413333333333327,2.413333333333327
0,0.1,-0.1,0.1
29,20.273333333333333,8.726666666666667,8.726666666666667
563,556.0733333333334,6.92666666666662,6.92666666666662
405,382.8333333333333,22.166666666666686,22.166666666666686
558,553.82,4.17999999999995,4.17999999999995
345,322.26666666666665,22.73333333333335,22.73333333333335
332,331.5466666666667,0.45333333333331893,0.45333333333331893
1656,1636.62,19.38000000000011,19.38000000000011
41,42.9,-1.8999999999999986,1.8999999999999986
1992,1970.7433333333333,21.25666666666666,21.25666666666666
60,54.96,5.039999999999999,5.039999999999999
483,448.1433333333333,34.85666666666668,34.85666666666668
1030,1030.2166666666667,-0.21666666666669698,0.21666666666669698
64,70.36666666666666,-6.36666666666666,6.36666666666666
21,10.92,10.08,10.08
1793,1695.8166666666666,97.1833333333334,97.1833333333334
1658,1634.8533333333332,23.14666666666676,23.14666666666676
30,19.376666666666665,10.623333333333335,10.623333333333335
552,545.3033333333333,6.696666666666715,6.696666666666715
181,176.08,4.9199999999999875,4.9199999999999875
68,69.315,-1.3149999999999977,1.3149999999999977
1631,1565.34,65.66000000000008,65.66000000000008
400,387.75333333333333,12.24666666666667,12.24666666666667
1040,986.89,53.110000000000014,53.110000000000014
1965,1962.2266666666667,2.773333333333312,2.773333333333312
18,24.673333333333332,-6.673333333333332,6.673333333333332
223,207.85,15.150000000000006,15.150000000000006
49,41.623333333333335,7.376666666666665,7.376666666666665
1035,1028.39,6.6099999999999,6.6099999999999
81,73.97666666666667,7.023333333333326,7.023333333333326
38,38.66,-0.6599999999999966,0.6599999999999966
0,0.13,-0.13,0.13
14,22.03,-8.030000000000001,8.030000000000001
66,58.193333333333335,7.806666666666665,7.806666666666665
65,62.763333333333335,2.2366666666666646,2.2366666666666646
532,522.07,9.92999999999995,9.92999999999995
317,328.46666666666664,-11.46666666666664,11.46666666666664
2168,2162.0733333333333,5.926666666666733,5.926666666666733
405,395.4033333333333,9.596666666666692,9.596666666666692
502,511.13,-9.129999999999995,9.129999999999995
339,332.1666666666667,6.833333333333314,6.833333333333314
439,412.4866666666667,26.51333333333332,26.51333333333332
557,549.14,7.860000000000014,7.860000000000014
583,597.0366666666666,-14.036666666666633,14.036666666666633
51,74.49,-23.489999999999995,23.489999999999995
170,173.9,-3.9000000000000057,3.9000000000000057
1932,1947.4,-15.400000000000091,15.400000000000091
28,32.28,-4.280000000000001,4.280000000000001
550,551.19,-1.1900000000000546,1.1900000000000546
72,69.84,2.1599999999999966,2.1599999999999966
1494,1542.8266666666666,-48.8266666666666,48.8266666666666
537,565.38,-28.379999999999995,28.379999999999995
22,42.38333333333333,-20.383333333333333,20.383333333333333
0,0.06833333333333333,-0.06833333333333333,0.06833333333333333
1037,1035.3866666666668,1.6133333333332303,1.6133333333332303
307,316.6666666666667,-9.666666666666686,9.666666666666686
59,69.27,-10.269999999999996,10.269999999999996
417,414.00333333333333,2.9966666666666697,2.9966666666666697
36,39.17,-3.1700000000000017,3.1700000000000017
947,954.8833333333333,-7.883333333333326,7.883333333333326
81,79.59666666666666,1.403333333333336,1.403333333333336
515,531.05,-16.049999999999955,16.049999999999955
505,503.77666666666664,1.2233333333333576,1.2233333333333576
377,392.56,-15.560000000000002,15.560000000000002
20,24.883333333333333,-4.883333333333333,4.883333333333333
1647,1649.6133333333332,-2.6133333333332303,2.6133333333332303
392,424.76666666666665,-32.76666666666665,32.76666666666665
9,21.033333333333335,-12.033333333333335,12.033333333333335
64,72.94,-8.939999999999998,8.939999999999998
2167,2171.6433333333334,-4.64333333333343,4.64333333333343
5,40.403333333333336,-35.403333333333336,35.403333333333336
218,218.51,-0.5099999999999909,0.5099999999999909
345,340.57666666666665,4.423333333333346,4.423333333333346
558,556.3333333333334,1.6666666666666288,1.6666666666666288
1644,1650.09,-6.089999999999918,6.089999999999918
39,31.793333333333333,7.206666666666667,7.206666666666667
81,81.72333333333333,-0.7233333333333292,0.7233333333333292
14,4.65,9.35,9.35
169,170.81666666666666,-1.8166666666666629,1.8166666666666629
6,50.57333333333333,-44.57333333333333,44.57333333333333
65,71.26333333333334,-6.263333333333335,6.263333333333335
522,503.1666666666667,18.833333333333314,18.833333333333314
74,79.19333333333333,-5.193333333333328,5.193333333333328
306,308.4766666666667,-2.476666666666688,2.476666666666688
1912,1909.34,2.660000000000082,2.660000000000082
908,915.51,-7.509999999999991,7.509999999999991
1039,1039.35,-0.34999999999990905,0.34999999999990905
0,0.06833333333333333,-0.06833333333333333,0.06833333333333333
548,549.9033333333333,-1.9033333333333076,1.9033333333333076
346,379.75,-33.75,33.75
559,558.0133333333333,0.9866666666666788,0.9866666666666788
212,212.66333333333333,-0.6633333333333269,0.6633333333333269
26,26.78,-0.7800000000000011,0.7800000000000011
516,517.8333333333334,-1.8333333333333712,1.8333333333333712
424,424.04,-0.040000000000020464,0.040000000000020464
350,356.85333333333335,-6.853333333333353,6.853333333333353
19,27.123333333333335,-8.123333333333335,8.123333333333335
510,510.75666666666666,-0.7566666666666606,0.7566666666666606
371,366.06333333333333,4.936666666666667,4.936666666666667
2171,2171.6466666666665,-0.6466666666665333,0.6466666666665333
24,15.556666666666667,8.443333333333333,8.443333333333333
1432,1421.7733333333333,10.226666666666688,10.226666666666688
55,56.10666666666667,-1.1066666666666691,1.1066666666666691
79,91.47666666666667,-12.476666666666674,12.476666666666674
379,374.83666666666664,4.163333333333355,4.163333333333355
60,54.88666666666666,5.113333333333337,5.113333333333337
477,519.6466666666666,-42.64666666666665,42.64666666666665
309,315.58666666666664,-6.586666666666645,6.586666666666645
0,0.095,-0.095,0.095
48,46.92333333333333,1.076666666666668,1.076666666666668
345,374.9533333333333,-29.95333333333332,29.95333333333332
429,441.4266666666667,-12.426666666666677,12.426666666666677
35,27.563333333333333,7.436666666666667,7.436666666666667
551,552.9733333333334,-1.9733333333333576,1.9733333333333576
1599,1664.4433333333334,-65.44333333333338,65.44333333333338
1887,1915.4866666666667,-28.48666666666668,28.48666666666668
36,49.05,-13.049999999999997,13.049999999999997
1046,1046.6233333333332,-0.6233333333332212,0.6233333333332212
56,71.95333333333333,-15.953333333333333,15.953333333333333
334,338.2366666666667,-4.236666666666679,4.236666666666679
1381,1448.5666666666666,-67.5666666666666,67.5666666666666
887,919.8533333333334,-32.85333333333335,32.85333333333335
179,169.37333333333333,9.626666666666665,9.626666666666665
505,556.75,-51.75,51.75
479,530.7366666666667,-51.73666666666668,51.73666666666668
84,79.70666666666666,4.2933333333333366,4.2933333333333366
20,34.92666666666667,-14.92666666666667,14.92666666666667
183,209.50333333333333,-26.50333333333333,26.50333333333333
567,565.35,1.6499999999999773,1.6499999999999773
2,13.626666666666667,-11.626666666666667,11.626666666666667
2172,2183.3033333333333,-11.303333333333285,11.303333333333285
27,34.17333333333333,-7.173333333333332,7.173333333333332
93,90.24666666666667,2.7533333333333303,2.7533333333333303
182,177.72333333333333,4.276666666666671,4.276666666666671
94,84.30333333333333,9.696666666666673,9.696666666666673
48,40.54333333333334,7.4566666666666634,7.4566666666666634
447,451.47333333333336,-4.473333333333358,4.473333333333358
1622,1622.56,-0.5599999999999454,0.5599999999999454
953,949.1366666666667,3.863333333333344,3.863333333333344
607,588.2433333333333,18.75666666666666,18.75666666666666
1051,1055.1933333333334,-4.193333333333385,4.193333333333385
1896,1901.5933333333332,-5.5933333333332484,5.5933333333332484
41,44.946666666666665,-3.9466666666666654,3.9466666666666654
570,576.8733333333333,-6.873333333333335,6.873333333333335
503,475.53333333333336,27.46666666666664,27.46666666666664
44,38.413333333333334,5.586666666666666,5.586666666666666
9,8.918888888888889,0.08111111111111136,0.08111111111111136
515,507.49333333333334,7.506666666666661,7.506666666666661
344,337.39666666666665,6.603333333333353,6.603333333333353
494,467.87,26.129999999999995,26.129999999999995
2185,2187.116666666667,-2.116666666666788,2.116666666666788
180,180.68,-0.6800000000000068,0.6800000000000068
354,365.54,-11.54000000000002,11.54000000000002
82,89.80666666666667,-7.806666666666672,7.806666666666672
33,27.036666666666665,5.963333333333335,5.963333333333335
68,66.40333333333334,1.596666666666664,1.596666666666664
0,0.095,-0.095,0.095
321,322.25333333333333,-1.2533333333333303,1.2533333333333303
404,391.13666666666666,12.863333333333344,12.863333333333344
1463,1398.7533333333333,64.24666666666667,64.24666666666667
74,56.99,17.009999999999998,17.009999999999998
54,54.54666666666667,-0.5466666666666669,0.5466666666666669
158,145.07333333333332,12.926666666666677,12.926666666666677
382,369.62,12.379999999999995,12.379999999999995
1065,1064.41,0.5899999999999181,0.5899999999999181
88,85.6,2.4000000000000057,2.4000000000000057
0,0.095,-0.095,0.095
585,580.7966666666666,4.203333333333376,4.203333333333376
480,485.57666666666665,-5.576666666666654,5.576666666666654
43,34.8,8.200000000000003,8.200000000000003
1617,1596.9633333333334,20.036666666666633,20.036666666666633
2198,2200.23,-2.230000000000018,2.230000000000018
45,49.09,-4.090000000000003,4.090000000000003
331,338.56333333333333,-7.563333333333333,7.563333333333333
708,665.6166666666667,42.383333333333326,42.383333333333326
529,519.89,9.110000000000014,9.110000000000014
1937,1921.0533333333333,15.946666666666715,15.946666666666715
35,15.086666666666666,19.913333333333334,19.913333333333334
80,90.48,-10.480000000000004,10.480000000000004
94,104.29666666666667,-10.296666666666667,10.296666666666667
190,184.49333333333334,5.506666666666661,5.506666666666661
76,72.58,3.4200000000000017,3.4200000000000017
506,511.9633333333333,-5.96333333333331,5.96333333333331
386,374.9433333333333,11.056666666666672,11.056666666666672
416,424.0,-8.0,8.0
1069,1028.8133333333333,40.186666666666724,40.186666666666724
541,566.1166666666667,-25.116666666666674,25.116666666666674
96,63.38,32.62,32.62
182,177.31333333333333,4.686666666666667,4.686666666666667
1640,1641.0966666666666,-1.0966666666665787,1.0966666666665787
93,94.71,-1.7099999999999937,1.7099999999999937
435,430.24333333333334,4.756666666666661,4.756666666666661
188,195.08333333333334,-7.083333333333343,7.083333333333343
541,543.19,-2.1900000000000546,2.1900000000000546
117,123.57666666666667,-6.576666666666668,6.576666666666668
106,106.87,-0.8700000000000045,0.8700000000000045
82,69.89666666666666,12.103333333333339,12.103333333333339
84,100.97,-16.97,16.97
50,58.083333333333336,-8.083333333333336,8.083333333333336
261,226.1,34.900000000000006,34.900000000000006
432,417.0733333333333,14.926666666666677,14.926666666666677
542,556.1033333333334,-14.103333333333353,14.103333333333353
1995,1985.2966666666666,9.703333333333376,9.703333333333376
1841,1794.1266666666668,46.87333333333322,46.87333333333322
849,837.37,11.629999999999995,11.629999999999995
0,3.6016666666666666,-3.6016666666666666,3.6016666666666666
57,59.156666666666666,-2.1566666666666663,2.1566666666666663
345,349.64,-4.639999999999986,4.639999999999986
122,146.31666666666666,-24.316666666666663,24.316666666666663
1239,1240.4166666666667,-1.4166666666667425,1.4166666666667425
1677,1694.25,-17.25,17.25
549,544.6666666666666,4.333333333333371,4.333333333333371
436,430.45666666666665,5.543333333333351,5.543333333333351
1081,1075.2833333333333,5.716666666666697,5.716666666666697
56,64.21333333333334,-8.213333333333338,8.213333333333338
200,188.85,11.150000000000006,11.150000000000006
601,595.8066666666666,5.193333333333385,5.193333333333385
598,613.4,-15.399999999999977,15.399999999999977
2219,2224.88,-5.880000000000109,5.880000000000109
190,191.82666666666665,-1.8266666666666538,1.8266666666666538
2249,2256.1766666666667,-7.176666666666733,7.176666666666733
1002,1021.39,-19.389999999999986,19.389999999999986
1983,2078.1466666666665,-95.14666666666653,95.14666666666653
635,675.5933333333334,-40.59333333333336,40.59333333333336
556,573.15,-17.149999999999977,17.149999999999977
603,639.0566666666666,-36.056666666666615,36.056666666666615
151,143.13666666666666,7.863333333333344,7.863333333333344
178,163.28,14.719999999999999,14.719999999999999
72,69.34666666666666,2.653333333333336,2.653333333333336
206,207.32666666666665,-1.3266666666666538,1.3266666666666538
506,498.65,7.350000000000023,7.350000000000023
98,108.27333333333333,-10.273333333333326,10.273333333333326
452,486.07666666666665,-34.076666666666654,34.076666666666654
59,56.88666666666666,2.113333333333337,2.113333333333337
432,447.72,-15.720000000000027,15.720000000000027
623,612.9733333333334,10.026666666666642,10.026666666666642
560,576.94,-16.940000000000055,16.940000000000055
131,139.06,-8.060000000000002,8.060000000000002
84,103.41,-19.409999999999997,19.409999999999997
1350,1421.5066666666667,-71.50666666666666,71.50666666666666
1708,1731.13,-23.13000000000011,23.13000000000011
123,105.24333333333334,17.75666666666666,17.75666666666666
2043,2049.38,-6.380000000000109,6.380000000000109
288,330.27666666666664,-42.27666666666664,42.27666666666664
352,353.9033333333333,-1.9033333333333076,1.9033333333333076
2,3.6016666666666666,-1.6016666666666666,1.6016666666666666
75,91.15,-16.150000000000006,16.150000000000006
1104,1093.8433333333332,10.156666666666752,10.156666666666752
2293,2272.713333333333,20.28666666666686,20.28666666666686
1795,1807.9366666666667,-12.936666666666724,12.936666666666724
567,568.1133333333333,-1.113333333333344,1.113333333333344
603,603.6766666666666,-0.6766666666666197,0.6766666666666197
75,67.07666666666667,7.923333333333332,7.923333333333332
2122,2118.57,3.4299999999998363,3.4299999999998363
1481,1531.8533333333332,-50.85333333333324,50.85333333333324
572,593.75,-21.75,21.75
342,336.9866666666667,5.013333333333321,5.013333333333321
443,444.67,-1.670000000000016,1.670000000000016
711,711.7666666666667,-0.7666666666666515,0.7666666666666515
109,104.08,4.920000000000002,4.920000000000002
517,496.64,20.360000000000014,20.360000000000014
367,363.56333333333333,3.4366666666666674,3.4366666666666674
108,113.9,-5.900000000000006,5.900000000000006
15,12.961666666666666,2.038333333333334,2.038333333333334
1291,1182.4166666666667,108.58333333333326,108.58333333333326
757,729.91,27.090000000000032,27.090000000000032
2177,2204.4733333333334,-27.473333333333358,27.473333333333358
240,213.62666666666667,26.373333333333335,26.373333333333335
651,639.4733333333334,11.526666666666642,11.526666666666642
198,195.78,2.219999999999999,2.219999999999999
82,121.39,-39.39,39.39
232,237.82666666666665,-5.826666666666654,5.826666666666654
1134,1128.1533333333334,5.846666666666579,5.846666666666579
221,209.70666666666668,11.293333333333322,11.293333333333322
156,165.87666666666667,-9.876666666666665,9.876666666666665
146,131.16,14.840000000000003,14.840000000000003
184,180.41666666666666,3.583333333333343,3.583333333333343
281,242.21333333333334,38.78666666666666,38.78666666666666
395,354.62333333333333,40.376666666666665,40.376666666666665
975,878.7833333333333,96.2166666666667,96.2166666666667
325,376.5733333333333,-51.57333333333332,51.57333333333332
387,392.24333333333334,-5.243333333333339,5.243333333333339
774,788.9233333333333,-14.92333333333329,14.92333333333329
563,538.57,24.42999999999995,24.42999999999995
946,774.7266666666667,171.2733333333333,171.2733333333333
293,249.34666666666666,43.653333333333336,43.653333333333336
2804,2621.673333333333,182.32666666666682,182.32666666666682
2407,2373.58,33.42000000000007,33.42000000000007
720,726.04,-6.039999999999964,6.039999999999964
934,971.4433333333334,-37.443333333333385,37.443333333333385
174,171.07666666666665,2.923333333333346,2.923333333333346
1202,1192.8466666666666,9.153333333333421,9.153333333333421
517,504.18666666666667,12.813333333333333,12.813333333333333
2583,2590.9666666666667,-7.966666666666697,7.966666666666697
236,240.94666666666666,-4.946666666666658,4.946666666666658
354,405.97,-51.97000000000003,51.97000000000003
2500,2500.483333333333,-0.4833333333331211,0.4833333333331211
2495,2462.423333333333,32.576666666666824,32.576666666666824
1084,1061.06,22.940000000000055,22.940000000000055
482,518.1733333333333,-36.17333333333329,36.17333333333329
1288,1254.47,33.52999999999997,33.52999999999997
343,332.16333333333336,10.836666666666645,10.836666666666645
3856,3335.8766666666666,520.1233333333334,520.1233333333334
1332,1276.7466666666667,55.25333333333333,55.25333333333333
558,581.4633333333334,-23.463333333333367,23.463333333333367
1137,1168.2866666666666,-31.286666666666633,31.286666666666633
667,679.6333333333333,-12.633333333333326,12.633333333333326
840,890.0566666666666,-50.056666666666615,50.056666666666615
213,282.58,-69.57999999999998,69.57999999999998
265,271.49666666666667,-6.49666666666667,6.49666666666667
2038,2250.06,-212.05999999999995,212.05999999999995
2741,2751.9533333333334,-10.953333333333376,10.953333333333376
2386,2411.596666666667,-25.596666666666806,25.596666666666806
929,923.06,5.940000000000055,5.940000000000055
763,763.2666666666667,-0.2666666666666515,0.2666666666666515
290,289.12666666666667,0.8733333333333348,0.8733333333333348
398,487.61333333333334,-89.61333333333334,89.61333333333334
2501,2522.17,-21.170000000000073,21.170000000000073
1200,1217.2666666666667,-17.26666666666665,17.26666666666665
411,421.56333333333333,-10.563333333333333,10.563333333333333
211,224.92,-13.919999999999987,13.919999999999987
1049,1068.2633333333333,-19.26333333333332,19.26333333333332
3730,3770.78,-40.7800000000002,40.7800000000002
408,418.0933333333333,-10.093333333333305,10.093333333333305
137,159.47,-22.47,22.47
1146,1161.1766666666667,-15.176666666666733,15.176666666666733
884,908.5133333333333,-24.51333333333332,24.51333333333332
2262,2257.5533333333333,4.446666666666715,4.446666666666715
282,281.2133333333333,0.7866666666666902,0.7866666666666902
274,252.74,21.25999999999999,21.25999999999999
316,315.13,0.8700000000000045,0.8700000000000045
297,295.60333333333335,1.396666666666647,1.396666666666647
405,426.1,-21.100000000000023,21.100000000000023
239,228.88333333333333,10.116666666666674,10.116666666666674
180,190.34,-10.340000000000003,10.340000000000003
628,625.51,2.490000000000009,2.490000000000009
267,284.56,-17.560000000000002,17.560000000000002
1100,1097.9733333333334,2.0266666666666424,2.0266666666666424
87,85.43,1.5699999999999932,1.5699999999999932
2079,2068.42,10.579999999999927,10.579999999999927
2425,2420.556666666667,4.4433333333331575,4.4433333333331575
2641,2635.7833333333333,5.216666666666697,5.216666666666697
3584,3575.23,8.769999999999982,8.769999999999982
208,172.99666666666667,35.00333333333333,35.00333333333333
889,897.26,-8.259999999999991,8.259999999999991
180,181.53333333333333,-1.5333333333333314,1.5333333333333314
960,949.99,10.009999999999991,10.009999999999991
257,246.89,10.110000000000014,10.110000000000014
281,265.4766666666667,15.523333333333312,15.523333333333312
1593,1949.66,-356.6600000000001,356.6600000000001
739,748.2666666666667,-9.266666666666652,9.266666666666652
842,838.4833333333333,3.5166666666666515,3.5166666666666515
721,744.3166666666667,-23.31666666666672,23.31666666666672
147,188.11333333333334,-41.113333333333344,41.113333333333344
1013,1009.4733333333334,3.5266666666666424,3.5266666666666424
546,559.2933333333333,-13.293333333333294,13.293333333333294
1123,1105.3666666666666,17.63333333333344,17.63333333333344
278,354.46,-76.45999999999998,76.45999999999998
2298,2283.0666666666666,14.933333333333394,14.933333333333394
268,269.06666666666666,-1.0666666666666629,1.0666666666666629
401,398.53,2.4700000000000273,2.4700000000000273
253,254.89333333333335,-1.893333333333345,1.893333333333345
249,244.30333333333334,4.696666666666658,4.696666666666658
597,621.1066666666667,-24.106666666666683,24.106666666666683
242,242.26,-0.2599999999999909,0.2599999999999909
69,68.24333333333334,0.7566666666666606,0.7566666666666606
2236,2226.5866666666666,9.413333333333412,9.413333333333412
148,133.67,14.330000000000013,14.330000000000013
613,605.3433333333334,7.656666666666638,7.656666666666638
1249,1244.6633333333334,4.336666666666588,4.336666666666588
174,197.53666666666666,-23.53666666666666,23.53666666666666
1085,1079.1333333333334,5.866666666666561,5.866666666666561
91,102.36666666666666,-11.36666666666666,11.36666666666666
1981,1958.31,22.690000000000055,22.690000000000055
514,535.1433333333333,-21.143333333333317,21.143333333333317
1030,1020.3466666666667,9.653333333333308,9.653333333333308
960,944.8533333333334,15.146666666666647,15.146666666666647
221,197.49,23.50999999999999,23.50999999999999
2469,2438.7366666666667,30.26333333333332,30.26333333333332
799,808.9433333333334,-9.943333333333385,9.943333333333385
152,126.43333333333334,25.566666666666663,25.566666666666663
781,781.5933333333334,-0.5933333333333621,0.5933333333333621
3356,3367.6366666666668,-11.63666666666677,11.63666666666677
143,133.63333333333333,9.366666666666674,9.366666666666674
2373,2351.95,21.050000000000182,21.050000000000182
710,711.7566666666667,-1.7566666666666606,1.7566666666666606
836,771.4933333333333,64.50666666666666,64.50666666666666
749,682.0466666666666,66.95333333333338,66.95333333333338
116,112.9,3.0999999999999943,3.0999999999999943
2186,2298.19,-112.19000000000005,112.19000000000005
1878,1878.3333333333333,-0.33333333333325754,0.33333333333325754
55,54.72,0.28000000000000114,0.28000000000000114
220,222.53666666666666,-2.5366666666666617,2.5366666666666617
672,681.8433333333334,-9.843333333333362,9.843333333333362
381,389.53,-8.529999999999973,8.529999999999973
713,695.7833333333333,17.216666666666697,17.216666666666697
171,154.88666666666666,16.113333333333344,16.113333333333344
1066,1062.3533333333332,3.6466666666667606,3.6466666666667606
3006,3157.0466666666666,-151.04666666666662,151.04666666666662
876,883.2166666666667,-7.216666666666697,7.216666666666697
510,537.4366666666666,-27.43666666666661,27.43666666666661
61,73.82666666666667,-12.826666666666668,12.826666666666668
932,921.32,10.67999999999995,10.67999999999995
592,597.5666666666667,-5.56666666666672,5.56666666666672
477,490.79333333333335,-13.79333333333335,13.79333333333335
242,242.18333333333334,-0.18333333333333712,0.18333333333333712
123,100.86333333333333,22.13666666666667,22.13666666666667
2323,2296.91,26.090000000000146,26.090000000000146
2165,2149.8933333333334,15.10666666666657,15.10666666666657
638,681.0266666666666,-43.02666666666664,43.02666666666664
93,130.22,-37.22,37.22
1026,1032.0066666666667,-6.006666666666661,6.006666666666661
112,109.21666666666667,2.7833333333333314,2.7833333333333314
219,217.6,1.4000000000000057,1.4000000000000057
71,87.1,-16.099999999999994,16.099999999999994
219,223.08333333333334,-4.083333333333343,4.083333333333343
554,679.64,-125.63999999999999,125.63999999999999
50,44.526666666666664,5.473333333333336,5.473333333333336
635,654.71,-19.710000000000036,19.710000000000036
356,366.6333333333333,-10.633333333333326,10.633333333333326
2270,2286.54,-16.539999999999964,16.539999999999964
634,644.5133333333333,-10.513333333333321,10.513333333333321
2089,2096.41,-7.4099999999998545,7.4099999999998545
576,577.3433333333334,-1.3433333333333621,1.3433333333333621
802,848.0,-46.0,46.0
440,444.15,-4.149999999999977,4.149999999999977
1799,1913.4333333333334,-114.4333333333334,114.4333333333334
1790,1808.77,-18.769999999999982,18.769999999999982
92,94.9,-2.9000000000000057,2.9000000000000057
208,200.87666666666667,7.123333333333335,7.123333333333335
28,58.27,-30.270000000000003,30.270000000000003
104,187.1,-83.1,83.1
729,801.1066666666667,-72.10666666666668,72.10666666666668
1055,1048.5766666666666,6.423333333333403,6.423333333333403
715,883.3866666666667,-168.38666666666666,168.38666666666666
167,185.30333333333334,-18.30333333333334,18.30333333333334
436,489.71666666666664,-53.71666666666664,53.71666666666664
450,452.26,-2.259999999999991,2.259999999999991
2530,2737.6266666666666,-207.62666666666655,207.62666666666655
41,41.876666666666665,-0.8766666666666652,0.8766666666666652
86,91.04,-5.040000000000006,5.040000000000006
136,136.66333333333333,-0.6633333333333269,0.6633333333333269
2208,2232.93,-24.929999999999836,24.929999999999836
408,408.6066666666667,-0.6066666666666833,0.6066666666666833
497,473.91,23.089999999999975,23.089999999999975
81,74.02,6.980000000000004,6.980000000000004
593,609.18,-16.17999999999995,16.17999999999995
199,205.7,-6.699999999999989,6.699999999999989
2111,2245.5866666666666,-134.5866666666666,134.5866666666666
9,12.146666666666667,-3.1466666666666665,3.1466666666666665
41,43.75,-2.75,2.75
605,622.71,-17.710000000000036,17.710000000000036
141,141.18333333333334,-0.18333333333333712,0.18333333333333712
101,113.95333333333333,-12.953333333333333,12.953333333333333
709,734.41,-25.409999999999968,25.409999999999968
60,62.92666666666667,-2.9266666666666694,2.9266666666666694
1436,1552.0133333333333,-116.01333333333332,116.01333333333332
555,561.2233333333334,-6.223333333333358,6.223333333333358
1711,1725.7566666666667,-14.75666666666666,14.75666666666666
1030,1047.2633333333333,-17.26333333333332,17.26333333333332
589,627.03,-38.02999999999997,38.02999999999997
201,200.99,0.009999999999990905,0.009999999999990905
86,60.516666666666666,25.483333333333334,25.483333333333334
568,588.8433333333334,-20.843333333333362,20.843333333333362
333,340.46,-7.4599999999999795,7.4599999999999795
2031,2039.3066666666666,-8.306666666666615,8.306666666666615
411,411.53,-0.5299999999999727,0.5299999999999727
34,52.36,-18.36,18.36
254,285.06333333333333,-31.063333333333333,31.063333333333333
18,30.85,-12.850000000000001,12.850000000000001
409,393.8333333333333,15.166666666666686,15.166666666666686
332,322.4066666666667,9.593333333333305,9.593333333333305
16,15.003333333333334,0.9966666666666661,0.9966666666666661
199,189.10333333333332,9.896666666666675,9.896666666666675
81,64.42666666666666,16.573333333333338,16.573333333333338
73,64.64,8.36,8.36
526,530.08,-4.080000000000041,4.080000000000041
135,117.23,17.769999999999996,17.769999999999996
8,15.95,-7.949999999999999,7.949999999999999
563,558.82,4.17999999999995,4.17999999999995
554,574.3533333333334,-20.353333333333353,20.353333333333353
501,504.24666666666667,-3.2466666666666697,3.2466666666666697
38,34.47,3.530000000000001,3.530000000000001
11,7.343333333333334,3.6566666666666663,3.6566666666666663
1864,1812.9666666666667,51.0333333333333,51.0333333333333
1023,1021.33,1.669999999999959,1.669999999999959
2175,2171.31,3.6900000000000546,3.6900000000000546
193,184.36333333333334,8.636666666666656,8.636666666666656
90,84.34,5.659999999999997,5.659999999999997
156,146.07333333333332,9.926666666666677,9.926666666666677
2011,1981.8466666666666,29.15333333333342,29.15333333333342
1667,1661.2666666666667,5.7333333333333485,5.7333333333333485
52,50.22666666666667,1.7733333333333334,1.7733333333333334
392,384.5733333333333,7.4266666666666765,7.4266666666666765
1211,1215.9766666666667,-4.976666666666688,4.976666666666688
548,545.3,2.7000000000000455,2.7000000000000455
474,454.49666666666667,19.50333333333333,19.50333333333333
661,652.42,8.580000000000041,8.580000000000041
74,68.88666666666667,5.11333333333333,5.11333333333333
6,15.906666666666666,-9.906666666666666,9.906666666666666
40,43.013333333333335,-3.0133333333333354,3.0133333333333354
34,32.57,1.4299999999999997,1.4299999999999997
530,536.65,-6.649999999999977,6.649999999999977
1612,1656.0733333333333,-44.07333333333327,44.07333333333327
389,411.75666666666666,-22.75666666666666,22.75666666666666
1952,1984.28,-32.27999999999997,32.27999999999997
1007,1048.8833333333334,-41.88333333333344,41.88333333333344
1004,1012.8166666666667,-8.81666666666672,8.81666666666672
102,115.37,-13.370000000000005,13.370000000000005
2,17.33,-15.329999999999998,15.329999999999998
0,0.53,-0.53,0.53
491,507.17,-16.170000000000016,16.170000000000016
517,539.16,-22.159999999999968,22.159999999999968
316,328.18666666666667,-12.186666666666667,12.186666666666667
59,88.34666666666666,-29.346666666666664,29.346666666666664
1624,1629.8333333333333,-5.8333333333332575,5.8333333333332575
444,456.0933333333333,-12.093333333333305,12.093333333333305
362,378.3566666666667,-16.356666666666683,16.356666666666683
182,179.36,2.6399999999999864,2.6399999999999864
187,193.41333333333333,-6.413333333333327,6.413333333333327
65,64.06666666666666,0.9333333333333371,0.9333333333333371
593,612.24,-19.24000000000001,19.24000000000001
542,529.3133333333334,12.68666666666661,12.68666666666661
2136,2158.02,-22.019999999999982,22.019999999999982
55,72.73,-17.730000000000004,17.730000000000004
406,424.5833333333333,-18.583333333333314,18.583333333333314
51,44.943333333333335,6.056666666666665,6.056666666666665
72,60.11333333333334,11.886666666666663,11.886666666666663
6,11.523333333333333,-5.523333333333333,5.523333333333333
349,349.63666666666666,-0.6366666666666561,0.6366666666666561
379,343.9533333333333,35.04666666666668,35.04666666666668
460,478.1766666666667,-18.176666666666677,18.176666666666677
895,904.07,-9.07000000000005,9.07000000000005
1003,995.6533333333333,7.346666666666692,7.346666666666692
373,380.34,-7.339999999999975,7.339999999999975
78,84.00333333333333,-6.00333333333333,6.00333333333333
38,22.993333333333332,15.006666666666668,15.006666666666668
293,313.08666666666664,-20.086666666666645,20.086666666666645
29,13.043333333333333,15.956666666666667,15.956666666666667
1446,1455.4933333333333,-9.49333333333334,9.49333333333334
2134,2137.23,-3.230000000000018,3.230000000000018
180,181.63333333333333,-1.6333333333333258,1.6333333333333258
1614,1589.29,24.710000000000036,24.710000000000036
62,58.166666666666664,3.8333333333333357,3.8333333333333357
34,26.716666666666665,7.283333333333335,7.283333333333335
538,560.5933333333334,-22.593333333333362,22.593333333333362
1920,1919.5466666666666,0.4533333333333758,0.4533333333333758
0,0.27,-0.27,0.27
523,525.9666666666667,-2.966666666666697,2.966666666666697
515,528.1,-13.100000000000023,13.100000000000023
522,511.7966666666667,10.203333333333319,10.203333333333319
1,33.983333333333334,-32.983333333333334,32.983333333333334
425,428.55,-3.5500000000000114,3.5500000000000114
168,173.80666666666667,-5.806666666666672,5.806666666666672
840,829.86,10.139999999999986,10.139999999999986
281,286.3466666666667,-5.346666666666692,5.346666666666692
56,50.00333333333333,5.99666666666667,5.99666666666667
0,0.17,-0.17,0.17
458,521.1166666666667,-63.116666666666674,63.116666666666674
1602,1607.39,-5.3900000000001,5.3900000000001
342,357.71,-15.70999999999998,15.70999999999998
512,521.17,-9.169999999999959,9.169999999999959
1840,1886.1166666666666,-46.11666666666656,46.11666666666656
6,9.863333333333333,-3.8633333333333333,3.8633333333333333
2120,2140.0333333333333,-20.033333333333303,20.033333333333303
2,5.676666666666667,-3.6766666666666667,3.6766666666666667
165,173.73666666666668,-8.736666666666679,8.736666666666679
173,165.31,7.689999999999998,7.689999999999998
76,74.30333333333333,1.6966666666666725,1.6966666666666725
45,61.096666666666664,-16.096666666666664,16.096666666666664
33,35.18,-2.1799999999999997,2.1799999999999997
29,31.346666666666668,-2.3466666666666676,2.3466666666666676
411,419.28,-8.279999999999973,8.279999999999973
496,502.0366666666667,-6.03666666666669,6.03666666666669
491,545.81,-54.809999999999945,54.809999999999945
26,71.01,-45.010000000000005,45.010000000000005
43,38.04333333333334,4.9566666666666634,4.9566666666666634
990,1007.8866666666667,-17.886666666666656,17.886666666666656
432,443.12333333333333,-11.123333333333335,11.123333333333335
355,381.83,-26.829999999999984,26.829999999999984
358,348.51666666666665,9.483333333333348,9.483333333333348
1312,1363.5133333333333,-51.51333333333332,51.51333333333332
55,52.413333333333334,2.586666666666666,2.586666666666666
335,336.04333333333335,-1.0433333333333508,1.0433333333333508
998,993.2,4.7999999999999545,4.7999999999999545
155,160.60666666666665,-5.606666666666655,5.606666666666655
36,43.45666666666666,-7.4566666666666634,7.4566666666666634
31,34.9,-3.8999999999999986,3.8999999999999986
1248,1229.8366666666666,18.163333333333412,18.163333333333412
415,426.76,-11.759999999999991,11.759999999999991
274,276.10333333333335,-2.103333333333353,2.103333333333353
2127,2116.6466666666665,10.353333333333467,10.353333333333467
0,0.14,-0.14,0.14
413,412.46666666666664,0.5333333333333599,0.5333333333333599
370,362.2366666666667,7.763333333333321,7.763333333333321
7,10.043333333333333,-3.043333333333333,3.043333333333333
0,10.956666666666667,-10.956666666666667,10.956666666666667
43,35.46666666666667,7.533333333333331,7.533333333333331
1582,1597.2233333333334,-15.223333333333358,15.223333333333358
47,44.28,2.719999999999999,2.719999999999999
67,83.40666666666667,-16.406666666666666,16.406666666666666
483,494.3466666666667,-11.346666666666692,11.346666666666692
510,506.4033333333333,3.5966666666666924,3.5966666666666924
1,152.35333333333332,-151.35333333333332,151.35333333333332
1813,1832.0333333333333,-19.033333333333303,19.033333333333303
518,511.4633333333333,6.53666666666669,6.53666666666669
358,352.16,5.839999999999975,5.839999999999975
818,831.1633333333333,-13.163333333333298,13.163333333333298
164,172.97333333333333,-8.97333333333333,8.97333333333333
414,414.77,-0.7699999999999818,0.7699999999999818
2127,2136.46,-9.460000000000036,9.460000000000036
327,343.31,-16.310000000000002,16.310000000000002
413,398.56333333333333,14.436666666666667,14.436666666666667
1810,1842.63,-32.63000000000011,32.63000000000011
374,390.72,-16.720000000000027,16.720000000000027
16,15.83,0.16999999999999993,0.16999999999999993
354,376.6933333333333,-22.693333333333328,22.693333333333328
27,3.2666666666666666,23.733333333333334,23.733333333333334
41,54.39,-13.39,13.39
169,169.87666666666667,-0.8766666666666652,0.8766666666666652
515,543.7033333333334,-28.703333333333376,28.703333333333376
45,55.153333333333336,-10.153333333333336,10.153333333333336
521,528.72,-7.720000000000027,7.720000000000027
1,20.93222222222222,-19.93222222222222,19.93222222222222
999,1006.92,-7.919999999999959,7.919999999999959
1578,1609.1366666666668,-31.13666666666677,31.13666666666677
0,0.14,-0.14,0.14
29,37.056666666666665,-8.056666666666665,8.056666666666665
277,274.75,2.25,2.25
1260,1240.38,19.61999999999989,19.61999999999989
413,429.7266666666667,-16.726666666666688,16.726666666666688
66,71.33666666666667,-5.336666666666673,5.336666666666673
59,59.696666666666665,-0.6966666666666654,0.6966666666666654
37,47.443333333333335,-10.443333333333335,10.443333333333335
151,153.87333333333333,-2.873333333333335,2.873333333333335
477,478.71666666666664,-1.7166666666666401,1.7166666666666401
412,417.59,-5.589999999999975,5.589999999999975
831,843.2166666666667,-12.216666666666697,12.216666666666697
29,36.95666666666666,-7.9566666666666634,7.9566666666666634
24,23.383333333333333,0.6166666666666671,0.6166666666666671
84,43.18333333333333,40.81666666666667,40.81666666666667
917,885.8633333333333,31.136666666666656,31.136666666666656
1361,1300.1366666666668,60.86333333333323,60.86333333333323
525,531.8466666666667,-6.846666666666692,6.846666666666692
71,67.93333333333334,3.066666666666663,3.066666666666663
54,55.733333333333334,-1.7333333333333343,1.7333333333333343
166,171.49333333333334,-5.493333333333339,5.493333333333339
377,376.23333333333335,0.7666666666666515,0.7666666666666515
505,472.5966666666667,32.40333333333331,32.40333333333331
394,390.07,3.930000000000007,3.930000000000007
0,0.14,-0.14,0.14
1584,1599.1433333333334,-15.14333333333343,15.14333333333343
420,425.49,-5.490000000000009,5.490000000000009
282,284.21,-2.2099999999999795,2.2099999999999795
328,343.94666666666666,-15.946666666666658,15.946666666666658
80,69.71,10.290000000000006,10.290000000000006
153,153.68,-0.6800000000000068,0.6800000000000068
1004,1011.0933333333334,-7.093333333333362,7.093333333333362
42,51.09,-9.090000000000003,9.090000000000003
584,550.41,33.59000000000003,33.59000000000003
429,421.8233333333333,7.1766666666666765,7.1766666666666765
457,434.5133333333333,22.48666666666668,22.48666666666668
2133,2138.6766666666667,-5.676666666666733,5.676666666666733
9,12.878888888888891,-3.8788888888888913,3.8788888888888913
1825,1862.5133333333333,-37.51333333333332,37.51333333333332
49,47.64,1.3599999999999994,1.3599999999999994
85,86.05,-1.0499999999999972,1.0499999999999972
1625,1637.3266666666666,-12.326666666666597,12.326666666666597
182,172.64,9.360000000000014,9.360000000000014
448,445.33,2.670000000000016,2.670000000000016
13,25.6,-12.600000000000001,12.600000000000001
213,153.27,59.72999999999999,59.72999999999999
404,414.6166666666667,-10.616666666666674,10.616666666666674
63,69.45333333333333,-6.453333333333333,6.453333333333333
103,89.85666666666667,13.14333333333333,13.14333333333333
527,532.4366666666666,-5.436666666666611,5.436666666666611
50,49.013333333333335,0.9866666666666646,0.9866666666666646
413,414.38,-1.3799999999999955,1.3799999999999955
0,12.0,-12.0,12.0
2138,2162.4466666666667,-24.446666666666715,24.446666666666715
495,519.96,-24.960000000000036,24.960000000000036
461,462.35,-1.3500000000000227,1.3500000000000227
301,299.4033333333333,1.5966666666666924,1.5966666666666924
62,75.11666666666666,-13.11666666666666,13.11666666666666
35,43.38666666666666,-8.386666666666663,8.386666666666663
670,661.1533333333333,8.846666666666692,8.846666666666692
68,57.75,10.25,10.25
159,163.26666666666668,-4.26666666666668,4.26666666666668
1589,1528.5133333333333,60.48666666666668,60.48666666666668
376,357.38,18.620000000000005,18.620000000000005
1005,1017.8433333333334,-12.843333333333362,12.843333333333362
525,541.65,-16.649999999999977,16.649999999999977
1116,1061.1333333333334,54.86666666666656,54.86666666666656
1837,1868.6633333333334,-31.663333333333412,31.663333333333412
1647,1667.5766666666666,-20.576666666666597,20.576666666666597
89,75.47666666666667,13.523333333333326,13.523333333333326
522,541.4,-19.399999999999977,19.399999999999977
27,33.303333333333335,-6.303333333333335,6.303333333333335
429,424.28,4.720000000000027,4.720000000000027
117,142.28666666666666,-25.28666666666666,25.28666666666666
1242,1279.8466666666666,-37.84666666666658,37.84666666666658
159,174.68333333333334,-15.683333333333337,15.683333333333337
1002,1019.4866666666667,-17.48666666666668,17.48666666666668
2143,2164.0133333333333,-21.01333333333332,21.01333333333332
422,432.81333333333333,-10.813333333333333,10.813333333333333
35,47.35666666666667,-12.35666666666667,12.35666666666667
525,557.3166666666667,-32.31666666666672,32.31666666666672
476,492.80333333333334,-16.80333333333334,16.80333333333334
82,93.11666666666666,-11.11666666666666,11.11666666666666
779,809.7366666666667,-30.73666666666668,30.73666666666668
103,112.73,-9.730000000000004,9.730000000000004
0,12.0,-12.0,12.0
265,301.7033333333333,-36.70333333333332,36.70333333333332
99,82.29333333333334,16.706666666666663,16.706666666666663
1749,1809.0566666666666,-60.056666666666615,60.056666666666615
186,188.69333333333333,-2.693333333333328,2.693333333333328
431,429.75333333333333,1.2466666666666697,1.2466666666666697
1848,1884.19,-36.190000000000055,36.190000000000055
546,568.9733333333334,-22.973333333333358,22.973333333333358
503,543.24,-40.24000000000001,40.24000000000001
66,76.03666666666666,-10.036666666666662,10.036666666666662
321,328.4,-7.399999999999977,7.399999999999977
490,468.81666666666666,21.183333333333337,21.183333333333337
1916,1981.29,-65.28999999999996,65.28999999999996
564,585.9733333333334,-21.973333333333358,21.973333333333358
310,344.6666666666667,-34.666666666666686,34.666666666666686
509,530.4566666666667,-21.456666666666706,21.456666666666706
9,16.566666666666666,-7.566666666666666,7.566666666666666
437,442.5466666666667,-5.546666666666681,5.546666666666681
140,137.44666666666666,2.5533333333333417,2.5533333333333417
983,1014.2133333333334,-31.213333333333367,31.213333333333367
88,85.83,2.1700000000000017,2.1700000000000017
144,167.32,-23.319999999999993,23.319999999999993
1374,1474.6866666666667,-100.68666666666672,100.68666666666672
2137,2172.86,-35.86000000000013,35.86000000000013
125,149.85333333333332,-24.853333333333325,24.853333333333325
335,346.7033333333333,-11.703333333333319,11.703333333333319
500,511.0833333333333,-11.083333333333314,11.083333333333314
999,973.33,25.66999999999996,25.66999999999996
192,191.57333333333332,0.4266666666666765,0.4266666666666765
551,779.8833333333333,-228.88333333333333,228.88333333333333
506,540.7033333333334,-34.703333333333376,34.703333333333376
1693,1730.2866666666666,-37.28666666666663,37.28666666666663
1850,1907.2033333333334,-57.203333333333376,57.203333333333376
165,176.38666666666666,-11.386666666666656,11.386666666666656
42,69.65,-27.650000000000006,27.650000000000006
646,612.7433333333333,33.25666666666666,33.25666666666666
40,50.54,-10.54,10.54
104,122.16,-18.159999999999997,18.159999999999997
156,156.51333333333332,-0.5133333333333212,0.5133333333333212
553,565.0933333333334,-12.093333333333362,12.093333333333362
164,180.23666666666668,-16.23666666666668,16.23666666666668
337,353.50666666666666,-16.50666666666666,16.50666666666666
170,177.73666666666668,-7.736666666666679,7.736666666666679
127,149.12,-22.120000000000005,22.120000000000005
447,449.99333333333334,-2.9933333333333394,2.9933333333333394
1880,1908.6266666666668,-28.62666666666678,28.62666666666678
754,762.23,-8.230000000000018,8.230000000000018
610,622.91,-12.909999999999968,12.909999999999968
585,596.6933333333334,-11.693333333333385,11.693333333333385
2140,2163.55,-23.550000000000182,23.550000000000182
186,182.16,3.8400000000000034,3.8400000000000034
188,199.24333333333334,-11.24333333333334,11.24333333333334
971,995.4666666666667,-24.466666666666697,24.466666666666697
2090,2153.3033333333333,-63.303333333333285,63.303333333333285
366,358.9266666666667,7.0733333333333235,7.0733333333333235
1755,1765.5666666666666,-10.566666666666606,10.566666666666606
537,549.1766666666666,-12.17666666666662,12.17666666666662
79,67.31666666666666,11.683333333333337,11.683333333333337
198,198.83333333333334,-0.8333333333333428,0.8333333333333428
1241,1230.9433333333334,10.056666666666615,10.056666666666615
531,571.8466666666667,-40.84666666666669,40.84666666666669
493,516.8733333333333,-23.873333333333335,23.873333333333335
24,27.77,-3.7699999999999996,3.7699999999999996
59,54.57,4.43,4.43
135,126.13666666666667,8.86333333333333,8.86333333333333
1504,1519.5733333333333,-15.573333333333267,15.573333333333267
217,217.10333333333332,-0.10333333333332462,0.10333333333332462
417,395.6,21.399999999999977,21.399999999999977
2312,2385.463333333333,-73.46333333333314,73.46333333333314
1340,1281.8433333333332,58.15666666666675,58.15666666666675
226,226.17,-0.1699999999999875,0.1699999999999875
365,393.5933333333333,-28.593333333333305,28.593333333333305
377,366.7966666666667,10.203333333333319,10.203333333333319
939,796.82,142.17999999999995,142.17999999999995
1224,1257.97,-33.97000000000003,33.97000000000003
494,505.56666666666666,-11.566666666666663,11.566666666666663
488,501.6433333333333,-13.643333333333317,13.643333333333317
2517,2387.1566666666668,129.84333333333325,129.84333333333325
283,253.68333333333334,29.316666666666663,29.316666666666663
331,385.99,-54.99000000000001,54.99000000000001
3800,3483.7566666666667,316.24333333333334,316.24333333333334
743,629.1733333333333,113.82666666666671,113.82666666666671
102,293.05,-191.05,191.05
162,172.01666666666668,-10.01666666666668,10.01666666666668
1085,1057.37,27.63000000000011,27.63000000000011
769,775.0066666666667,-6.006666666666661,6.006666666666661
963,868.12,94.88,94.88
332,326.99666666666667,5.00333333333333,5.00333333333333
217,243.80333333333334,-26.80333333333334,26.80333333333334
859,815.81,43.190000000000055,43.190000000000055
2474,2438.77,35.23000000000002,35.23000000000002
1223,1128.7233333333334,94.27666666666664,94.27666666666664
358,395.49333333333334,-37.49333333333334,37.49333333333334
2793,2649.89,143.11000000000013,143.11000000000013
2585,2528.2733333333335,56.72666666666646,56.72666666666646
566,538.7933333333333,27.206666666666706,27.206666666666706
911,909.2233333333334,1.7766666666666424,1.7766666666666424
390,487.30333333333334,-97.30333333333334,97.30333333333334
285,284.05,0.9499999999999886,0.9499999999999886
2095,2265.3633333333332,-170.36333333333323,170.36333333333323
270,270.1066666666667,-0.10666666666668334,0.10666666666668334
411,424.22,-13.220000000000027,13.220000000000027
1152,1193.07,-41.069999999999936,41.069999999999936
410,410.4433333333333,-0.44333333333332803,0.44333333333332803
3674,3703.53,-29.5300000000002,29.5300000000002
303,309.63,-6.6299999999999955,6.6299999999999955
1197,1175.38,21.61999999999989,21.61999999999989
753,755.1666666666666,-2.1666666666666288,2.1666666666666288
2718,2719.54,-1.5399999999999636,1.5399999999999636
268,268.49,-0.4900000000000091,0.4900000000000091
100,316.4266666666667,-216.42666666666668,216.42666666666668
208,221.28,-13.280000000000001,13.280000000000001
1054,1058.6033333333332,-4.603333333333239,4.603333333333239
270,274.26,-4.259999999999991,4.259999999999991
2403,2413.9566666666665,-10.956666666666479,10.956666666666479
140,137.18,2.819999999999993,2.819999999999993
1150,1254.3033333333333,-104.30333333333328,104.30333333333328
194,224.17,-30.169999999999987,30.169999999999987
337,343.73,-6.730000000000018,6.730000000000018
849,893.2033333333334,-44.203333333333376,44.203333333333376
558,611.7233333333334,-53.72333333333336,53.72333333333336
2537,2511.04,25.960000000000036,25.960000000000036
717,708.1066666666667,8.893333333333317,8.893333333333317
813,880.6833333333333,-67.68333333333328,67.68333333333328
2187,2204.096666666667,-17.096666666666806,17.096666666666806
2487,2427.4933333333333,59.50666666666666,59.50666666666666
254,256.99333333333334,-2.9933333333333394,2.9933333333333394
3458,3531.42,-73.42000000000007,73.42000000000007
170,166.67666666666668,3.3233333333333235,3.3233333333333235
691,657.07,33.92999999999995,33.92999999999995
212,207.45,4.550000000000011,4.550000000000011
2553,2573.883333333333,-20.883333333333212,20.883333333333212
201,199.72333333333333,1.2766666666666708,1.2766666666666708
2333,2274.1866666666665,58.8133333333335,58.8133333333335
92,88.33666666666667,3.663333333333327,3.663333333333327
775,772.0733333333334,2.9266666666666197,2.9266666666666197
750,747.42,2.580000000000041,2.580000000000041
1706,1844.82,-138.81999999999994,138.81999999999994
1002,1006.5466666666666,-4.546666666666624,4.546666666666624
2051,2028.16,22.839999999999918,22.839999999999918
1172,1118.5233333333333,53.47666666666669,53.47666666666669
835,822.66,12.340000000000032,12.340000000000032
716,718.4,-2.3999999999999773,2.3999999999999773
97,135.64,-38.639999999999986,38.639999999999986
542,556.1333333333333,-14.133333333333326,14.133333333333326
241,239.76666666666668,1.23333333333332,1.23333333333332
404,403.08666666666664,0.9133333333333553,0.9133333333333553
213,185.78,27.22,27.22
991,935.2633333333333,55.73666666666668,55.73666666666668
217,186.26333333333332,30.73666666666668,30.73666666666668
1075,1103.8366666666666,-28.836666666666588,28.836666666666588
305,266.6566666666667,38.343333333333305,38.343333333333305
286,347.55333333333334,-61.55333333333334,61.55333333333334
300,289.98,10.019999999999982,10.019999999999982
940,937.5233333333333,2.476666666666688,2.476666666666688
185,185.52333333333334,-0.5233333333333405,0.5233333333333405
1161,1121.3133333333333,39.686666666666724,39.686666666666724
184,240.23666666666668,-56.23666666666668,56.23666666666668
2303,2345.846666666667,-42.846666666666806,42.846666666666806
84,69.17666666666666,14.823333333333338,14.823333333333338
683,652.8266666666667,30.17333333333329,30.17333333333329
719,716.4066666666666,2.593333333333362,2.593333333333362
135,139.27666666666667,-4.276666666666671,4.276666666666671
1972,1950.11,21.8900000000001,21.8900000000001
663,681.0666666666667,-18.06666666666672,18.06666666666672
99,120.13333333333334,-21.13333333333334,21.13333333333334
391,391.1433333333333,-0.14333333333331666,0.14333333333331666
868,838.7766666666666,29.223333333333358,29.223333333333358
193,184.65333333333334,8.346666666666664,8.346666666666664
207,192.12666666666667,14.873333333333335,14.873333333333335
269,248.60333333333332,20.396666666666675,20.396666666666675
177,158.9,18.099999999999994,18.099999999999994
2279,2264.1366666666668,14.86333333333323,14.86333333333323
2441,2436.93,4.070000000000164,4.070000000000164
265,255.89,9.110000000000014,9.110000000000014
700,707.92,-7.919999999999959,7.919999999999959
509,524.2433333333333,-15.24333333333334,15.24333333333334
234,246.98,-12.97999999999999,12.97999999999999
1410,1307.0433333333333,102.9566666666667,102.9566666666667
3152,3175.2433333333333,-23.24333333333334,23.24333333333334
181,188.07,-7.069999999999993,7.069999999999993
984,981.5233333333333,2.476666666666688,2.476666666666688
661,646.85,14.149999999999977,14.149999999999977
102,89.78666666666666,12.213333333333338,12.213333333333338
379,378.78333333333336,0.21666666666664014,0.21666666666664014
562,577.52,-15.519999999999982,15.519999999999982
94,115.91666666666667,-21.91666666666667,21.91666666666667
609,631.9033333333333,-22.903333333333308,22.903333333333308
473,471.01666666666665,1.9833333333333485,1.9833333333333485
744,751.9933333333333,-7.993333333333339,7.993333333333339
1901,1908.63,-7.630000000000109,7.630000000000109
2393,2396.74,-3.7399999999997817,3.7399999999997817
670,661.7233333333334,8.276666666666642,8.276666666666642
898,893.59,4.409999999999968,4.409999999999968
149,160.65,-11.650000000000006,11.650000000000006
235,224.31666666666666,10.683333333333337,10.683333333333337
153,154.49333333333334,-1.4933333333333394,1.4933333333333394
674,649.6333333333333,24.366666666666674,24.366666666666674
101,128.99,-27.99000000000001,27.99000000000001
159,156.69666666666666,2.3033333333333417,2.3033333333333417
2729,2750.7033333333334,-21.703333333333376,21.703333333333376
217,221.61333333333334,-4.613333333333344,4.613333333333344
1154,1117.4933333333333,36.50666666666666,36.50666666666666
182,179.34333333333333,2.6566666666666663,2.6566666666666663
504,532.3866666666667,-28.386666666666656,28.386666666666656
1147,1169.26,-22.25999999999999,22.25999999999999
197,182.53666666666666,14.463333333333338,14.463333333333338
1925,2039.3733333333332,-114.37333333333322,114.37333333333322
228,237.63333333333333,-9.633333333333326,9.633333333333326
2239,2224.8533333333335,14.146666666666533,14.146666666666533
76,68.73,7.269999999999996,7.269999999999996
812,848.0833333333334,-36.08333333333337,36.08333333333337
1857,1852.7333333333333,4.2666666666666515,4.2666666666666515
516,512.5166666666667,3.4833333333333485,3.4833333333333485
72,66.04,5.959999999999994,5.959999999999994
1038,985.9233333333333,52.07666666666671,52.07666666666671
676,653.07,22.92999999999995,22.92999999999995
2379,2430.943333333333,-51.94333333333316,51.94333333333316
160,163.38333333333333,-3.3833333333333258,3.3833333333333258
2219,2188.48,30.519999999999982,30.519999999999982
218,212.54666666666665,5.453333333333347,5.453333333333347
337,352.25,-15.25,15.25
212,195.98,16.02000000000001,16.02000000000001
664,649.0066666666667,14.99333333333334,14.99333333333334
2348,2340.7966666666666,7.203333333333376,7.203333333333376
109,97.97333333333333,11.02666666666667,11.02666666666667
623,628.6866666666666,-5.686666666666611,5.686666666666611
1144,1116.0166666666667,27.98333333333335,27.98333333333335
209,203.39666666666668,5.603333333333325,5.603333333333325
699,701.6466666666666,-2.646666666666647,2.646666666666647
149,142.02,6.97999999999999,6.97999999999999
359,365.96666666666664,-6.96666666666664,6.96666666666664
60,61.8,-1.7999999999999972,1.7999999999999972
568,569.24,-1.240000000000009,1.240000000000009
204,191.33666666666667,12.663333333333327,12.663333333333327
835,809.48,25.519999999999982,25.519999999999982
1604,1600.66,3.339999999999918,3.339999999999918
447,403.0233333333333,43.97666666666669,43.97666666666669
141,142.81333333333333,-1.8133333333333326,1.8133333333333326
69,66.16666666666667,2.8333333333333286,2.8333333333333286
149,131.8,17.19999999999999,17.19999999999999
619,626.7266666666667,-7.726666666666688,7.726666666666688
2190,2184.3533333333335,5.646666666666533,5.646666666666533
132,138.2,-6.199999999999989,6.199999999999989
135,205.64,-70.63999999999999,70.63999999999999
39,46.28666666666667,-7.286666666666669,7.286666666666669
146,150.13666666666666,-4.136666666666656,4.136666666666656
659,640.8,18.200000000000045,18.200000000000045
191,202.65666666666667,-11.656666666666666,11.656666666666666
1138,1112.8333333333333,25.166666666666742,25.166666666666742
583,599.47,-16.470000000000027,16.470000000000027
538,536.45,1.5499999999999545,1.5499999999999545
957,964.8166666666667,-7.81666666666672,7.81666666666672
210,200.73666666666668,9.263333333333321,9.263333333333321
1256,1351.2733333333333,-95.27333333333331,95.27333333333331
1815,1824.45,-9.450000000000045,9.450000000000045
64,54.38,9.619999999999997,9.619999999999997
337,346.6933333333333,-9.693333333333328,9.693333333333328
121,102.55,18.450000000000003,18.450000000000003
185,191.52333333333334,-6.5233333333333405,6.5233333333333405
586,594.0866666666667,-8.086666666666702,8.086666666666702
424,420.68,3.319999999999993,3.319999999999993
771,785.4133333333333,-14.413333333333298,14.413333333333298
152,146.55,5.449999999999989,5.449999999999989
1988,2128.633333333333,-140.6333333333332,140.6333333333332
54,55.93,-1.9299999999999997,1.9299999999999997
473,485.4,-12.399999999999977,12.399999999999977
127,139.01666666666668,-12.01666666666668,12.01666666666668
2319,2310.99,8.010000000000218,8.010000000000218
192,201.56666666666666,-9.566666666666663,9.566666666666663
658,635.3466666666667,22.653333333333308,22.653333333333308
160,151.57666666666665,8.423333333333346,8.423333333333346
1816,1745.3133333333333,70.68666666666672,70.68666666666672
1138,1109.5566666666666,28.443333333333385,28.443333333333385
182,176.89,5.110000000000014,5.110000000000014
513,519.3066666666666,-6.306666666666615,6.306666666666615
148,140.43,7.569999999999993,7.569999999999993
2298,2290.213333333333,7.786666666666861,7.786666666666861
928,923.0933333333334,4.906666666666638,4.906666666666638
216,211.07333333333332,4.9266666666666765,4.9266666666666765
1079,1067.96,11.039999999999964,11.039999999999964
447,419.73333333333335,27.26666666666665,27.26666666666665
1789,1781.76,7.240000000000009,7.240000000000009
567,564.0566666666666,2.943333333333385,2.943333333333385
62,55.72833333333333,6.271666666666668,6.271666666666668
17,23.626666666666665,-6.626666666666665,6.626666666666665
501,522.9533333333334,-21.953333333333376,21.953333333333376
130,119.32666666666667,10.673333333333332,10.673333333333332
411,393.5933333333333,17.406666666666695,17.406666666666695
136,131.01333333333332,4.986666666666679,4.986666666666679
119,122.09333333333333,-3.0933333333333337,3.0933333333333337
334,327.69,6.310000000000002,6.310000000000002
181,168.00333333333333,12.99666666666667,12.99666666666667
65,40.56666666666667,24.43333333333333,24.43333333333333
595,586.8166666666667,8.18333333333328,8.18333333333328
754,727.6866666666666,26.31333333333339,26.31333333333339
37,49.846666666666664,-12.846666666666664,12.846666666666664
187,161.56666666666666,25.433333333333337,25.433333333333337
2199,2155.8433333333332,43.15666666666675,43.15666666666675
651,635.3466666666667,15.653333333333308,15.653333333333308
914,899.5666666666667,14.43333333333328,14.43333333333328
2272,2267.616666666667,4.383333333333212,4.383333333333212
109,115.12,-6.1200000000000045,6.1200000000000045
2185,2176.2366666666667,8.763333333333321,8.763333333333321
224,217.87,6.1299999999999955,6.1299999999999955
442,436.53333333333336,5.46666666666664,5.46666666666664
173,168.92666666666668,4.0733333333333235,4.0733333333333235
546,553.2966666666666,-7.296666666666624,7.296666666666624
64,55.36833333333333,8.631666666666668,8.631666666666668
135,136.45666666666668,-1.4566666666666777,1.4566666666666777
0,3.3433333333333333,-3.3433333333333333,3.3433333333333333
1771,1755.1666666666667,15.833333333333258,15.833333333333258
581,575.4733333333334,5.526666666666642,5.526666666666642
942,943.08,-1.080000000000041,1.080000000000041
173,172.37333333333333,0.6266666666666652,0.6266666666666652
131,131.24,-0.2400000000000091,0.2400000000000091
139,146.53333333333333,-7.533333333333331,7.533333333333331
166,163.25666666666666,2.7433333333333394,2.7433333333333394
323,328.6566666666667,-5.656666666666695,5.656666666666695
26,19.24,6.760000000000002,6.760000000000002
401,397.4166666666667,3.5833333333333144,3.5833333333333144
1130,1111.6066666666666,18.39333333333343,18.39333333333343
32,32.2,-0.20000000000000284,0.20000000000000284
1662,1667.75,-5.75,5.75
719,727.4,-8.399999999999977,8.399999999999977
411,425.53,-14.529999999999973,14.529999999999973
168,174.31666666666666,-6.316666666666663,6.316666666666663
505,493.7733333333333,11.226666666666688,11.226666666666688
318,324.48,-6.480000000000018,6.480000000000018
131,132.16333333333333,-1.163333333333327,1.163333333333327
178,169.65333333333334,8.346666666666664,8.346666666666664
424,435.78333333333336,-11.78333333333336,11.78333333333336
530,534.4533333333334,-4.453333333333376,4.453333333333376
465,496.92,-31.920000000000016,31.920000000000016
173,165.63333333333333,7.366666666666674,7.366666666666674
555,567.7766666666666,-12.776666666666642,12.776666666666642
1765,1737.36,27.6400000000001,27.6400000000001
113,102.69666666666667,10.303333333333327,10.303333333333327
336,345.0466666666667,-9.046666666666681,9.046666666666681
152,158.91666666666666,-6.916666666666657,6.916666666666657
173,167.09333333333333,5.906666666666666,5.906666666666666
1,24.34,-23.34,23.34
1520,1551.8066666666666,-31.806666666666615,31.806666666666615
2258,2258.463333333333,-0.4633333333331393,0.4633333333331393
651,633.0166666666667,17.98333333333335,17.98333333333335
131,137.09666666666666,-6.096666666666664,6.096666666666664
2188,2173.17,14.829999999999927,14.829999999999927
1131,1110.5966666666666,20.40333333333342,20.40333333333342
126,136.13666666666666,-10.136666666666656,10.136666666666656
398,396.42333333333335,1.5766666666666538,1.5766666666666538
65,59.445,5.555,5.555
802,866.5866666666667,-64.5866666666667,64.5866666666667
0,0.9933333333333333,-0.9933333333333333,0.9933333333333333
884,903.9966666666667,-19.99666666666667,19.99666666666667
30,27.97,2.030000000000001,2.030000000000001
227,221.97666666666666,5.0233333333333405,5.0233333333333405
703,688.3633333333333,14.636666666666656,14.636666666666656
405,398.39,6.610000000000014,6.610000000000014
1440,1448.3433333333332,-8.343333333333248,8.343333333333248
36,24.183333333333334,11.816666666666666,11.816666666666666
591,531.78,59.22000000000003,59.22000000000003
305,316.93,-11.930000000000007,11.930000000000007
188,171.61333333333334,16.386666666666656,16.386666666666656
182,180.99,1.009999999999991,1.009999999999991
689,682.2433333333333,6.756666666666661,6.756666666666661
2192,2174.88,17.11999999999989,17.11999999999989
114,101.87666666666667,12.123333333333335,12.123333333333335
124,124.23333333333333,-0.23333333333333428,0.23333333333333428
68,59.58833333333333,8.411666666666669,8.411666666666669
166,168.48666666666668,-2.486666666666679,2.486666666666679
455,420.12,34.879999999999995,34.879999999999995
234,224.44333333333333,9.556666666666672,9.556666666666672
1775,1728.9633333333334,46.03666666666663,46.03666666666663
939,890.7633333333333,48.23666666666668,48.23666666666668
523,525.87,-2.8700000000000045,2.8700000000000045
735,716.26,18.74000000000001,18.74000000000001
153,146.64666666666668,6.353333333333325,6.353333333333325
0,0.8333333333333334,-0.8333333333333334,0.8333333333333334
451,438.0133333333333,12.986666666666679,12.986666666666679
1135,1115.3733333333332,19.62666666666678,19.62666666666678
136,129.41,6.590000000000003,6.590000000000003
132,131.27,0.7299999999999898,0.7299999999999898
2261,2247.86,13.139999999999873,13.139999999999873
654,634.5766666666667,19.42333333333329,19.42333333333329
276,284.14666666666665,-8.146666666666647,8.146666666666647
8,8.223333333333333,-0.22333333333333272,0.22333333333333272
0,0.7916666666666666,-0.7916666666666666,0.7916666666666666
105,104.79666666666667,0.20333333333333314,0.20333333333333314
2167,2185.45,-18.449999999999818,18.449999999999818
583,596.6533333333333,-13.653333333333308,13.653333333333308
150,164.88666666666666,-14.886666666666656,14.886666666666656
0,23.3,-23.3,23.3
133,138.13666666666666,-5.136666666666656,5.136666666666656
449,442.17333333333335,6.826666666666654,6.826666666666654
210,251.17333333333335,-41.173333333333346,41.173333333333346
72,65.02166666666666,6.978333333333339,6.978333333333339
36,40.61333333333334,-4.613333333333337,4.613333333333337
438,461.9766666666667,-23.976666666666688,23.976666666666688
120,127.79,-7.790000000000006,7.790000000000006
177,187.68333333333334,-10.683333333333337,10.683333333333337
1768,1753.5233333333333,14.476666666666688,14.476666666666688
2256,2260.9933333333333,-4.993333333333339,4.993333333333339
914,969.3066666666666,-55.306666666666615,55.306666666666615
650,652.42,-2.419999999999959,2.419999999999959
512,515.36,-3.3600000000000136,3.3600000000000136
658,664.8533333333334,-6.853333333333353,6.853333333333353
296,303.83666666666664,-7.836666666666645,7.836666666666645
231,239.69666666666666,-8.696666666666658,8.696666666666658
175,197.30333333333334,-22.30333333333334,22.30333333333334
392,403.51,-11.509999999999991,11.509999999999991
662,680.8766666666667,-18.876666666666665,18.876666666666665
145,139.07666666666665,5.923333333333346,5.923333333333346
143,151.56,-8.560000000000002,8.560000000000002
1130,1122.18,7.819999999999936,7.819999999999936
1335,1444.4033333333334,-109.40333333333342,109.40333333333342
1126,1117.4266666666667,8.573333333333267,8.573333333333267
208,181.29,26.710000000000008,26.710000000000008
151,152.82,-1.8199999999999932,1.8199999999999932
646,650.42,-4.419999999999959,4.419999999999959
135,138.24666666666667,-3.2466666666666697,3.2466666666666697
0,0.7916666666666666,-0.7916666666666666,0.7916666666666666
1761,1742.7933333333333,18.206666666666706,18.206666666666706
130,137.83333333333334,-7.833333333333343,7.833333333333343
227,231.20333333333335,-4.203333333333347,4.203333333333347
293,290.53333333333336,2.46666666666664,2.46666666666664
174,180.88333333333333,-6.883333333333326,6.883333333333326
2253,2258.1366666666668,-5.13666666666677,5.13666666666677
24,2.3783333333333334,21.621666666666666,21.621666666666666
974,936.5233333333333,37.47666666666669,37.47666666666669
185,174.7,10.300000000000011,10.300000000000011
101,100.92333333333333,0.07666666666666799,0.07666666666666799
54,40.49666666666667,13.50333333333333,13.50333333333333
2145,2155.1766666666667,-10.176666666666733,10.176666666666733
395,395.51666666666665,-0.5166666666666515,0.5166666666666515
640,651.42,-11.419999999999959,11.419999999999959
132,124.23,7.769999999999996,7.769999999999996
73,68.18833333333333,4.811666666666667,4.811666666666667
440,448.16333333333336,-8.163333333333355,8.163333333333355
134,133.87666666666667,0.12333333333333485,0.12333333333333485
672,629.63,42.370000000000005,42.370000000000005
603,586.7566666666667,16.24333333333334,16.24333333333334
452,436.4266666666667,15.573333333333323,15.573333333333323
505,515.32,-10.32000000000005,10.32000000000005
1327,1280.6466666666668,46.35333333333324,46.35333333333324
198,194.52,3.4799999999999898,3.4799999999999898
225,227.79,-2.789999999999992,2.789999999999992
169,166.50333333333333,2.4966666666666697,2.4966666666666697
518,515.2466666666667,2.7533333333333303,2.7533333333333303
1070,1033.0366666666666,36.96333333333337,36.96333333333337
54,41.416666666666664,12.583333333333336,12.583333333333336
0,0.5166666666666667,-0.5166666666666667,0.5166666666666667
164,180.19666666666666,-16.19666666666666,16.19666666666666
1359,1341.67,17.329999999999927,17.329999999999927
140,136.51666666666668,3.48333333333332,3.48333333333332
199,240.61666666666667,-41.616666666666674,41.616666666666674
129,132.88666666666666,-3.886666666666656,3.886666666666656
482,467.86,14.139999999999986,14.139999999999986
1120,1118.0566666666666,1.9433333333333849,1.9433333333333849
1756,1758.71,-2.7100000000000364,2.7100000000000364
116,135.39333333333335,-19.393333333333345,19.393333333333345
301,301.9533333333333,-0.9533333333333189,0.9533333333333189
69,76.75333333333333,-7.75333333333333,7.75333333333333
641,659.4166666666666,-18.41666666666663,18.41666666666663
2255,2261.5333333333333,-6.533333333333303,6.533333333333303
130,140.49666666666667,-10.49666666666667,10.49666666666667
464,448.3333333333333,15.666666666666686,15.666666666666686
634,644.7966666666666,-10.796666666666624,10.796666666666624
387,402.17333333333335,-15.173333333333346,15.173333333333346
659,635.5233333333333,23.476666666666688,23.476666666666688
79,70.96666666666667,8.033333333333331,8.033333333333331
2119,2154.5666666666666,-35.566666666666606,35.566666666666606
717,726.0366666666666,-9.036666666666633,9.036666666666633
95,105.33666666666667,-10.336666666666673,10.336666666666673
1152,1146.2533333333333,5.74666666666667,5.74666666666667
141,143.96333333333334,-2.9633333333333383,2.9633333333333383
136,123.62333333333333,12.376666666666665,12.376666666666665
1752,1747.6866666666667,4.313333333333276,4.313333333333276
211,224.16,-13.159999999999997,13.159999999999997
635,648.2033333333334,-13.203333333333376,13.203333333333376
653,644.8066666666666,8.193333333333385,8.193333333333385
812,769.4,42.60000000000002,42.60000000000002
517,533.95,-16.950000000000045,16.950000000000045
76,68.34333333333333,7.656666666666666,7.656666666666666
134,135.91333333333333,-1.913333333333327,1.913333333333327
99,97.23,1.769999999999996,1.769999999999996
2116,2121.7833333333333,-5.783333333333303,5.783333333333303
315,308.49666666666667,6.50333333333333,6.50333333333333
175,167.74333333333334,7.256666666666661,7.256666666666661
101,91.54666666666667,9.453333333333333,9.453333333333333
96,103.32,-7.319999999999993,7.319999999999993
390,393.17333333333335,-3.173333333333346,3.173333333333346
216,207.71666666666667,8.283333333333331,8.283333333333331
123,132.48333333333332,-9.48333333333332,9.48333333333332
505,509.51666666666665,-4.5166666666666515,4.5166666666666515
243,230.87666666666667,12.123333333333335,12.123333333333335
1112,1114.63,-2.630000000000109,2.630000000000109
196,175.99,20.00999999999999,20.00999999999999
2245,2266.24,-21.23999999999978,21.23999999999978
0,0.5166666666666667,-0.5166666666666667,0.5166666666666667
1474,1429.14,44.8599999999999,44.8599999999999
473,489.6433333333333,-16.643333333333317,16.643333333333317
701,714.35,-13.350000000000023,13.350000000000023
0,8.886666666666667,-8.886666666666667,8.886666666666667
141,174.87666666666667,-33.876666666666665,33.876666666666665
191,192.13333333333333,-1.1333333333333258,1.1333333333333258
538,539.6033333333334,-1.603333333333353,1.603333333333353
232,238.3,-6.300000000000011,6.300000000000011
247,231.34333333333333,15.656666666666666,15.656666666666666
1334,1278.98,55.01999999999998,55.01999999999998
332,328.9433333333333,3.056666666666672,3.056666666666672
770,759.6066666666667,10.393333333333317,10.393333333333317
2253,2256.633333333333,-3.633333333333212,3.633333333333212
110,111.52,-1.519999999999996,1.519999999999996
909,908.91,0.09000000000003183,0.09000000000003183
161,155.21333333333334,5.786666666666662,5.786666666666662
2124,2145.3366666666666,-21.336666666666588,21.336666666666588
156,144.59666666666666,11.403333333333336,11.403333333333336
384,403.5,-19.5,19.5
203,212.50666666666666,-9.50666666666666,9.50666666666666
485,498.5233333333333,-13.523333333333312,13.523333333333312
688,714.3066666666666,-26.306666666666615,26.306666666666615
1597,1650.05,-53.049999999999955,53.049999999999955
151,144.41,6.590000000000003,6.590000000000003
283,324.75333333333333,-41.75333333333333,41.75333333333333
81,88.72166666666666,-7.721666666666664,7.721666666666664
535,540.22,-5.220000000000027,5.220000000000027
1769,1758.5066666666667,10.49333333333334,10.49333333333334
629,642.2966666666666,-13.296666666666624,13.296666666666624
117,136.66,-19.659999999999997,19.659999999999997
153,156.34666666666666,-3.346666666666664,3.346666666666664
1109,1112.7166666666667,-3.716666666666697,3.716666666666697
346,352.06666666666666,-6.066666666666663,6.066666666666663
409,397.8666666666667,11.133333333333326,11.133333333333326
113,145.65666666666667,-32.656666666666666,32.656666666666666
273,280.43666666666667,-7.436666666666667,7.436666666666667
2250,2270.4466666666667,-20.446666666666715,20.446666666666715
523,511.07,11.930000000000007,11.930000000000007
1070,1071.9266666666667,-1.9266666666667334,1.9266666666667334
195,207.83,-12.830000000000013,12.830000000000013
1818,1855.11,-37.1099999999999,37.1099999999999
2177,2171.7533333333336,5.246666666666442,5.246666666666442
269,285.83666666666664,-16.836666666666645,16.836666666666645
564,576.9333333333333,-12.93333333333328,12.93333333333328
178,175.97666666666666,2.0233333333333405,2.0233333333333405
0,17.55666666666667,-17.55666666666667,17.55666666666667
220,205.01333333333332,14.986666666666679,14.986666666666679
225,221.61,3.3899999999999864,3.3899999999999864
190,185.36333333333334,4.636666666666656,4.636666666666656
1481,1595.5966666666666,-114.59666666666658,114.59666666666658
1107,1121.6833333333334,-14.683333333333394,14.683333333333394
78,102.05833333333334,-24.058333333333337,24.058333333333337
1826,1789.23,36.76999999999998,36.76999999999998
754,766.76,-12.759999999999991,12.759999999999991
560,591.28,-31.279999999999973,31.279999999999973
147,125.64666666666666,21.35333333333334,21.35333333333334
162,158.15666666666667,3.8433333333333337,3.8433333333333337
628,637.02,-9.019999999999982,9.019999999999982
352,380.51,-28.50999999999999,28.50999999999999
829,903.35,-74.35000000000002,74.35000000000002
201,210.21666666666667,-9.216666666666669,9.216666666666669
2253,2264.87,-11.86999999999989,11.86999999999989
88,99.15166666666667,-11.15166666666667,11.15166666666667
815,822.26,-7.259999999999991,7.259999999999991
2203,2231.76,-28.76000000000022,28.76000000000022
201,208.42333333333335,-7.423333333333346,7.423333333333346
1842,1887.1033333333332,-45.10333333333324,45.10333333333324
612,613.4066666666666,-1.4066666666666379,1.4066666666666379
545,563.5433333333333,-18.543333333333294,18.543333333333294
1228,1343.1033333333332,-115.10333333333324,115.10333333333324
1099,1121.4833333333333,-22.48333333333335,22.48333333333335
2034,2094.6966666666667,-60.696666666666715,60.696666666666715
168,174.32333333333332,-6.3233333333333235,6.3233333333333235
247,254.79666666666665,-7.796666666666653,7.796666666666653
440,417.6766666666667,22.323333333333323,22.323333333333323
160,169.20333333333335,-9.203333333333347,9.203333333333347
624,641.9566666666667,-17.956666666666706,17.956666666666706
248,260.99333333333334,-12.99333333333334,12.99333333333334
419,417.2633333333333,1.7366666666666788,1.7366666666666788
210,231.34666666666666,-21.346666666666664,21.346666666666664
938,953.5666666666667,-15.56666666666672,15.56666666666672
110,138.44333333333333,-28.443333333333328,28.443333333333328
9,17.55666666666667,-8.556666666666668,8.556666666666668
1684,1709.7666666666667,-25.76666666666665,25.76666666666665
326,314.03,11.970000000000027,11.970000000000027
581,602.0133333333333,-21.01333333333332,21.01333333333332
298,302.9766666666667,-4.976666666666688,4.976666666666688
362,359.3833333333333,2.6166666666666742,2.6166666666666742
264,254.78,9.219999999999999,9.219999999999999
234,224.93333333333334,9.066666666666663,9.066666666666663
428,432.84,-4.839999999999975,4.839999999999975
257,240.08666666666667,16.913333333333327,16.913333333333327
1734,2579.0266666666666,-845.0266666666666,845.0266666666666
1561,1561.4366666666667,-0.43666666666672427,0.43666666666672427
2984,3172.4533333333334,-188.45333333333338,188.45333333333338
1367,1364.7066666666667,2.293333333333294,2.293333333333294
419,402.5966666666667,16.403333333333308,16.403333333333308
262,256.80333333333334,5.196666666666658,5.196666666666658
2866,2571.89,294.1100000000001,294.1100000000001
275,241.69333333333333,33.30666666666667,33.30666666666667
944,1000.18,-56.17999999999995,56.17999999999995
519,529.1566666666666,-10.156666666666638,10.156666666666638
2484,2545.076666666667,-61.076666666666824,61.076666666666824
617,599.9966666666667,17.00333333333333,17.00333333333333
98,322.22,-224.22000000000003,224.22000000000003
560,543.38,16.620000000000005,16.620000000000005
774,748.2366666666667,25.76333333333332,25.76333333333332
1042,1066.7833333333333,-24.783333333333303,24.783333333333303
967,841.4833333333333,125.51666666666665,125.51666666666665
321,404.9633333333333,-83.96333333333331,83.96333333333331
592,601.3233333333334,-9.32333333333338,9.32333333333338
3971,3684.95,286.0500000000002,286.0500000000002
173,187.06666666666666,-14.066666666666663,14.066666666666663
423,450.13666666666666,-27.136666666666656,27.136666666666656
1803,2666.3166666666666,-863.3166666666666,863.3166666666666
1125,948.8333333333334,176.16666666666663,176.16666666666663
1036,1034.7866666666666,1.2133333333333667,1.2133333333333667
252,255.83,-3.8300000000000125,3.8300000000000125
423,426.7133333333333,-3.71333333333331,3.71333333333331
511,500.1566666666667,10.843333333333305,10.843333333333305
321,340.33,-19.329999999999984,19.329999999999984
1793,2165.2933333333335,-372.2933333333335,372.2933333333335
252,249.99666666666667,2.0033333333333303,2.0033333333333303
1349,1366.33,-17.329999999999927,17.329999999999927
1730,1966.5966666666666,-236.59666666666658,236.59666666666658
3878,3887.233333333333,-9.233333333333121,9.233333333333121
172,177.99333333333334,-5.993333333333339,5.993333333333339
421,420.3933333333333,0.6066666666666833,0.6066666666666833
1540,1561.2333333333333,-21.23333333333335,21.23333333333335
100,285.75666666666666,-185.75666666666666,185.75666666666666
2781,2778.12,2.880000000000109,2.880000000000109
551,574.2266666666667,-23.226666666666688,23.226666666666688
586,602.8966666666666,-16.896666666666647,16.896666666666647
928,939.8466666666667,-11.846666666666692,11.846666666666692
2466,2476.23,-10.230000000000018,10.230000000000018
746,757.7666666666667,-11.766666666666652,11.766666666666652
924,936.2833333333333,-12.283333333333303,12.283333333333303
263,263.65,-0.6499999999999773,0.6499999999999773
414,416.93333333333334,-2.933333333333337,2.933333333333337
600,609.89,-9.889999999999986,9.889999999999986
2940,2998.0266666666666,-58.02666666666664,58.02666666666664
1111,1112.3366666666666,-1.3366666666665878,1.3366666666665878
323,327.53333333333336,-4.53333333333336,4.53333333333336
247,253.79666666666665,-6.796666666666653,6.796666666666653
241,251.27666666666667,-10.27666666666667,10.27666666666667
1482,1497.3866666666668,-15.38666666666677,15.38666666666677
576,588.83,-12.830000000000041,12.830000000000041
2848,2855.096666666667,-7.096666666666806,7.096666666666806
171,165.48,5.52000000000001,5.52000000000001
219,218.97333333333333,0.026666666666670835,0.026666666666670835
2417,2397.0633333333335,19.936666666666497,19.936666666666497
102,123.34333333333333,-21.343333333333334,21.343333333333334
488,482.72333333333336,5.276666666666642,5.276666666666642
1016,1065.3033333333333,-49.303333333333285,49.303333333333285
1760,1760.1366666666668,-0.13666666666676974,0.13666666666676974
3486,3689.48,-203.48000000000002,203.48000000000002
687,719.25,-32.25,32.25
870,892.73,-22.730000000000018,22.730000000000018
994,1003.4633333333334,-9.463333333333367,9.463333333333367
2434,2670.6433333333334,-236.64333333333343,236.64333333333343
401,399.48333333333335,1.5166666666666515,1.5166666666666515
404,412.75666666666666,-8.75666666666666,8.75666666666666
405,404.0366666666667,0.9633333333333098,0.9633333333333098
1271,1309.6733333333334,-38.6733333333334,38.6733333333334
1704,1650.4566666666667,53.543333333333294,53.543333333333294
570,548.2466666666667,21.75333333333333,21.75333333333333
526,547.3133333333334,-21.31333333333339,21.31333333333339
731,866.4833333333333,-135.48333333333335,135.48333333333335
318,280.82666666666665,37.173333333333346,37.173333333333346
2361,2358.4966666666664,2.5033333333335577,2.5033333333335577
382,381.8833333333333,0.11666666666667425,0.11666666666667425
105,140.36333333333334,-35.363333333333344,35.363333333333344
521,530.2,-9.200000000000045,9.200000000000045
404,394.1666666666667,9.833333333333314,9.833333333333314
462,460.9766666666667,1.0233333333333121,1.0233333333333121
625,647.2133333333334,-22.213333333333367,22.213333333333367
1684,1857.8133333333333,-173.81333333333328,173.81333333333328
1708,1909.2666666666667,-201.26666666666665,201.26666666666665
3030,3108.6033333333335,-78.60333333333347,78.60333333333347
802,823.7166666666667,-21.716666666666697,21.716666666666697
495,482.24,12.759999999999991,12.759999999999991
246,241.69,4.310000000000002,4.310000000000002
956,954.67,1.330000000000041,1.330000000000041
219,224.86,-5.860000000000014,5.860000000000014
2013,2069.6233333333334,-56.62333333333345,56.62333333333345
894,917.23,-23.230000000000018,23.230000000000018
1418,1422.8933333333334,-4.89333333333343,4.89333333333343
169,170.97,-1.9699999999999989,1.9699999999999989
2726,2753.6133333333332,-27.61333333333323,27.61333333333323
494,591.9033333333333,-97.90333333333331,97.90333333333331
167,184.62,-17.620000000000005,17.620000000000005
389,389.9533333333333,-0.9533333333333189,0.9533333333333189
573,559.38,13.620000000000005,13.620000000000005
1184,1196.0133333333333,-12.013333333333321,12.013333333333321
448,422.2866666666667,25.71333333333331,25.71333333333331
1339,1351.4766666666667,-12.476666666666688,12.476666666666688
2301,2296.97,4.0300000000002,4.0300000000002
2579,2727.133333333333,-148.1333333333332,148.1333333333332
252,240.22666666666666,11.77333333333334,11.77333333333334
462,464.8933333333333,-2.8933333333333167,2.8933333333333167
1652,1903.8133333333333,-251.81333333333328,251.81333333333328
1090,1111.56,-21.559999999999945,21.559999999999945
2581,2675.3133333333335,-94.3133333333335,94.3133333333335
749,780.35,-31.350000000000023,31.350000000000023
316,272.11,43.889999999999986,43.889999999999986
394,391.47333333333336,2.5266666666666424,2.5266666666666424
891,917.4966666666667,-26.49666666666667,26.49666666666667
197,203.17,-6.1699999999999875,6.1699999999999875
111,129.06666666666666,-18.066666666666663,18.066666666666663
1600,1710.1966666666667,-110.19666666666672,110.19666666666672
292,340.11,-48.110000000000014,48.110000000000014
563,574.9633333333334,-11.963333333333367,11.963333333333367
1675,1872.2233333333334,-197.22333333333336,197.22333333333336
169,166.96,2.039999999999992,2.039999999999992
448,464.21,-16.20999999999998,16.20999999999998
360,381.7133333333333,-21.71333333333331,21.71333333333331
723,739.68,-16.67999999999995,16.67999999999995
110,142.66,-32.66,32.66
367,361.6433333333333,5.356666666666683,5.356666666666683
559,582.2266666666667,-23.226666666666688,23.226666666666688
2188,2206.9766666666665,-18.97666666666646,18.97666666666646
406,410.4866666666667,-4.486666666666679,4.486666666666679
1638,1770.27,-132.26999999999998,132.26999999999998
1040,1013.0466666666666,26.953333333333376,26.953333333333376
688,660.1866666666666,27.81333333333339,27.81333333333339
164,179.47,-15.469999999999999,15.469999999999999
149,128.81,20.189999999999998,20.189999999999998
250,250.58666666666667,-0.5866666666666731,0.5866666666666731
536,555.9266666666666,-19.92666666666662,19.92666666666662
341,339.22,1.7799999999999727,1.7799999999999727
1658,1763.81,-105.80999999999995,105.80999999999995
167,166.93333333333334,0.06666666666666288,0.06666666666666288
1245,1298.8233333333333,-53.82333333333327,53.82333333333327
116,103.96,12.040000000000006,12.040000000000006
352,341.6066666666667,10.393333333333317,10.393333333333317
97,78.10333333333334,18.89666666666666,18.89666666666666
495,521.75,-26.75,26.75
390,413.71666666666664,-23.71666666666664,23.71666666666664
2258,2234.6266666666666,23.37333333333345,23.37333333333345
324,273.93666666666667,50.06333333333333,50.06333333333333
412,422.12333333333333,-10.123333333333335,10.123333333333335
2431,2482.8233333333333,-51.82333333333327,51.82333333333327
369,376.31333333333333,-7.313333333333333,7.313333333333333
837,832.0166666666667,4.9833333333333485,4.9833333333333485
601,635.3466666666667,-34.34666666666669,34.34666666666669
1249,1283.9966666666667,-34.99666666666667,34.99666666666667
1027,963.6133333333333,63.386666666666656,63.386666666666656
508,520.09,-12.090000000000032,12.090000000000032
489,445.7,43.30000000000001,43.30000000000001
1619,1722.3666666666666,-103.36666666666656,103.36666666666656
674,631.4366666666666,42.56333333333339,42.56333333333339
362,369.04,-7.0400000000000205,7.0400000000000205
69,21.786666666666665,47.21333333333334,47.21333333333334
460,455.68333333333334,4.316666666666663,4.316666666666663
341,355.14,-14.139999999999986,14.139999999999986
78,77.57333333333334,0.4266666666666623,0.4266666666666623
167,162.58333333333334,4.416666666666657,4.416666666666657
120,107.54333333333334,12.456666666666663,12.456666666666663
1189,1176.73,12.269999999999982,12.269999999999982
252,243.66333333333333,8.336666666666673,8.336666666666673
344,319.36333333333334,24.636666666666656,24.636666666666656
1018,949.2666666666667,68.73333333333335,68.73333333333335
144,148.21666666666667,-4.216666666666669,4.216666666666669
2214,2213.826666666667,0.1733333333331757,0.1733333333331757
395,393.14,1.8600000000000136,1.8600000000000136
353,339.47333333333336,13.526666666666642,13.526666666666642
2334,2322.1566666666668,11.843333333333248,11.843333333333248
794,776.2733333333333,17.726666666666688,17.726666666666688
347,345.48,1.5199999999999818,1.5199999999999818
1661,1757.82,-96.81999999999994,96.81999999999994
1967,1864.2833333333333,102.7166666666667,102.7166666666667
325,288.94666666666666,36.05333333333334,36.05333333333334
69,58.193333333333335,10.806666666666665,10.806666666666665
421,423.12333333333333,-2.123333333333335,2.123333333333335
129,110.83666666666667,18.163333333333327,18.163333333333327
500,485.3066666666667,14.693333333333328,14.693333333333328
1133,1130.81,2.1900000000000546,2.1900000000000546
17,20.283333333333335,-3.283333333333335,3.283333333333335
399,381.0133333333333,17.98666666666668,17.98666666666668
334,339.3,-5.300000000000011,5.300000000000011
2245,2217.7433333333333,27.25666666666666,27.25666666666666
837,873.7833333333333,-36.7833333333333,36.7833333333333
1610,1669.91,-59.91000000000008,59.91000000000008
169,162.63333333333333,6.366666666666674,6.366666666666674
331,286.60333333333335,44.39666666666665,44.39666666666665
980,969.7166666666667,10.283333333333303,10.283333333333303
1635,1757.19,-122.19000000000005,122.19000000000005
771,735.8133333333334,35.18666666666661,35.18666666666661
646,641.8733333333333,4.126666666666665,4.126666666666665
130,121.64333333333333,8.35666666666667,8.35666666666667
301,300.2733333333333,0.7266666666666879,0.7266666666666879
245,247.45333333333335,-2.4533333333333474,2.4533333333333474
332,323.76,8.240000000000009,8.240000000000009
314,327.06333333333333,-13.063333333333333,13.063333333333333
1748,1735.8233333333333,12.176666666666733,12.176666666666733
331,320.9266666666667,10.073333333333323,10.073333333333323
362,378.35333333333335,-16.353333333333353,16.353333333333353
2189,2160.72,28.2800000000002,28.2800000000002
127,121.75333333333333,5.24666666666667,5.24666666666667
341,337.48,3.519999999999982,3.519999999999982
167,169.11333333333334,-2.113333333333344,2.113333333333344
317,308.95666666666665,8.04333333333335,8.04333333333335
2153,2133.4066666666668,19.59333333333325,19.59333333333325
43,53.63,-10.630000000000003,10.630000000000003
0,13.496666666666666,-13.496666666666666,13.496666666666666
273,274.26,-1.259999999999991,1.259999999999991
284,264.52,19.480000000000018,19.480000000000018
314,315.81,-1.8100000000000023,1.8100000000000023
316,311.82,4.180000000000007,4.180000000000007
106,112.17666666666666,-6.176666666666662,6.176666666666662
1601,1713.02,-112.01999999999998,112.01999999999998
904,918.1733333333333,-14.17333333333329,14.17333333333329
481,478.49333333333334,2.5066666666666606,2.5066666666666606
325,296.47333333333336,28.526666666666642,28.526666666666642
1526,1513.28,12.720000000000027,12.720000000000027
228,236.94666666666666,-8.946666666666658,8.946666666666658
2130,2149.3133333333335,-19.313333333333503,19.313333333333503
281,299.1533333333333,-18.153333333333308,18.153333333333308
384,390.6533333333333,-6.653333333333308,6.653333333333308
587,601.7133333333334,-14.713333333333367,14.713333333333367
1061,1093.7166666666667,-32.7166666666667,32.7166666666667
1584,1641.32,-57.319999999999936,57.319999999999936
665,681.4333333333333,-16.43333333333328,16.43333333333328
720,743.3233333333334,-23.32333333333338,23.32333333333338
169,161.88666666666666,7.113333333333344,7.113333333333344
1333,1316.44,16.559999999999945,16.559999999999945
1545,1626.94,-81.94000000000005,81.94000000000005
310,298.44,11.560000000000002,11.560000000000002
515,492.0233333333333,22.976666666666688,22.976666666666688
240,249.45666666666668,-9.456666666666678,9.456666666666678
2083,2054.6033333333335,28.396666666666533,28.396666666666533
297,297.2733333333333,-0.2733333333333121,0.2733333333333121
355,366.42,-11.420000000000016,11.420000000000016
2072,2087.6466666666665,-15.646666666666533,15.646666666666533
4,38.803333333333335,-34.803333333333335,34.803333333333335
479,472.85,6.149999999999977,6.149999999999977
214,216.25666666666666,-2.2566666666666606,2.2566666666666606
0,0.51,-0.51,0.51
683,673.7533333333333,9.24666666666667,9.24666666666667
330,282.9266666666667,47.07333333333332,47.07333333333332
160,190.08333333333334,-30.083333333333343,30.083333333333343
88,83.42666666666666,4.573333333333338,4.573333333333338
525,549.1466666666666,-24.146666666666647,24.146666666666647
822,813.93,8.07000000000005,8.07000000000005
132,115.13,16.870000000000005,16.870000000000005
994,982.44,11.559999999999945,11.559999999999945
276,255.86,20.139999999999986,20.139999999999986
307,306.49333333333334,0.5066666666666606,0.5066666666666606
311,319.43,-8.430000000000007,8.430000000000007
1567,1618.3,-51.299999999999955,51.299999999999955
741,744.7733333333333,-3.773333333333312,3.773333333333312
275,270.57,4.430000000000007,4.430000000000007
1518,1608.7066666666667,-90.7066666666667,90.7066666666667
224,204.45333333333335,19.546666666666653,19.546666666666653
289,290.50333333333333,-1.5033333333333303,1.5033333333333303
349,438.33,-89.32999999999998,89.32999999999998
244,270.09,-26.089999999999975,26.089999999999975
466,495.76,-29.75999999999999,29.75999999999999
295,297.13,-2.1299999999999955,2.1299999999999955
54,65.78666666666666,-11.786666666666662,11.786666666666662
187,206.49,-19.49000000000001,19.49000000000001
2015,2040.92,-25.920000000000073,25.920000000000073
647,656.0666666666667,-9.06666666666672,9.06666666666672
327,291.6433333333333,35.35666666666668,35.35666666666668
0,0.6133333333333333,-0.6133333333333333,0.6133333333333333
132,125.18,6.819999999999993,6.819999999999993
36,79.31333333333333,-43.31333333333333,43.31333333333333
1100,1207.2466666666667,-107.24666666666667,107.24666666666667
0,2.1133333333333333,-2.1133333333333333,2.1133333333333333
463,478.85333333333335,-15.853333333333353,15.853333333333353
914,928.3233333333334,-14.32333333333338,14.32333333333338
314,331.25,-17.25,17.25
168,167.90666666666667,0.09333333333333371,0.09333333333333371
267,292.95666666666665,-25.95666666666665,25.95666666666665
1531,1595.44,-64.44000000000005,64.44000000000005
1972,2041.19,-69.19000000000005,69.19000000000005
674,685.5333333333333,-11.533333333333303,11.533333333333303
165,164.80333333333334,0.19666666666665833,0.19666666666665833
274,274.01,-0.009999999999990905,0.009999999999990905
0,0.44166666666666665,-0.44166666666666665,0.44166666666666665
18,39.903333333333336,-21.903333333333336,21.903333333333336
255,248.23,6.77000000000001,6.77000000000001
0,16.933333333333334,-16.933333333333334,16.933333333333334
1471,1505.8033333333333,-34.803333333333285,34.803333333333285
639,618.1733333333333,20.82666666666671,20.82666666666671
894,823.7466666666667,70.25333333333333,70.25333333333333
134,125.28666666666666,8.713333333333338,8.713333333333338
287,286.5933333333333,0.4066666666666947,0.4066666666666947
161,175.62333333333333,-14.623333333333335,14.623333333333335
295,294.83,0.17000000000001592,0.17000000000001592
324,286.46666666666664,37.53333333333336,37.53333333333336
0,0.12666666666666668,-0.12666666666666668,0.12666666666666668
1526,1568.7533333333333,-42.75333333333333,42.75333333333333
452,451.44666666666666,0.5533333333333417,0.5533333333333417
420,427.50666666666666,-7.506666666666661,7.506666666666661
1973,1977.5733333333333,-4.573333333333267,4.573333333333267
231,222.20666666666668,8.793333333333322,8.793333333333322
295,295.57,-0.5699999999999932,0.5699999999999932
984,1008.9,-24.899999999999977,24.899999999999977
254,249.22666666666666,4.7733333333333405,4.7733333333333405
199,207.09666666666666,-8.096666666666664,8.096666666666664
1936,1915.7566666666667,20.24333333333334,20.24333333333334
419,431.5366666666667,-12.53666666666669,12.53666666666669
1402,1480.1833333333334,-78.1833333333334,78.1833333333334
589,627.0933333333334,-38.09333333333336,38.09333333333336
838,887.21,-49.210000000000036,49.210000000000036
1916,1939.4633333333334,-23.463333333333367,23.463333333333367
262,276.1566666666667,-14.156666666666695,14.156666666666695
259,255.92333333333335,3.076666666666654,3.076666666666654
249,245.29,3.710000000000008,3.710000000000008
131,129.74666666666667,1.2533333333333303,1.2533333333333303
1846,1928.62,-82.61999999999989,82.61999999999989
160,173.30333333333334,-13.303333333333342,13.303333333333342
361,391.44666666666666,-30.44666666666666,30.44666666666666
4,5.193333333333333,-1.1933333333333334,1.1933333333333334
0,0.9333333333333333,-0.9333333333333333,0.9333333333333333
261,280.2133333333333,-19.21333333333331,19.21333333333331
0,1.1633333333333333,-1.1633333333333333,1.1633333333333333
578,613.89,-35.889999999999986,35.889999999999986
217,243.55333333333334,-26.55333333333334,26.55333333333334
852,927.3666666666667,-75.36666666666667,75.36666666666667
247,259.63666666666666,-12.636666666666656,12.636666666666656
323,287.12333333333333,35.876666666666665,35.876666666666665
158,164.76333333333332,-6.763333333333321,6.763333333333321
209,222.42333333333335,-13.423333333333346,13.423333333333346
1526,1565.1933333333334,-39.193333333333385,39.193333333333385
129,140.81,-11.810000000000002,11.810000000000002
0,0.4,-0.4,0.4
0,0.03333333333333333,-0.03333333333333333,0.03333333333333333
243,252.79666666666665,-9.796666666666653,9.796666666666653
5,15.693333333333333,-10.693333333333333,10.693333333333333
0,0.4,-0.4,0.4
189,176.46666666666667,12.533333333333331,12.533333333333331
241,246.96333333333334,-5.963333333333338,5.963333333333338
123,123.66666666666667,-0.6666666666666714,0.6666666666666714
137,132.43333333333334,4.566666666666663,4.566666666666663
2,0.9333333333333333,1.0666666666666667,1.0666666666666667
235,236.20666666666668,-1.2066666666666777,1.2066666666666777
235,250.84333333333333,-15.843333333333334,15.843333333333334
393,404.4433333333333,-11.443333333333328,11.443333333333328
775,799.8133333333334,-24.81333333333339,24.81333333333339
1773,1808.4066666666668,-35.40666666666675,35.40666666666675
176,205.45333333333335,-29.453333333333347,29.453333333333347
158,149.61333333333334,8.386666666666656,8.386666666666656
315,288.21,26.79000000000002,26.79000000000002
515,524.3633333333333,-9.363333333333344,9.363333333333344
1526,1567.7966666666666,-41.796666666666624,41.796666666666624
1859,1893.2166666666667,-34.2166666666667,34.2166666666667
566,570.7133333333334,-4.713333333333367,4.713333333333367
245,261.8066666666667,-16.806666666666672,16.806666666666672
807,799.2966666666666,7.703333333333376,7.703333333333376
326,390.09,-64.08999999999997,64.08999999999997
1351,1461.1566666666668,-110.15666666666675,110.15666666666675
106,108.76666666666667,-2.7666666666666657,2.7666666666666657
225,209.45666666666668,15.543333333333322,15.543333333333322
323,307.39,15.610000000000014,15.610000000000014
1711,1765.33,-54.32999999999993,54.32999999999993
385,383.97,1.0299999999999727,1.0299999999999727
238,233.33,4.6699999999999875,4.6699999999999875
491,505.19,-14.189999999999998,14.189999999999998
743,741.2233333333334,1.7766666666666424,1.7766666666666424
0,2.59,-2.59,2.59
521,564.8433333333334,-43.84333333333336,43.84333333333336
0,0.06833333333333333,-0.06833333333333333,0.06833333333333333
168,182.43,-14.430000000000007,14.430000000000007
155,172.87666666666667,-17.876666666666665,17.876666666666665
101,92.14333333333333,8.85666666666667,8.85666666666667
119,131.25666666666666,-12.25666666666666,12.25666666666666
134,139.84666666666666,-5.846666666666664,5.846666666666664
160,157.51333333333332,2.486666666666679,2.486666666666679
767,799.8866666666667,-32.886666666666656,32.886666666666656
1845,1837.3866666666668,7.61333333333323,7.61333333333323
237,239.04333333333332,-2.0433333333333223,2.0433333333333223
7,14.916666666666666,-7.916666666666666,7.916666666666666
0,2.4366666666666665,-2.4366666666666665,2.4366666666666665
1325,1393.1966666666667,-68.19666666666672,68.19666666666672
312,279.7966666666667,32.20333333333332,32.20333333333332
236,259.54333333333335,-23.54333333333335,23.54333333333335
246,242.36,3.6399999999999864,3.6399999999999864
1525,1602.24,-77.24000000000001,77.24000000000001
254,251.52,2.4799999999999898,2.4799999999999898
110,120.92,-10.920000000000002,10.920000000000002
774,766.22,7.779999999999973,7.779999999999973
143,150.73666666666668,-7.736666666666679,7.736666666666679
0,0.06833333333333333,-0.06833333333333333,0.06833333333333333
159,162.13666666666666,-3.136666666666656,3.136666666666656
520,517.6933333333334,2.306666666666615,2.306666666666615
1846,1835.4833333333333,10.516666666666652,10.516666666666652
382,381.67333333333335,0.3266666666666538,0.3266666666666538
102,85.72333333333333,16.27666666666667,16.27666666666667
8,2.4366666666666665,5.5633333333333335,5.5633333333333335
324,311.2,12.800000000000011,12.800000000000011
268,262.49333333333334,5.506666666666661,5.506666666666661
3,1.2233333333333334,1.7766666666666666,1.7766666666666666
1750,1731.9233333333334,18.076666666666597,18.076666666666597
345,280.81,64.19,64.19
162,145.7,16.30000000000001,16.30000000000001
257,239.43,17.569999999999993,17.569999999999993
151,151.83333333333334,-0.8333333333333428,0.8333333333333428
1528,1602.4333333333334,-74.4333333333334,74.4333333333334
1301,1366.7466666666667,-65.74666666666667,65.74666666666667
748,738.95,9.049999999999955,9.049999999999955
467,493.45666666666665,-26.45666666666665,26.45666666666665
17,18.906666666666666,-1.9066666666666663,1.9066666666666663
235,231.05,3.9499999999999886,3.9499999999999886
223,226.37333333333333,-3.373333333333335,3.373333333333335
160,161.21666666666667,-1.2166666666666686,1.2166666666666686
284,311.0733333333333,-27.073333333333323,27.073333333333323
367,385.11333333333334,-18.113333333333344,18.113333333333344
122,132.81,-10.810000000000002,10.810000000000002
15,22.893333333333334,-7.893333333333334,7.893333333333334
13,65.73,-52.730000000000004,52.730000000000004
271,278.5233333333333,-7.523333333333312,7.523333333333312
735,771.2133333333334,-36.21333333333337,36.21333333333337
201,160.84,40.16,40.16
0,8.65,-8.65,8.65
1268,1340.62,-72.61999999999989,72.61999999999989
1817,1843.7166666666667,-26.716666666666697,26.716666666666697
0,0.06833333333333333,-0.06833333333333333,0.06833333333333333
392,344.12666666666667,47.873333333333335,47.873333333333335
239,233.31333333333333,5.686666666666667,5.686666666666667
1526,1602.88,-76.88000000000011,76.88000000000011
90,89.12,0.8799999999999955,0.8799999999999955
108,106.07333333333334,1.9266666666666623,1.9266666666666623
276,262.9166666666667,13.083333333333314,13.083333333333314
1882,1778.8266666666666,103.1733333333334,103.1733333333334
314,328.78,-14.779999999999973,14.779999999999973
532,527.68,4.32000000000005,4.32000000000005
207,221.51666666666668,-14.51666666666668,14.51666666666668
808,798.5933333333334,9.406666666666638,9.406666666666638
436,486.1433333333333,-50.14333333333332,50.14333333333332
198,182.41333333333333,15.586666666666673,15.586666666666673
101,111.34666666666666,-10.346666666666664,10.346666666666664
157,168.0,-11.0,11.0
1998,2031.5633333333333,-33.563333333333276,33.563333333333276
404,418.0133333333333,-14.013333333333321,14.013333333333321
230,243.80333333333334,-13.803333333333342,13.803333333333342
334,308.07666666666665,25.923333333333346,25.923333333333346
53,76.07,-23.069999999999993,23.069999999999993
221,252.01666666666668,-31.01666666666668,31.01666666666668
35,34.88,0.11999999999999744,0.11999999999999744
321,315.09,5.910000000000025,5.910000000000025
882,917.2833333333333,-35.2833333333333,35.2833333333333
194,208.76,-14.759999999999991,14.759999999999991
351,369.48333333333335,-18.48333333333335,18.48333333333335
1269,1322.89,-53.8900000000001,53.8900000000001
258,255.49,2.509999999999991,2.509999999999991
0,0.03333333333333333,-0.03333333333333333,0.03333333333333333
99,86.62,12.379999999999995,12.379999999999995
457,449.98333333333335,7.0166666666666515,7.0166666666666515
385,336.27,48.73000000000002,48.73000000000002
343,327.4166666666667,15.583333333333314,15.583333333333314
1527,1614.75,-87.75,87.75
561,561.6333333333333,-0.6333333333333258,0.6333333333333258
856,796.3366666666667,59.6633333333333,59.6633333333333
1811,1817.8166666666666,-6.816666666666606,6.816666666666606
0,0.5733333333333334,-0.5733333333333334,0.5733333333333334
114,135.77333333333334,-21.77333333333334,21.77333333333334
344,438.01,-94.00999999999999,94.00999999999999
493,489.78333333333336,3.21666666666664,3.21666666666664
982,862.51,119.49000000000001,119.49000000000001
573,534.2733333333333,38.72666666666669,38.72666666666669
1789,2117.3633333333332,-328.36333333333323,328.36333333333323
981,793.4233333333333,187.5766666666667,187.5766666666667
430,369.87666666666667,60.123333333333335,60.123333333333335
1582,1571.0233333333333,10.976666666666688,10.976666666666688
3045,3182.25,-137.25,137.25
1404,946.8566666666667,457.1433333333333,457.1433333333333
101,295.19666666666666,-194.19666666666666,194.19666666666666
1047,885.0566666666666,161.94333333333338,161.94333333333338
172,193.37,-21.370000000000005,21.370000000000005
1782,2275.45,-493.4499999999998,493.4499999999998
387,387.24666666666667,-0.2466666666666697,0.2466666666666697
535,485.30333333333334,49.69666666666666,49.69666666666666
310,237.1,72.9,72.9
559,507.52,51.48000000000002,51.48000000000002
627,587.1733333333333,39.82666666666671,39.82666666666671
294,281.3566666666667,12.643333333333317,12.643333333333317
4096,2614.6233333333334,1481.3766666666666,1481.3766666666666
423,356.91333333333336,66.08666666666664,66.08666666666664
2933,1718.6366666666668,1214.3633333333332,1214.3633333333332
1130,999.2266666666667,130.7733333333333,130.7733333333333
241,274.1666666666667,-33.166666666666686,33.166666666666686
2485,2502.616666666667,-17.616666666666788,17.616666666666788
821,593.6466666666666,227.35333333333335,227.35333333333335
312,295.9,16.100000000000023,16.100000000000023
429,426.11333333333334,2.886666666666656,2.886666666666656
981,978.7533333333333,2.2466666666666697,2.2466666666666697
1045,1043.3,1.7000000000000455,1.7000000000000455
2528,2486.18,41.820000000000164,41.820000000000164
1126,1126.66,-0.6600000000000819,0.6600000000000819
816,811.1533333333333,4.846666666666692,4.846666666666692
1581,1581.9233333333334,-0.9233333333334031,0.9233333333334031
2924,2870.4166666666665,53.583333333333485,53.583333333333485
1778,2689.6033333333335,-911.6033333333335,911.6033333333335
573,586.65,-13.649999999999977,13.649999999999977
195,200.69666666666666,-5.696666666666658,5.696666666666658
536,524.8933333333333,11.106666666666683,11.106666666666683
3042,3063.58,-21.579999999999927,21.579999999999927
291,287.22,3.7799999999999727,3.7799999999999727
1407,1409.58,-2.5799999999999272,2.5799999999999272
426,425.46666666666664,0.5333333333333599,0.5333333333333599
626,623.9233333333333,2.0766666666667106,2.0766666666667106
1795,2580.46,-785.46,785.46
408,394.48,13.519999999999982,13.519999999999982
491,490.4766666666667,0.5233333333333121,0.5233333333333121
102,305.0133333333333,-203.01333333333332,203.01333333333332
237,241.94666666666666,-4.946666666666658,4.946666666666658
4094,4052.8033333333333,41.196666666666715,41.196666666666715
603,577.31,25.690000000000055,25.690000000000055
982,980.44,1.5599999999999454,1.5599999999999454
1044,1039.5466666666666,4.453333333333376,4.453333333333376
1125,1112.9766666666667,12.023333333333312,12.023333333333312
310,305.2033333333333,4.796666666666681,4.796666666666681
970,967.64,2.3600000000000136,2.3600000000000136
2877,2886.59,-9.590000000000146,9.590000000000146
427,409.86333333333334,17.136666666666656,17.136666666666656
533,526.32,6.67999999999995,6.67999999999995
4045,4052.24,-7.239999999999782,7.239999999999782
782,797.59,-15.590000000000032,15.590000000000032
1574,1530.51,43.49000000000001,43.49000000000001
624,611.8466666666667,12.153333333333308,12.153333333333308
2517,2525.0666666666666,-8.066666666666606,8.066666666666606
1398,1394.36,3.6400000000001,3.6400000000001
286,289.18333333333334,-3.183333333333337,3.183333333333337
3029,3019.32,9.679999999999836,9.679999999999836
487,487.21666666666664,-0.21666666666664014,0.21666666666664014
407,403.76,3.240000000000009,3.240000000000009
103,313.0466666666667,-210.04666666666668,210.04666666666668
1771,2677.3433333333332,-906.3433333333332,906.3433333333332
571,617.4433333333334,-46.443333333333385,46.443333333333385
1794,2615.096666666667,-821.0966666666668,821.0966666666668
194,202.12333333333333,-8.123333333333335,8.123333333333335
601,632.2966666666666,-31.296666666666624,31.296666666666624
230,224.75333333333333,5.24666666666667,5.24666666666667
971,968.94,2.0599999999999454,2.0599999999999454
482,487.89,-5.889999999999986,5.889999999999986
1755,1960.56,-205.55999999999995,205.55999999999995
1793,1955.9433333333334,-162.94333333333338,162.94333333333338
761,767.6133333333333,-6.613333333333344,6.613333333333344
590,600.0866666666667,-10.086666666666702,10.086666666666702
2820,2763.68,56.320000000000164,56.320000000000164
614,566.8233333333334,47.17666666666662,47.17666666666662
193,194.94333333333333,-1.943333333333328,1.943333333333328
1530,1548.4633333333334,-18.463333333333367,18.463333333333367
283,278.05333333333334,4.946666666666658,4.946666666666658
534,523.6333333333333,10.366666666666674,10.366666666666674
1110,1094.7066666666667,15.293333333333294,15.293333333333294
2968,2927.443333333333,40.55666666666684,40.55666666666684
2488,2483.766666666667,4.233333333333121,4.233333333333121
996,1024.3133333333333,-28.313333333333276,28.313333333333276
569,587.51,-18.50999999999999,18.50999999999999
3985,3924.99,60.01000000000022,60.01000000000022
104,143.23333333333332,-39.23333333333332,39.23333333333332
951,936.6866666666666,14.31333333333339,14.31333333333339
214,176.65,37.349999999999994,37.349999999999994
397,403.32,-6.319999999999993,6.319999999999993
309,304.1666666666667,4.833333333333314,4.833333333333314
949,944.8466666666667,4.153333333333308,4.153333333333308
428,414.7033333333333,13.296666666666681,13.296666666666681
1379,1361.7933333333333,17.206666666666706,17.206666666666706
309,302.63666666666666,6.363333333333344,6.363333333333344
1329,1327.16,1.8399999999999181,1.8399999999999181
172,177.54333333333332,-5.543333333333322,5.543333333333322
478,484.6066666666667,-6.606666666666683,6.606666666666683
420,417.01,2.990000000000009,2.990000000000009
909,923.72,-14.720000000000027,14.720000000000027
1713,1941.7233333333334,-228.72333333333336,228.72333333333336
2444,2467.786666666667,-23.78666666666686,23.78666666666686
427,423.58,3.420000000000016,3.420000000000016
735,734.3233333333334,0.6766666666666197,0.6766666666666197
1058,1080.0266666666666,-22.026666666666642,22.026666666666642
592,546.5233333333333,45.47666666666669,45.47666666666669
2669,2685.49,-16.48999999999978,16.48999999999978
3826,3842.44,-16.440000000000055,16.440000000000055
392,388.54333333333335,3.4566666666666492,3.4566666666666492
524,524.1466666666666,-0.14666666666664696,0.14666666666664696
971,966.6333333333333,4.366666666666674,4.366666666666674
1495,1502.2433333333333,-7.243333333333339,7.243333333333339
587,580.81,6.190000000000055,6.190000000000055
350,289.52666666666664,60.47333333333336,60.47333333333336
559,580.83,-21.83000000000004,21.83000000000004
278,280.09,-2.089999999999975,2.089999999999975
876,909.37,-33.370000000000005,33.370000000000005
2915,2874.43,40.570000000000164,40.570000000000164
109,145.04,-36.03999999999999,36.03999999999999
195,193.75333333333333,1.2466666666666697,1.2466666666666697
1786,1950.24,-164.24,164.24
354,333.87,20.129999999999995,20.129999999999995
643,727.3366666666667,-84.3366666666667,84.3366666666667
498,513.8866666666667,-15.886666666666656,15.886666666666656
3357,3602.13,-245.1300000000001,245.1300000000001
533,552.03,-19.029999999999973,19.029999999999973
903,965.7866666666666,-62.78666666666663,62.78666666666663
950,936.9666666666667,13.033333333333303,13.033333333333303
2363,2384.8766666666666,-21.87666666666655,21.87666666666655
1659,1756.0833333333333,-97.08333333333326,97.08333333333326
832,864.9933333333333,-32.99333333333334,32.99333333333334
2816,2830.2833333333333,-14.283333333333303,14.283333333333303
111,106.36666666666666,4.63333333333334,4.63333333333334
371,377.79,-6.7900000000000205,6.7900000000000205
409,414.68666666666667,-5.686666666666667,5.686666666666667
399,397.21666666666664,1.7833333333333599,1.7833333333333599
305,301.16,3.839999999999975,3.839999999999975
1448,1437.2033333333334,10.796666666666624,10.796666666666624
1760,1799.5233333333333,-39.52333333333331,39.52333333333331
481,481.99,-0.9900000000000091,0.9900000000000091
2244,2495.4333333333334,-251.4333333333334,251.4333333333334
532,555.81,-23.809999999999945,23.809999999999945
698,701.1866666666666,-3.1866666666666106,3.1866666666666106
565,580.28,-15.279999999999973,15.279999999999973
118,138.57,-20.569999999999993,20.569999999999993
1231,1275.21,-44.210000000000036,44.210000000000036
194,194.92333333333335,-0.9233333333333462,0.9233333333333462
260,266.82666666666665,-6.826666666666654,6.826666666666654
195,192.97,2.030000000000001,2.030000000000001
640,770.7966666666666,-130.79666666666662,130.79666666666662
327,359.88,-32.879999999999995,32.879999999999995
433,483.62333333333333,-50.623333333333335,50.623333333333335
357,343.48333333333335,13.516666666666652,13.516666666666652
116,104.53333333333333,11.466666666666669,11.466666666666669
228,246.12,-18.120000000000005,18.120000000000005
1569,1956.9566666666667,-387.9566666666667,387.9566666666667
714,755.41,-41.40999999999997,41.40999999999997
500,487.71666666666664,12.28333333333336,12.28333333333336
2705,2718.7466666666664,-13.746666666666442,13.746666666666442
1582,1674.1066666666666,-92.10666666666657,92.10666666666657
41,84.57333333333334,-43.57333333333334,43.57333333333334
374,378.52,-4.519999999999982,4.519999999999982
375,394.18333333333334,-19.183333333333337,19.183333333333337
1728,1734.4166666666667,-6.4166666666667425,6.4166666666667425
1088,1168.0033333333333,-80.00333333333333,80.00333333333333
477,476.9633333333333,0.03666666666669016,0.03666666666669016
2616,3072.6433333333334,-456.64333333333343,456.64333333333343
295,459.05,-164.05,164.05
938,920.3766666666667,17.623333333333335,17.623333333333335
522,552.0733333333334,-30.07333333333338,30.07333333333338
488,488.03,-0.029999999999972715,0.029999999999972715
298,299.37,-1.3700000000000045,1.3700000000000045
634,671.31,-37.309999999999945,37.309999999999945
2236,2313.87,-77.86999999999989,77.86999999999989
1415,1402.7,12.299999999999955,12.299999999999955
511,505.34,5.660000000000025,5.660000000000025
1542,1613.2466666666667,-71.24666666666667,71.24666666666667
2211,2126.9166666666665,84.08333333333348,84.08333333333348
872,904.9266666666666,-32.92666666666662,32.92666666666662
2025,2255.21,-230.21000000000004,230.21000000000004
571,594.73,-23.730000000000018,23.730000000000018
432,478.09,-46.089999999999975,46.089999999999975
2544,2646.13,-102.13000000000011,102.13000000000011
329,311.2733333333333,17.726666666666688,17.726666666666688
122,108.29333333333334,13.706666666666663,13.706666666666663
4,118.86666666666666,-114.86666666666666,114.86666666666666
442,458.31666666666666,-16.316666666666663,16.316666666666663
453,462.24,-9.240000000000009,9.240000000000009
524,493.62666666666667,30.373333333333335,30.373333333333335
195,194.37,0.6299999999999955,0.6299999999999955
347,356.66,-9.660000000000025,9.660000000000025
1019,991.8433333333334,27.156666666666638,27.156666666666638
364,353.24,10.759999999999991,10.759999999999991
1325,1361.7233333333334,-36.72333333333336,36.72333333333336
1725,1703.79,21.210000000000036,21.210000000000036
213,208.04666666666665,4.953333333333347,4.953333333333347
661,631.45,29.549999999999955,29.549999999999955
1,23.126666666666665,-22.126666666666665,22.126666666666665
358,355.6766666666667,2.3233333333333235,2.3233333333333235
349,355.75,-6.75,6.75
1007,1222.46,-215.46000000000004,215.46000000000004
311,292.7133333333333,18.28666666666669,18.28666666666669
514,514.8133333333334,-0.8133333333333894,0.8133333333333894
1525,1577.1333333333334,-52.13333333333344,52.13333333333344
2403,2492.8733333333334,-89.87333333333345,89.87333333333345
412,409.3433333333333,2.6566666666666947,2.6566666666666947
285,276.13666666666666,8.863333333333344,8.863333333333344
0,1.6883333333333332,-1.6883333333333332,1.6883333333333332
2,10.25,-8.25,8.25
2191,2162.616666666667,28.383333333333212,28.383333333333212
959,937.8,21.200000000000045,21.200000000000045
199,274.5133333333333,-75.51333333333332,75.51333333333332
1674,1707.05,-33.049999999999955,33.049999999999955
699,870.7133333333334,-171.71333333333337,171.71333333333337
822,836.09,-14.090000000000032,14.090000000000032
408,437.39,-29.389999999999986,29.389999999999986
128,110.27333333333333,17.726666666666674,17.726666666666674
325,314.5133333333333,10.486666666666679,10.486666666666679
1708,1698.8433333333332,9.156666666666752,9.156666666666752
498,535.1333333333333,-37.133333333333326,37.133333333333326
323,316.8,6.199999999999989,6.199999999999989
310,307.4533333333333,2.546666666666681,2.546666666666681
1230,1265.4066666666668,-35.40666666666675,35.40666666666675
522,510.66,11.339999999999975,11.339999999999975
342,344.13,-2.1299999999999955,2.1299999999999955
372,359.32666666666665,12.673333333333346,12.673333333333346
197,195.06666666666666,1.9333333333333371,1.9333333333333371
617,590.6733333333333,26.32666666666671,26.32666666666671
185,199.31,-14.310000000000002,14.310000000000002
375,369.6666666666667,5.333333333333314,5.333333333333314
1647,1688.8666666666666,-41.86666666666656,41.86666666666656
0,31.063333333333333,-31.063333333333333,31.063333333333333
374,381.47,-7.470000000000027,7.470000000000027
525,511.84,13.160000000000025,13.160000000000025
136,122.95333333333333,13.046666666666667,13.046666666666667
384,384.74333333333334,-0.7433333333333394,0.7433333333333394
28,32.48,-4.479999999999997,4.479999999999997
1378,1364.8533333333332,13.14666666666676,13.14666666666676
746,768.06,-22.059999999999945,22.059999999999945
307,321.74666666666667,-14.74666666666667,14.74666666666667
2253,2311.8533333333335,-58.85333333333347,58.85333333333347
2168,2167.15,0.849999999999909,0.849999999999909
164,170.28666666666666,-6.286666666666662,6.286666666666662
239,241.48,-2.4799999999999898,2.4799999999999898
557,575.03,-18.029999999999973,18.029999999999973
328,310.2033333333333,17.79666666666668,17.79666666666668
197,198.23666666666668,-1.2366666666666788,1.2366666666666788
0,2.933333333333333,-2.933333333333333,2.933333333333333
284,307.66333333333336,-23.663333333333355,23.663333333333355
472,462.8066666666667,9.193333333333328,9.193333333333328
1120,1182.83,-62.82999999999993,62.82999999999993
1525,1547.4933333333333,-22.49333333333334,22.49333333333334
864,898.12,-34.120000000000005,34.120000000000005
515,515.0166666666667,-0.01666666666665151,0.01666666666665151
289,298.97333333333336,-9.973333333333358,9.973333333333358
498,593.2633333333333,-95.26333333333332,95.26333333333332
380,374.8933333333333,5.106666666666683,5.106666666666683
357,349.49,7.509999999999991,7.509999999999991
514,516.29,-2.2899999999999636,2.2899999999999636
2169,2107.97,61.0300000000002,61.0300000000002
197,198.05333333333334,-1.0533333333333417,1.0533333333333417
256,284.64666666666665,-28.646666666666647,28.646666666666647
1581,1639.06,-58.059999999999945,58.059999999999945
0,7.1066666666666665,-7.1066666666666665,7.1066666666666665
269,270.31,-1.3100000000000023,1.3100000000000023
315,314.7966666666667,0.20333333333331893,0.20333333333331893
362,352.88666666666666,9.113333333333344,9.113333333333344
1068,1067.1833333333334,0.816666666666606,0.816666666666606
207,208.73666666666668,-1.7366666666666788,1.7366666666666788
253,279.16333333333336,-26.163333333333355,26.163333333333355
2,40.053333333333335,-38.053333333333335,38.053333333333335
1526,1560.2133333333334,-34.21333333333337,34.21333333333337
141,141.24333333333334,-0.2433333333333394,0.2433333333333394
763,787.2066666666667,-24.206666666666706,24.206666666666706
1239,1159.4866666666667,79.51333333333332,79.51333333333332
512,512.8833333333333,-0.8833333333333258,0.8833333333333258
145,153.65666666666667,-8.656666666666666,8.656666666666666
462,432.97333333333336,29.026666666666642,29.026666666666642
711,698.0033333333333,12.99666666666667,12.99666666666667
507,531.8633333333333,-24.863333333333344,24.863333333333344
0,12.393333333333333,-12.393333333333333,12.393333333333333
461,445.45,15.550000000000011,15.550000000000011
2141,2140.233333333333,0.7666666666668789,0.7666666666668789
376,374.4633333333333,1.5366666666666902,1.5366666666666902
250,262.3466666666667,-12.346666666666692,12.346666666666692
473,488.0466666666667,-15.046666666666681,15.046666666666681
489,490.8466666666667,-1.8466666666666924,1.8466666666666924
2073,2085.9466666666667,-12.946666666666715,12.946666666666715
2099,2122.3333333333335,-23.333333333333485,23.333333333333485
194,197.60666666666665,-3.606666666666655,3.606666666666655
515,514.9833333333333,0.01666666666665151,0.01666666666665151
1,1.0966666666666667,-0.09666666666666668,0.09666666666666668
238,225.47333333333333,12.52666666666667,12.52666666666667
1526,1556.0666666666666,-30.066666666666606,30.066666666666606
1517,1529.6866666666667,-12.686666666666724,12.686666666666724
211,231.31333333333333,-20.313333333333333,20.313333333333333
319,347.4033333333333,-28.403333333333308,28.403333333333308
0,0.023333333333333334,-0.023333333333333334,0.023333333333333334
1130,1188.12,-58.11999999999989,58.11999999999989
999,996.02,2.980000000000018,2.980000000000018
684,700.0933333333334,-16.093333333333362,16.093333333333362
183,193.98333333333332,-10.98333333333332,10.98333333333332
429,456.8833333333333,-27.883333333333326,27.883333333333326
144,144.48666666666668,-0.4866666666666788,0.4866666666666788
1,2.46,-1.46,1.46
431,421.7033333333333,9.296666666666681,9.296666666666681
673,667.0266666666666,5.973333333333358,5.973333333333358
295,300.63666666666666,-5.636666666666656,5.636666666666656
119,129.53333333333333,-10.533333333333331,10.533333333333331
326,340.6766666666667,-14.676666666666677,14.676666666666677
520,516.1066666666667,3.8933333333333167,3.8933333333333167
192,190.99666666666667,1.0033333333333303,1.0033333333333303
167,176.92,-9.919999999999987,9.919999999999987
311,314.68333333333334,-3.683333333333337,3.683333333333337
1461,1462.0466666666666,-1.0466666666666242,1.0466666666666242
1,2.7266666666666666,-1.7266666666666666,1.7266666666666666
258,273.9633333333333,-15.96333333333331,15.96333333333331
268,287.71,-19.70999999999998,19.70999999999998
169,189.78,-20.78,20.78
954,955.8966666666666,-1.896666666666647,1.896666666666647
1037,1090.0066666666667,-53.00666666666666,53.00666666666666
2048,2066.923333333333,-18.923333333333176,18.923333333333176
0,0.6366666666666667,-0.6366666666666667,0.6366666666666667
220,222.93,-2.930000000000007,2.930000000000007
1526,1561.0033333333333,-35.00333333333333,35.00333333333333
412,531.18,-119.17999999999995,119.17999999999995
443,448.11,-5.110000000000014,5.110000000000014
238,241.08666666666667,-3.086666666666673,3.086666666666673
450,470.37333333333333,-20.373333333333335,20.373333333333335
643,660.1133333333333,-17.113333333333344,17.113333333333344
415,430.33,-15.329999999999984,15.329999999999984
144,148.56666666666666,-4.566666666666663,4.566666666666663
2019,2070.3866666666668,-51.38666666666677,51.38666666666677
610,622.3066666666666,-12.306666666666615,12.306666666666615
105,121.77333333333333,-16.773333333333326,16.773333333333326
0,0.01,-0.01,0.01
380,370.8566666666667,9.143333333333317,9.143333333333317
430,419.06666666666666,10.933333333333337,10.933333333333337
945,939.1033333333334,5.896666666666647,5.896666666666647
135,148.11333333333334,-13.113333333333344,13.113333333333344
90,111.99333333333334,-21.99333333333334,21.99333333333334
267,255.93333333333334,11.066666666666663,11.066666666666663
1419,1459.5166666666667,-40.51666666666665,40.51666666666665
152,174.43,-22.430000000000007,22.430000000000007
0,2.97,-2.97,2.97
0,2.33,-2.33,2.33
1526,1560.95,-34.950000000000045,34.950000000000045
187,191.66,-4.659999999999997,4.659999999999997
0,0.01,-0.01,0.01
426,426.64,-0.6399999999999864,0.6399999999999864
234,227.06,6.939999999999998,6.939999999999998
1999,2048.9933333333333,-49.99333333333334,49.99333333333334
523,522.8,0.20000000000004547,0.20000000000004547
555,579.2866666666666,-24.286666666666633,24.286666666666633
129,143.23666666666668,-14.236666666666679,14.236666666666679
2024,2015.38,8.61999999999989,8.61999999999989
396,577.7166666666667,-181.7166666666667,181.7166666666667
207,208.28,-1.2800000000000011,1.2800000000000011
628,622.5233333333333,5.476666666666688,5.476666666666688
317,304.86,12.139999999999986,12.139999999999986
243,240.33,2.6699999999999875,2.6699999999999875
399,411.23,-12.230000000000018,12.230000000000018
966,1018.8633333333333,-52.863333333333344,52.863333333333344
234,230.76666666666668,3.23333333333332,3.23333333333332
185,185.23,-0.22999999999998977,0.22999999999998977
378,374.8066666666667,3.193333333333328,3.193333333333328
548,580.0333333333333,-32.0333333333333,32.0333333333333
604,621.6866666666666,-17.68666666666661,17.68666666666661
236,234.80333333333334,1.1966666666666583,1.1966666666666583
67,103.85666666666667,-36.85666666666667,36.85666666666667
135,138.06333333333333,-3.0633333333333326,3.0633333333333326
2,2.8033333333333332,-0.8033333333333332,0.8033333333333332
338,321.8466666666667,16.153333333333308,16.153333333333308
3,0.7266666666666667,2.2733333333333334,2.2733333333333334
404,406.38666666666666,-2.386666666666656,2.386666666666656
942,947.5666666666667,-5.56666666666672,5.56666666666672
972,1190.1866666666667,-218.18666666666672,218.18666666666672
171,165.31,5.689999999999998,5.689999999999998
1413,1499.9033333333334,-86.90333333333342,86.90333333333342
274,265.0366666666667,8.96333333333331,8.96333333333331
206,205.28,0.7199999999999989,0.7199999999999989
527,524.9266666666666,2.0733333333333803,2.0733333333333803
2018,2006.4966666666667,11.50333333333333,11.50333333333333
409,627.36,-218.36,218.36
120,119.71333333333334,0.28666666666666174,0.28666666666666174
428,417.60333333333335,10.396666666666647,10.396666666666647
421,425.17,-4.170000000000016,4.170000000000016
2018,2067.6566666666668,-49.65666666666675,49.65666666666675
0,0.01,-0.01,0.01
1526,1560.95,-34.950000000000045,34.950000000000045
655,606.1266666666667,48.873333333333335,48.873333333333335
2002,2012.63,-10.63000000000011,10.63000000000011
531,527.3366666666667,3.6633333333332985,3.6633333333332985
1013,947.9566666666667,65.0433333333333,65.0433333333333
204,203.68,0.3199999999999932,0.3199999999999932
135,146.41666666666666,-11.416666666666657,11.416666666666657
30,1.0916666666666666,28.908333333333335,28.908333333333335
1442,1507.2033333333334,-65.20333333333338,65.20333333333338
595,560.2533333333333,34.74666666666667,34.74666666666667
0,0.0,0.0,0.0
1112,1283.7933333333333,-171.7933333333333,171.7933333333333
358,369.54333333333335,-11.54333333333335,11.54333333333335
456,450.86333333333334,5.136666666666656,5.136666666666656
139,135.11666666666667,3.8833333333333258,3.8833333333333258
284,289.94,-5.939999999999998,5.939999999999998
1526,1600.2266666666667,-74.22666666666669,74.22666666666669
212,235.70666666666668,-23.706666666666678,23.706666666666678
433,426.0566666666667,6.943333333333328,6.943333333333328
2128,2138.4366666666665,-10.436666666666497,10.436666666666497
247,236.73666666666668,10.263333333333321,10.263333333333321
183,182.73,0.27000000000001023,0.27000000000001023
84,73.47,10.530000000000001,10.530000000000001
395,416.77,-21.769999999999982,21.769999999999982
380,379.45666666666665,0.5433333333333508,0.5433333333333508
502,699.75,-197.75,197.75
224,212.32,11.680000000000007,11.680000000000007
39,26.483333333333334,12.516666666666666,12.516666666666666
536,531.07,4.92999999999995,4.92999999999995
159,158.93333333333334,0.06666666666666288,0.06666666666666288
476,494.4766666666667,-18.476666666666688,18.476666666666688
0,0.0,0.0,0.0
1389,1505.6533333333334,-116.65333333333342,116.65333333333342
250,255.78,-5.780000000000001,5.780000000000001
2374,2236.8633333333332,137.13666666666677,137.13666666666677
396,395.03333333333336,0.9666666666666401,0.9666666666666401
732,765.0666666666667,-33.06666666666672,33.06666666666672
189,221.19666666666666,-32.19666666666666,32.19666666666666
82,99.21666666666667,-17.21666666666667,17.21666666666667
180,180.95666666666668,-0.9566666666666777,0.9566666666666777
174,108.30333333333333,65.69666666666667,65.69666666666667
106,118.96333333333334,-12.963333333333338,12.963333333333338
462,381.3066666666667,80.69333333333333,80.69333333333333
131,151.51,-20.50999999999999,20.50999999999999
1993,2008.76,-15.759999999999991,15.759999999999991
369,384.6166666666667,-15.616666666666674,15.616666666666674
1103,1124.3066666666666,-21.306666666666615,21.306666666666615
656,658.74,-2.740000000000009,2.740000000000009
330,302.80333333333334,27.19666666666666,27.19666666666666
272,259.9066666666667,12.093333333333305,12.093333333333305
1465,1549.6333333333334,-84.63333333333344,84.63333333333344
1540,1625.6833333333334,-85.6833333333334,85.6833333333334
497,493.93,3.069999999999993,3.069999999999993
248,247.25333333333333,0.7466666666666697,0.7466666666666697
707,718.99,-11.990000000000009,11.990000000000009
746,725.7533333333333,20.24666666666667,20.24666666666667
532,519.72,12.279999999999973,12.279999999999973
312,341.36,-29.360000000000014,29.360000000000014
480,478.45,1.5500000000000114,1.5500000000000114
1563,1636.4266666666667,-73.42666666666673,73.42666666666673
271,274.74666666666667,-3.7466666666666697,3.7466666666666697
336,357.9633333333333,-21.96333333333331,21.96333333333331
204,203.86,0.13999999999998636,0.13999999999998636
2525,2488.9566666666665,36.04333333333352,36.04333333333352
175,178.38333333333333,-3.3833333333333258,3.3833333333333258
178,205.61333333333334,-27.613333333333344,27.613333333333344
22,0.0,22.0,22.0
1072,1179.4366666666667,-107.43666666666672,107.43666666666672
132,148.00333333333333,-16.00333333333333,16.00333333333333
1194,1208.2266666666667,-14.226666666666688,14.226666666666688
2018,2002.2833333333333,15.716666666666697,15.716666666666697
129,143.34,-14.340000000000003,14.340000000000003
171,198.38,-27.379999999999995,27.379999999999995
771,759.26,11.740000000000009,11.740000000000009
1509,1584.6666666666667,-75.66666666666674,75.66666666666674
371,375.81333333333333,-4.813333333333333,4.813333333333333
568,552.4333333333333,15.56666666666672,15.56666666666672
275,257.6166666666667,17.383333333333326,17.383333333333326
539,538.39,0.6100000000000136,0.6100000000000136
1796,1806.1133333333332,-10.11333333333323,10.11333333333323
423,422.25666666666666,0.7433333333333394,0.7433333333333394
346,376.4433333333333,-30.443333333333328,30.443333333333328
4013,3439.87,573.1300000000001,573.1300000000001
394,374.1166666666667,19.883333333333326,19.883333333333326
336,287.01666666666665,48.98333333333335,48.98333333333335
2550,2342.2633333333333,207.73666666666668,207.73666666666668
2856,2442.036666666667,413.96333333333314,413.96333333333314
337,439.3933333333333,-102.39333333333332,102.39333333333332
909,1025.9366666666667,-116.93666666666672,116.93666666666672
338,281.12,56.879999999999995,56.879999999999995
1406,1345.5533333333333,60.446666666666715,60.446666666666715
1246,1146.4066666666668,99.59333333333325,99.59333333333325
249,209.52333333333334,39.47666666666666,39.47666666666666
759,609.5066666666667,149.49333333333334,149.49333333333334
425,356.92333333333335,68.07666666666665,68.07666666666665
397,395.77666666666664,1.2233333333333576,1.2233333333333576
1012,968.9366666666666,43.06333333333339,43.06333333333339
1788,2246.403333333333,-458.4033333333332,458.4033333333332
2465,2417.9133333333334,47.08666666666659,47.08666666666659
510,570.9066666666666,-60.90666666666664,60.90666666666664
962,821.4766666666667,140.5233333333333,140.5233333333333
167,149.09666666666666,17.903333333333336,17.903333333333336
1790,2424.733333333333,-634.7333333333331,634.7333333333331
258,287.70666666666665,-29.70666666666665,29.70666666666665
397,453.52,-56.51999999999998,56.51999999999998
503,393.19666666666666,109.80333333333334,109.80333333333334
566,478.20666666666665,87.79333333333335,87.79333333333335
1135,974.4266666666666,160.57333333333338,160.57333333333338
423,400.7266666666667,22.273333333333312,22.273333333333312
237,233.16666666666666,3.833333333333343,3.833333333333343
138,142.5,-4.5,4.5
991,978.4066666666666,12.593333333333362,12.593333333333362
1778,2666.826666666667,-888.8266666666668,888.8266666666668
330,317.2,12.800000000000011,12.800000000000011
393,430.86,-37.860000000000014,37.860000000000014
252,259.29333333333335,-7.293333333333351,7.293333333333351
1117,1101.7966666666666,15.203333333333376,15.203333333333376
926,948.12,-22.120000000000005,22.120000000000005
735,752.5633333333334,-17.56333333333339,17.56333333333339
817,946.79,-129.78999999999996,129.78999999999996
3875,3921.89,-46.88999999999987,46.88999999999987
1729,2571.85,-842.8499999999999,842.8499999999999
343,363.1,-20.100000000000023,20.100000000000023
318,322.2966666666667,-4.296666666666681,4.296666666666681
2168,2371.96,-203.96000000000004,203.96000000000004
2335,2334.68,0.3200000000001637,0.3200000000001637
316,330.52,-14.519999999999982,14.519999999999982
1334,1354.81,-20.809999999999945,20.809999999999945
278,285.02,-7.019999999999982,7.019999999999982
255,277.32,-22.319999999999993,22.319999999999993
1095,1201.6233333333332,-106.62333333333322,106.62333333333322
560,569.6866666666666,-9.68666666666661,9.68666666666661
439,467.98333333333335,-28.98333333333335,28.98333333333335
2778,2802.0066666666667,-24.00666666666666,24.00666666666666
3646,3722.1966666666667,-76.19666666666672,76.19666666666672
285,300.17333333333335,-15.173333333333346,15.173333333333346
705,701.7166666666667,3.283333333333303,3.283333333333303
909,970.57,-61.57000000000005,61.57000000000005
222,213.84666666666666,8.153333333333336,8.153333333333336
553,559.3533333333334,-6.353333333333353,6.353333333333353
239,239.52,-0.5200000000000102,0.5200000000000102
2636,2712.4533333333334,-76.45333333333338,76.45333333333338
928,945.2766666666666,-17.276666666666642,17.276666666666642
1709,1716.6266666666668,-7.626666666666779,7.626666666666779
1744,1968.03,-224.02999999999997,224.02999999999997
289,287.46,1.5400000000000205,1.5400000000000205
1213,1239.78,-26.779999999999973,26.779999999999973
410,411.76666666666665,-1.7666666666666515,1.7666666666666515
229,214.36,14.639999999999986,14.639999999999986
339,359.53,-20.529999999999973,20.529999999999973
195,178.69666666666666,16.30333333333334,16.30333333333334
203,191.70666666666668,11.293333333333322,11.293333333333322
232,213.56333333333333,18.436666666666667,18.436666666666667
2182,2160.6866666666665,21.313333333333503,21.313333333333503
687,749.0133333333333,-62.01333333333332,62.01333333333332
315,305.9766666666667,9.023333333333312,9.023333333333312
94,84.11333333333333,9.88666666666667,9.88666666666667
1079,1075.1666666666667,3.8333333333332575,3.8333333333332575
1656,1873.31,-217.30999999999995,217.30999999999995
852,889.32,-37.32000000000005,37.32000000000005
631,596.12,34.879999999999995,34.879999999999995
1699,1899.22,-200.22000000000003,200.22000000000003
193,173.82666666666665,19.173333333333346,19.173333333333346
189,163.58,25.419999999999987,25.419999999999987
3378,3435.15,-57.15000000000009,57.15000000000009
1468,1252.3133333333333,215.68666666666672,215.68666666666672
2079,2063.713333333333,15.28666666666686,15.28666666666686
250,237.14333333333335,12.856666666666655,12.856666666666655
76,67.27666666666667,8.72333333333333,8.72333333333333
1605,1736.3166666666666,-131.3166666666666,131.3166666666666
263,250.90666666666667,12.093333333333334,12.093333333333334
227,227.56333333333333,-0.5633333333333326,0.5633333333333326
675,673.78,1.2200000000000273,1.2200000000000273
404,397.24,6.759999999999991,6.759999999999991
537,541.1966666666667,-4.196666666666715,4.196666666666715
737,745.0533333333333,-8.053333333333285,8.053333333333285
192,174.71666666666667,17.28333333333333,17.28333333333333
1111,1105.9366666666667,5.063333333333276,5.063333333333276
158,164.03,-6.030000000000001,6.030000000000001
2425,2470.0633333333335,-45.0633333333335,45.0633333333335
171,154.17333333333335,16.826666666666654,16.826666666666654
861,877.55,-16.549999999999955,16.549999999999955
1013,1031.14,-18.1400000000001,18.1400000000001
820,790.4566666666667,29.543333333333294,29.543333333333294
247,211.83666666666667,35.16333333333333,35.16333333333333
299,295.50333333333333,3.4966666666666697,3.4966666666666697
640,644.3633333333333,-4.363333333333344,4.363333333333344
559,590.0433333333333,-31.043333333333294,31.043333333333294
174,151.87666666666667,22.123333333333335,22.123333333333335
1559,1728.0266666666666,-169.02666666666664,169.02666666666664
948,946.2933333333333,1.706666666666706,1.706666666666706
287,284.41,2.589999999999975,2.589999999999975
169,154.48,14.52000000000001,14.52000000000001
205,177.92333333333335,27.076666666666654,27.076666666666654
1008,1004.7766666666666,3.2233333333333576,3.2233333333333576
1663,1872.8,-209.79999999999995,209.79999999999995
2181,2232.57,-51.570000000000164,51.570000000000164
1279,1209.3366666666666,69.66333333333341,69.66333333333341
792,805.58,-13.580000000000041,13.580000000000041
172,157.58,14.419999999999987,14.419999999999987
146,149.17333333333335,-3.173333333333346,3.173333333333346
216,204.74,11.259999999999991,11.259999999999991
383,390.24666666666667,-7.24666666666667,7.24666666666667
520,520.2633333333333,-0.2633333333333212,0.2633333333333212
593,619.68,-26.67999999999995,26.67999999999995
3067,3140.903333333333,-73.9033333333332,73.9033333333332
210,193.51666666666668,16.48333333333332,16.48333333333332
122,123.62,-1.6200000000000045,1.6200000000000045
217,214.08333333333334,2.916666666666657,2.916666666666657
728,730.0833333333334,-2.0833333333333712,2.0833333333333712
64,55.053333333333335,8.946666666666665,8.946666666666665
1994,1964.2966666666666,29.703333333333376,29.703333333333376
150,158.60333333333332,-8.603333333333325,8.603333333333325
480,498.83666666666664,-18.836666666666645,18.836666666666645
867,914.3533333333334,-47.35333333333335,47.35333333333335
73,97.04666666666667,-24.046666666666667,24.046666666666667
663,674.0066666666667,-11.00666666666666,11.00666666666666
185,205.57,-20.569999999999993,20.569999999999993
2485,2780.4466666666667,-295.4466666666667,295.4466666666667
697,743.39,-46.389999999999986,46.389999999999986
1107,1146.0633333333333,-39.063333333333276,39.063333333333276
351,370.98333333333335,-19.98333333333335,19.98333333333335
273,262.67333333333335,10.326666666666654,10.326666666666654
1691,1908.57,-217.56999999999994,217.56999999999994
1614,1668.74,-54.74000000000001,54.74000000000001
121,159.09,-38.09,38.09
161,163.88666666666666,-2.886666666666656,2.886666666666656
128,127.11333333333333,0.8866666666666703,0.8866666666666703
792,873.0933333333334,-81.09333333333336,81.09333333333336
513,520.6066666666667,-7.606666666666683,7.606666666666683
162,161.95666666666668,0.043333333333322344,0.043333333333322344
311,474.83666666666664,-163.83666666666664,163.83666666666664
184,181.86333333333334,2.136666666666656,2.136666666666656
1499,1623.7766666666666,-124.77666666666664,124.77666666666664
1905,1915.2966666666666,-10.296666666666624,10.296666666666624
56,52.083333333333336,3.9166666666666643,3.9166666666666643
588,612.87,-24.870000000000005,24.870000000000005
170,190.02333333333334,-20.02333333333334,20.02333333333334
342,328.19,13.810000000000002,13.810000000000002
79,218.11666666666667,-139.11666666666667,139.11666666666667
603,620.7066666666667,-17.706666666666706,17.706666666666706
140,152.93666666666667,-12.936666666666667,12.936666666666667
95,116.39333333333333,-21.39333333333333,21.39333333333333
443,455.0733333333333,-12.073333333333323,12.073333333333323
167,168.18666666666667,-1.1866666666666674,1.1866666666666674
134,140.13666666666666,-6.136666666666656,6.136666666666656
146,163.41666666666666,-17.416666666666657,17.416666666666657
1460,1456.6233333333332,3.376666666666779,3.376666666666779
1229,1306.9633333333334,-77.96333333333337,77.96333333333337
70,92.47333333333333,-22.47333333333333,22.47333333333333
1975,2171.55,-196.55000000000018,196.55000000000018
159,150.62666666666667,8.373333333333335,8.373333333333335
991,1010.8566666666667,-19.856666666666683,19.856666666666683
527,561.0866666666667,-34.0866666666667,34.0866666666667
264,260.7,3.3000000000000114,3.3000000000000114
1573,1696.96,-123.96000000000004,123.96000000000004
469,481.51666666666665,-12.516666666666652,12.516666666666652
159,155.08333333333334,3.916666666666657,3.916666666666657
623,675.7766666666666,-52.77666666666664,52.77666666666664
32,50.71,-18.71,18.71
778,792.44,-14.440000000000055,14.440000000000055
1817,1852.46,-35.460000000000036,35.460000000000036
638,646.5733333333334,-8.57333333333338,8.57333333333338
51,48.60666666666667,2.393333333333331,2.393333333333331
154,152.89333333333335,1.106666666666655,1.106666666666655
484,494.78333333333336,-10.78333333333336,10.78333333333336
152,154.88,-2.8799999999999955,2.8799999999999955
414,446.24666666666667,-32.24666666666667,32.24666666666667
124,121.66,2.3400000000000034,2.3400000000000034
486,524.7666666666667,-38.76666666666665,38.76666666666665
0,33.19,-33.19,33.19
83,83.13666666666667,-0.13666666666667027,0.13666666666667027
129,121.41,7.590000000000003,7.590000000000003
0,17.113333333333333,-17.113333333333333,17.113333333333333
1751,1772.8066666666666,-21.806666666666615,21.806666666666615
147,153.23666666666668,-6.236666666666679,6.236666666666679
1676,1710.8133333333333,-34.813333333333276,34.813333333333276
402,425.5233333333333,-23.523333333333312,23.523333333333312
254,250.4,3.5999999999999943,3.5999999999999943
46,46.233333333333334,-0.23333333333333428,0.23333333333333428
135,124.67666666666666,10.323333333333338,10.323333333333338
549,566.1066666666667,-17.106666666666683,17.106666666666683
1534,1680.9166666666667,-146.91666666666674,146.91666666666674
906,918.5933333333334,-12.593333333333362,12.593333333333362
1434,1473.8066666666666,-39.806666666666615,39.806666666666615
969,839.0633333333334,129.9366666666666,129.9366666666666
700,737.9833333333333,-37.98333333333335,37.98333333333335
576,595.5333333333333,-19.533333333333303,19.533333333333303
51,43.96,7.039999999999999,7.039999999999999
329,333.69,-4.689999999999998,4.689999999999998
150,148.00333333333333,1.9966666666666697,1.9966666666666697
496,525.1433333333333,-29.143333333333317,29.143333333333317
368,381.93666666666667,-13.936666666666667,13.936666666666667
1369,1531.1166666666666,-162.11666666666656,162.11666666666656
306,397.85333333333335,-91.85333333333335,91.85333333333335
134,137.89,-3.8899999999999864,3.8899999999999864
128,135.61,-7.610000000000014,7.610000000000014
38,40.58,-2.5799999999999983,2.5799999999999983
793,863.7533333333333,-70.75333333333333,70.75333333333333
0,5.013333333333334,-5.013333333333334,5.013333333333334
0,15.786666666666667,-15.786666666666667,15.786666666666667
99,118.41333333333333,-19.413333333333327,19.413333333333327
1533,1638.88,-105.88000000000011,105.88000000000011
247,244.62666666666667,2.373333333333335,2.373333333333335
1713,1722.5633333333333,-9.563333333333276,9.563333333333276
718,824.6,-106.60000000000002,106.60000000000002
66,111.74,-45.739999999999995,45.739999999999995
61,69.99,-8.989999999999995,8.989999999999995
6,49.973333333333336,-43.973333333333336,43.973333333333336
413,456.05333333333334,-43.05333333333334,43.05333333333334
1322,1425.1033333333332,-103.10333333333324,103.10333333333324
530,540.7133333333334,-10.713333333333367,10.713333333333367
596,657.7366666666667,-61.73666666666668,61.73666666666668
291,330.7266666666667,-39.72666666666669,39.72666666666669
141,152.04666666666665,-11.046666666666653,11.046666666666653
361,377.81,-16.810000000000002,16.810000000000002
328,332.47333333333336,-4.473333333333358,4.473333333333358
0,15.283333333333333,-15.283333333333333,15.283333333333333
256,277.86333333333334,-21.863333333333344,21.863333333333344
1695,1687.9366666666667,7.063333333333276,7.063333333333276
1068,1133.4966666666667,-65.49666666666667,65.49666666666667
114,128.40333333333334,-14.403333333333336,14.403333333333336
105,120.14666666666666,-15.146666666666661,15.146666666666661
735,749.37,-14.370000000000005,14.370000000000005
236,241.51,-5.509999999999991,5.509999999999991
482,502.87333333333333,-20.873333333333335,20.873333333333335
94,85.46666666666667,8.533333333333331,8.533333333333331
367,359.87333333333333,7.126666666666665,7.126666666666665
1531,1640.3533333333332,-109.35333333333324,109.35333333333324
6,7.29,-1.29,1.29
57,54.82333333333333,2.1766666666666694,2.1766666666666694
138,142.21666666666667,-4.216666666666669,4.216666666666669
33,46.61,-13.61,13.61
146,146.83666666666667,-0.8366666666666731,0.8366666666666731
445,474.9766666666667,-29.976666666666688,29.976666666666688
340,341.39666666666665,-1.396666666666647,1.396666666666647
174,191.88,-17.879999999999995,17.879999999999995
37,32.96666666666667,4.033333333333331,4.033333333333331
1325,1439.2833333333333,-114.2833333333333,114.2833333333333
515,537.2433333333333,-22.24333333333334,22.24333333333334
2,0.79,1.21,1.21
543,606.9933333333333,-63.99333333333334,63.99333333333334
368,466.8466666666667,-98.84666666666669,98.84666666666669
0,64.41,-64.41,64.41
812,940.4633333333334,-128.46333333333337,128.46333333333337
316,335.45,-19.44999999999999,19.44999999999999
87,99.48,-12.480000000000004,12.480000000000004
435,462.24,-27.24000000000001,27.24000000000001
1666,1703.1166666666666,-37.11666666666656,37.11666666666656
79,81.28666666666666,-2.2866666666666617,2.2866666666666617
698,699.1133333333333,-1.113333333333344,1.113333333333344
54,105.42666666666666,-51.42666666666666,51.42666666666666
323,329.12666666666667,-6.126666666666665,6.126666666666665
74,100.52666666666667,-26.52666666666667,26.52666666666667
34,35.42,-1.4200000000000017,1.4200000000000017
1277,1346.6833333333334,-69.6833333333334,69.6833333333334
434,489.7866666666667,-55.78666666666669,55.78666666666669
133,148.02666666666667,-15.02666666666667,15.02666666666667
300,305.74,-5.740000000000009,5.740000000000009
222,229.34666666666666,-7.346666666666664,7.346666666666664
8,11.276666666666667,-3.2766666666666673,3.2766666666666673
1531,1621.9266666666667,-90.92666666666673,90.92666666666673
410,427.62333333333333,-17.623333333333335,17.623333333333335
223,242.65,-19.650000000000006,19.650000000000006
0,20.23,-20.23,20.23
147,140.96666666666667,6.033333333333331,6.033333333333331
45,55.54,-10.54,10.54
0,11.366666666666667,-11.366666666666667,11.366666666666667
213,217.4,-4.400000000000006,4.400000000000006
390,409.75666666666666,-19.75666666666666,19.75666666666666
410,402.0133333333333,7.986666666666679,7.986666666666679
1,6.34,-5.34,5.34
147,151.37666666666667,-4.376666666666665,4.376666666666665
704,717.99,-13.990000000000009,13.990000000000009
1529,1622.0366666666666,-93.03666666666663,93.03666666666663
192,213.14666666666668,-21.146666666666675,21.146666666666675
12,16.55666666666667,-4.556666666666668,4.556666666666668
318,322.74666666666667,-4.74666666666667,4.74666666666667
1267,1291.89,-24.8900000000001,24.8900000000001
28,45.19,-17.189999999999998,17.189999999999998
58,73.35666666666667,-15.35666666666667,15.35666666666667
391,403.50666666666666,-12.50666666666666,12.50666666666666
2,4.01,-2.01,2.01
8,23.706666666666667,-15.706666666666667,15.706666666666667
286,283.00666666666666,2.9933333333333394,2.9933333333333394
1631,1684.7766666666666,-53.77666666666664,53.77666666666664
692,724.7566666666667,-32.75666666666666,32.75666666666666
0,20.23,-20.23,20.23
30,33.93,-3.9299999999999997,3.9299999999999997
92,81.91333333333333,10.086666666666673,10.086666666666673
289,340.64,-51.639999999999986,51.639999999999986
135,133.52,1.4799999999999898,1.4799999999999898
51,57.78,-6.780000000000001,6.780000000000001
279,288.9766666666667,-9.976666666666688,9.976666666666688
0,14.24,-14.24,14.24
361,374.87,-13.870000000000005,13.870000000000005
310,333.57,-23.569999999999993,23.569999999999993
1614,1656.1433333333334,-42.14333333333343,42.14333333333343
1259,1322.22,-63.22000000000003,63.22000000000003
170,183.24333333333334,-13.24333333333334,13.24333333333334
231,262.1666666666667,-31.166666666666686,31.166666666666686
194,211.84666666666666,-17.846666666666664,17.846666666666664
352,368.8066666666667,-16.806666666666672,16.806666666666672
1529,1623.9566666666667,-94.9566666666667,94.9566666666667
30,24.256666666666668,5.743333333333332,5.743333333333332
30,32.66,-2.6599999999999966,2.6599999999999966
142,140.11,1.8899999999999864,1.8899999999999864
0,21.85333333333333,-21.85333333333333,21.85333333333333
709,761.3,-52.299999999999955,52.299999999999955
1,17.986666666666668,-16.986666666666668,16.986666666666668
232,266.43666666666667,-34.43666666666667,34.43666666666667
57,59.48,-2.479999999999997,2.479999999999997
272,280.06666666666666,-8.066666666666663,8.066666666666663
605,668.6033333333334,-63.60333333333335,63.60333333333335
9,6.814444444444445,2.1855555555555553,2.1855555555555553
89,99.65666666666667,-10.656666666666666,10.656666666666666
36,47.60666666666667,-11.60666666666667,11.60666666666667
399,425.4066666666667,-26.406666666666695,26.406666666666695
138,153.81333333333333,-15.813333333333333,15.813333333333333
27,34.98,-7.979999999999997,7.979999999999997
29,33.32333333333333,-4.323333333333331,4.323333333333331
348,423.74666666666667,-75.74666666666667,75.74666666666667
0,21.85333333333333,-21.85333333333333,21.85333333333333
221,243.54666666666665,-22.546666666666653,22.546666666666653
138,140.44333333333333,-2.443333333333328,2.443333333333328
5,25.723333333333333,-20.723333333333333,20.723333333333333
216,213.48,2.5200000000000102,2.5200000000000102
308,321.83666666666664,-13.836666666666645,13.836666666666645
0,14.85,-14.85,14.85
56,57.666666666666664,-1.6666666666666643,1.6666666666666643
1527,1624.6833333333334,-97.6833333333334,97.6833333333334
144,146.23,-2.2299999999999898,2.2299999999999898
403,413.89666666666665,-10.896666666666647,10.896666666666647
1605,1654.8966666666668,-49.89666666666676,49.89666666666676
31,46.36,-15.36,15.36
5,1.5666666666666667,3.4333333333333336,3.4333333333333336
268,270.81666666666666,-2.816666666666663,2.816666666666663
27,37.64666666666667,-10.646666666666668,10.646666666666668
1263,1309.32,-46.319999999999936,46.319999999999936
19,19.02,-0.019999999999999574,0.019999999999999574
95,94.00666666666666,0.9933333333333394,0.9933333333333394
174,162.81,11.189999999999998,11.189999999999998
367,359.43666666666667,7.563333333333333,7.563333333333333
188,192.7,-4.699999999999989,4.699999999999989
716,769.69,-53.690000000000055,53.690000000000055
602,573.1166666666667,28.883333333333326,28.883333333333326
145,153.99666666666667,-8.99666666666667,8.99666666666667
0,23.56,-23.56,23.56
1610,1686.9733333333334,-76.97333333333336,76.97333333333336
19,7.638333333333334,11.361666666666666,11.361666666666666
219,218.6,0.4000000000000057,0.4000000000000057
182,194.39,-12.389999999999986,12.389999999999986
27,40.81,-13.810000000000002,13.810000000000002
77,44.35,32.65,32.65
108,121.02333333333333,-13.023333333333326,13.023333333333326
727,645.3033333333333,81.69666666666672,81.69666666666672
277,289.45,-12.449999999999989,12.449999999999989
400,397.93666666666667,2.0633333333333326,2.0633333333333326
38,45.596666666666664,-7.596666666666664,7.596666666666664
781,796.9666666666667,-15.966666666666697,15.966666666666697
1283,1364.2866666666666,-81.28666666666663,81.28666666666663
1529,1648.92,-119.92000000000007,119.92000000000007
147,150.14666666666668,-3.1466666666666754,3.1466666666666754
185,181.54666666666665,3.4533333333333474,3.4533333333333474
355,470.82,-115.82,115.82
315,261.04333333333335,53.95666666666665,53.95666666666665
433,428.49333333333334,4.506666666666661,4.506666666666661
56,52.403333333333336,3.596666666666664,3.596666666666664
325,328.67,-3.670000000000016,3.670000000000016
45,37.93666666666667,7.063333333333333,7.063333333333333
65,72.72333333333333,-7.723333333333329,7.723333333333329
5,18.933333333333334,-13.933333333333334,13.933333333333334
137,125.31666666666666,11.683333333333337,11.683333333333337
79,68.09333333333333,10.906666666666666,10.906666666666666
456,434.49666666666667,21.50333333333333,21.50333333333333
1631,1693.8466666666666,-62.84666666666658,62.84666666666658
1322,1393.5933333333332,-71.59333333333325,71.59333333333325
442,365.38666666666666,76.61333333333334,76.61333333333334
95,86.56666666666666,8.433333333333337,8.433333333333337
151,140.05,10.949999999999989,10.949999999999989
51,56.14,-5.140000000000001,5.140000000000001
303,300.37333333333333,2.626666666666665,2.626666666666665
913,844.3766666666667,68.62333333333333,68.62333333333333
912,863.8066666666666,48.193333333333385,48.193333333333385
488,476.9766666666667,11.023333333333312,11.023333333333312
377,540.3066666666666,-163.30666666666662,163.30666666666662
33,36.35666666666667,-3.356666666666669,3.356666666666669
205,199.83,5.1699999999999875,5.1699999999999875
1526,1648.2,-122.20000000000005,122.20000000000005
0,23.56,-23.56,23.56
162,154.17,7.8300000000000125,7.8300000000000125
84,85.82333333333334,-1.8233333333333377,1.8233333333333377
30,72.57333333333334,-42.57333333333334,42.57333333333334
16,11.0,5.0,5.0
351,360.44666666666666,-9.446666666666658,9.446666666666658
261,235.16666666666666,25.833333333333343,25.833333333333343
187,186.48,0.5200000000000102,0.5200000000000102
167,168.58333333333334,-1.5833333333333428,1.5833333333333428
1693,1731.76,-38.75999999999999,38.75999999999999
568,517.97,50.02999999999997,50.02999999999997
184,195.19666666666666,-11.196666666666658,11.196666666666658
244,224.74,19.25999999999999,19.25999999999999
599,553.66,45.34000000000003,45.34000000000003
452,471.73,-19.730000000000018,19.730000000000018
213,204.00666666666666,8.99333333333334,8.99333333333334
156,143.06333333333333,12.936666666666667,12.936666666666667
174,183.43,-9.430000000000007,9.430000000000007
685,854.7133333333334,-169.71333333333337,169.71333333333337
193,190.58666666666667,2.413333333333327,2.413333333333327
35,35.57666666666667,-0.576666666666668,0.576666666666668
347,341.23,5.769999999999982,5.769999999999982
406,399.69,6.310000000000002,6.310000000000002
116,121.32333333333334,-5.323333333333338,5.323333333333338
110,126.77,-16.769999999999996,16.769999999999996
326,301.6533333333333,24.346666666666692,24.346666666666692
0,27.886666666666667,-27.886666666666667,27.886666666666667
1536,1662.1366666666668,-126.13666666666677,126.13666666666677
45,47.736666666666665,-2.7366666666666646,2.7366666666666646
65,78.84333333333333,-13.843333333333334,13.843333333333334
85,71.47,13.530000000000001,13.530000000000001
1258,1371.76,-113.75999999999999,113.75999999999999
1385,1482.1666666666667,-97.16666666666674,97.16666666666674
1113,1106.4366666666667,6.563333333333276,6.563333333333276
274,261.19666666666666,12.803333333333342,12.803333333333342
516,496.62666666666667,19.373333333333335,19.373333333333335
1350,1413.7633333333333,-63.76333333333332,63.76333333333332
664,712.5566666666666,-48.556666666666615,48.556666666666615
879,1047.4766666666667,-168.4766666666667,168.4766666666667
1541,1673.6666666666667,-132.66666666666674,132.66666666666674
384,384.50333333333333,-0.5033333333333303,0.5033333333333303
150,161.65333333333334,-11.653333333333336,11.653333333333336
1543,1650.1866666666667,-107.18666666666672,107.18666666666672
188,213.53666666666666,-25.53666666666666,25.53666666666666
198,202.11333333333334,-4.113333333333344,4.113333333333344
288,275.0366666666667,12.96333333333331,12.96333333333331
228,228.25,-0.25,0.25
1753,1765.1933333333334,-12.193333333333385,12.193333333333385
258,261.68,-3.680000000000007,3.680000000000007
50,56.79,-6.789999999999999,6.789999999999999
482,464.13666666666666,17.863333333333344,17.863333333333344
148,169.44666666666666,-21.44666666666666,21.44666666666666
1432,1587.6733333333334,-155.6733333333334,155.6733333333334
53,63.72666666666667,-10.726666666666667,10.726666666666667
97,90.19333333333333,6.806666666666672,6.806666666666672
383,365.81333333333333,17.186666666666667,17.186666666666667
343,439.38666666666666,-96.38666666666666,96.38666666666666
153,157.82333333333332,-4.8233333333333235,4.8233333333333235
0,27.886666666666667,-27.886666666666667,27.886666666666667
224,213.72666666666666,10.27333333333334,10.27333333333334
740,712.6466666666666,27.353333333333353,27.353333333333353
