Actual_AvailableSpaces,Predicted_AvailableSpaces,Prediction_Error
193,175.515,17.485000000000014
439,446.8,-7.800000000000011
1001,955.23,45.76999999999998
185,197.335,-12.335000000000008
1055,1055.38,-0.38000000000010914
536,502.585,33.41500000000002
120,98.13,21.870000000000005
38,32.5,5.5
1974,1972.515,1.4849999999999
332,330.25,1.75
2213,2209.32,3.6799999999998363
292,303.805,-11.805000000000007
187,207.9,-20.900000000000006
361,349.74,11.259999999999991
130,124.495,5.5049999999999955
614,580.65,33.35000000000002
2029,2030.83,-1.8299999999999272
581,589.115,-8.115000000000009
208,207.09,0.9099999999999966
541,559.07,-18.07000000000005
1062,1070.41,-8.410000000000082
59,52.02,6.979999999999997
818,791.89,26.110000000000014
167,166.35,0.6500000000000057
2166,2173.33,-7.329999999999927
605,613.48,-8.480000000000018
355,346.81,8.189999999999998
2228,2247.93,-19.929999999999836
204,188.47,15.530000000000001
677,676.2,0.7999999999999545
193,193.225,-0.22499999999999432
472,451.41,20.589999999999975
1809,1799.415,9.585000000000036
1507,1550.325,-43.325000000000045
149,144.545,4.4550000000000125
581,596.72,-15.720000000000027
96,86.35,9.650000000000006
1302,1274.4,27.59999999999991
18,27.81,-9.809999999999999
208,185.965,22.034999999999997
2464,2131.91,332.09000000000015
163,159.375,3.625
2262,2423.265,-161.26499999999987
890,940.79,-50.789999999999964
947,772.675,174.32500000000005
288,245.86,42.139999999999986
1193,1269.96,-76.96000000000004
565,537.195,27.80499999999995
2432,2527.59,-95.59000000000015
344,389.145,-45.14499999999998
3782,3197.76,584.2399999999998
461,558.04,-97.03999999999996
228,304.45,-76.44999999999999
375,403.615,-28.61500000000001
1284,1311.245,-27.24499999999989
343,352.065,-9.064999999999998
769,758.365,10.634999999999991
941,971.635,-30.63499999999999
321,347.645,-26.644999999999982
303,369.565,-66.565
240,222.525,17.474999999999994
2327,2388.095,-61.0949999999998
1101,698.04,402.96000000000004
484,511.33,-27.329999999999984
2817,2346.53,470.4699999999998
421,415.845,5.154999999999973
281,276.545,4.454999999999984
306,293.815,12.185000000000002
3681,3686.44,-5.440000000000055
251,265.02,-14.019999999999982
141,140.38,0.6200000000000045
392,398.535,-6.535000000000025
2758,2706.985,51.01499999999987
274,294.65,-20.649999999999977
278,278.945,-0.9449999999999932
2133,2423.915,-290.91499999999996
856,854.16,1.8400000000000318
929,917.145,11.855000000000018
1130,1567.795,-437.7950000000001
2411,2458.015,-47.01499999999987
872,839.555,32.44500000000005
558,592.495,-34.495000000000005
392,509.69,-117.69
2223,2325.07,-102.07000000000016
1077,1072.15,4.849999999999909
207,211.85,-4.849999999999994
752,763.055,-11.05499999999995
1153,1155.365,-2.365000000000009
230,236.975,-6.974999999999994
282,278.2,3.8000000000000114
2204,2192.83,11.170000000000073
997,970.755,26.245000000000005
237,253.59,-16.590000000000003
1050,1061.22,-11.220000000000027
268,263.94,4.060000000000002
302,250.965,51.035
224,208.72,15.280000000000001
3546,3544.56,1.4400000000000546
227,229.49,-2.490000000000009
550,594.75,-44.75
2076,2060.845,15.1550000000002
2668,2622.395,45.60500000000002
1042,1029.57,12.430000000000064
736,739.99,-3.990000000000009
297,480.545,-183.54500000000002
223,209.06,13.939999999999998
890,891.86,-1.8600000000000136
101,84.315,16.685000000000002
2183,2387.64,-204.63999999999987
773,769.04,3.9600000000000364
201,177.755,23.245000000000005
2376,2436.47,-60.4699999999998
172,191.42,-19.419999999999987
813,808.0,5.0
1750,2200.955,-450.9549999999999
414,422.925,-8.925000000000011
233,205.405,27.595
133,140.47,-7.469999999999999
218,214.29,3.710000000000008
407,408.075,-1.0749999999999886
519,542.605,-23.605000000000018
974,1004.955,-30.95500000000004
170,166.67,3.3300000000000125
652,687.17,-35.16999999999996
263,256.22,6.779999999999973
191,207.58,-16.580000000000013
2337,2333.075,3.925000000000182
1363,1386.0,-23.0
196,241.95,-45.94999999999999
758,764.94,-6.940000000000055
253,242.845,10.155000000000001
949,969.525,-20.524999999999977
812,838.64,-26.639999999999986
697,703.27,-6.269999999999982
1979,1951.855,27.144999999999982
160,173.94,-13.939999999999998
2444,2542.355,-98.35500000000002
83,65.07,17.930000000000007
773,814.62,-41.620000000000005
170,173.53,-3.530000000000001
2128,2118.64,9.360000000000127
3260,3331.455,-71.45499999999993
185,189.89,-4.889999999999986
658,666.485,-8.485000000000014
170,159.66,10.340000000000003
144,145.975,-1.9749999999999943
2933,2987.51,-54.51000000000022
689,677.375,11.625
703,718.775,-15.774999999999977
246,248.185,-2.1850000000000023
399,396.78,2.2200000000000273
1899,1900.97,-1.9700000000000273
155,143.685,11.314999999999998
1121,1037.605,83.39499999999998
128,108.14,19.86
488,502.115,-14.115000000000009
128,137.14,-9.139999999999986
94,103.845,-9.844999999999999
210,206.255,3.7450000000000045
2099,2061.325,37.67500000000018
2154,2186.96,-32.960000000000036
149,141.5,7.5
873,873.605,-0.6050000000000182
871,912.2,-41.200000000000045
625,677.095,-52.09500000000003
217,213.98,3.0200000000000102
561,553.96,7.039999999999964
2298,2301.115,-3.1149999999997817
73,68.115,4.885000000000005
150,138.335,11.664999999999992
1711,1830.59,-119.58999999999992
383,387.72,-4.720000000000027
623,615.425,7.5750000000000455
128,121.59,6.409999999999997
2060,2058.505,1.4949999999998909
514,505.61,8.389999999999986
416,499.355,-83.35500000000002
702,774.16,-72.15999999999997
137,132.325,4.675000000000011
67,61.1525,5.847499999999997
444,457.22,-13.220000000000027
195,192.695,2.305000000000007
2258,2265.76,-7.760000000000218
76,81.175,-5.174999999999997
778,801.4,-23.399999999999977
131,156.66,-25.659999999999997
109,91.86,17.14
210,199.785,10.215000000000003
985,952.855,32.14499999999998
2435,2631.195,-196.19500000000016
1834,1846.625,-12.625
647,653.86,-6.860000000000014
223,230.7,-7.699999999999989
593,627.74,-34.74000000000001
54,68.39,-14.39
153,142.34,10.659999999999997
29,31.115,-2.1149999999999984
2035,2026.195,8.805000000000064
478,482.355,-4.355000000000018
56,52.98,3.020000000000003
605,603.865,1.134999999999991
1388,1323.68,64.31999999999994
581,579.685,1.3150000000000546
1788,1788.69,-0.6900000000000546
416,414.965,1.035000000000025
103,89.35,13.650000000000006
264,270.31,-6.310000000000002
64,60.7975,3.2025000000000006
110,113.395,-3.394999999999996
130,128.78,1.2199999999999989
106,111.16,-5.159999999999997
560,539.51,20.49000000000001
564,576.185,-12.184999999999945
2070,2137.405,-67.4050000000002
711,728.32,-17.32000000000005
210,199.025,10.974999999999994
366,368.04,-2.0400000000000205
2233,2238.015,-5.014999999999873
174,171.585,2.414999999999992
205,209.635,-4.634999999999991
921,846.58,74.41999999999996
524,534.905,-10.904999999999973
210,204.015,5.985000000000014
343,358.955,-15.954999999999984
24,47.125,-23.125
2201,2206.175,-5.175000000000182
137,128.005,8.995000000000005
1091,1080.555,10.444999999999936
0,14.495,-14.495
1743,1753.915,-10.914999999999964
1725,1748.205,-23.204999999999927
161,163.47,-2.469999999999999
875,841.995,33.004999999999995
191,191.15,-0.15000000000000568
448,475.485,-27.485000000000014
631,655.3,-24.299999999999955
119,147.935,-28.935000000000002
549,552.56,-3.5599999999999454
62,53.96733333333334,8.032666666666657
165,151.35,13.650000000000006
387,387.145,-0.1449999999999818
93,95.135,-2.135000000000005
550,572.025,-22.024999999999977
456,447.955,8.045000000000016
99,96.555,2.444999999999993
81,86.425,-5.424999999999997
2010,2006.185,3.8150000000000546
58,50.689750000000004,7.310249999999996
2192,2174.03,17.9699999999998
6,39.755,-33.755
425,440.27,-15.269999999999982
1481,1423.23,57.76999999999998
580,587.63,-7.6299999999999955
150,151.845,-1.8449999999999989
54,64.995,-10.995000000000005
19,17.09,1.9100000000000001
509,496.03,12.970000000000027
374,354.335,19.66500000000002
372,377.015,-5.014999999999986
517,523.75,-6.75
1984,1972.48,11.519999999999982
195,175.63,19.370000000000005
526,522.24,3.759999999999991
160,165.375,-5.375
92,89.97,2.030000000000001
92,87.055,4.944999999999993
0,1.56,-1.56
889,923.75,-34.75
141,140.765,0.23500000000001364
327,329.035,-2.035000000000025
1724,1714.945,9.055000000000064
837,832.915,4.085000000000036
211,204.015,6.985000000000014
500,509.085,-9.08499999999998
0,1.055,-1.055
89,86.655,2.344999999999999
411,409.135,1.865000000000009
0,3.215,-3.215
499,502.195,-3.194999999999993
1720,1716.765,3.2349999999999
374,360.575,13.425000000000011
470,495.235,-25.235000000000014
59,54.04774999999999,4.9522500000000065
180,186.54,-6.539999999999992
148,142.055,5.944999999999993
500,555.555,-55.55499999999995
88,85.785,2.2150000000000034
158,161.09,-3.0900000000000034
1928,1955.41,-27.410000000000082
1242,1266.885,-24.88499999999999
805,820.53,-15.529999999999973
0,50.38,-50.38
144,150.565,-6.564999999999998
4,22.88,-18.88
2192,2181.19,10.809999999999945
260,328.82,-68.82
730,759.605,-29.605000000000018
209,206.145,2.8549999999999898
303,325.43,-22.430000000000007
88,89.775,-1.7750000000000057
201,203.64,-2.6399999999999864
534,474.135,59.86500000000001
90,85.865,4.135000000000005
813,790.28,22.720000000000027
502,499.05,2.9499999999999886
1974,1906.925,67.07500000000005
168,198.415,-30.414999999999992
367,373.08,-6.079999999999984
14,11.425,2.5749999999999993
171,175.27,-4.27000000000001
480,499.74,-19.74000000000001
625,620.82,4.17999999999995
54,2.435,51.565
414,411.96,2.0400000000000205
0,1.64,-1.64
58,56.202749999999995,1.7972500000000053
2189,2187.8,1.199999999999818
1174,1174.615,-0.6150000000000091
152,155.0,-3.0
0,1.855,-1.855
459,432.645,26.355000000000018
294,295.025,-1.0249999999999773
1709,1720.785,-11.785000000000082
145,150.55,-5.550000000000011
148,148.065,-0.06499999999999773
2189,2186.13,2.869999999999891
872,815.435,56.565000000000055
92,88.505,3.4950000000000045
155,149.735,5.264999999999986
198,196.1,1.9000000000000057
463,461.875,1.125
120,113.715,6.284999999999997
428,417.73,10.269999999999982
368,368.43,-0.4300000000000068
33,22.455,10.545000000000002
97,89.78,7.219999999999999
280,285.32,-5.319999999999993
1099,1127.075,-28.075000000000045
454,445.66,8.339999999999975
164,170.07,-6.069999999999993
6,1.125,4.875
504,590.915,-86.91499999999996
162,151.205,10.794999999999987
152,150.67,1.3300000000000125
525,501.355,23.644999999999982
1713,1713.78,-0.7799999999999727
580,521.79,58.210000000000036
0,1.855,-1.855
41,57.315,-16.314999999999998
1958,1964.325,-6.3250000000000455
63,56.522749999999995,6.477250000000005
165,163.08,1.9199999999999875
484,462.65,21.350000000000023
1991,1994.88,-3.880000000000109
54,13.76,40.24
132,120.955,11.045000000000002
61,70.23,-9.230000000000004
549,516.885,32.11500000000001
1219,1074.365,144.635
656,583.71,72.28999999999996
291,272.06,18.939999999999998
161,162.12,-1.1200000000000045
470,458.49,11.509999999999991
910,965.72,-55.72000000000003
207,195.98,11.02000000000001
65,52.995,12.005000000000003
437,446.855,-9.855000000000018
162,161.645,0.35499999999998977
533,551.505,-18.504999999999995
360,379.635,-19.63499999999999
100,98.28,1.7199999999999989
48,52.845,-4.844999999999999
171,168.17,2.8300000000000125
0,2.3075,-2.3075
1729,1724.62,4.380000000000109
96,105.795,-9.795000000000002
2190,2198.325,-8.324999999999818
175,172.42,2.5800000000000125
89,85.18,3.819999999999993
980,974.585,5.414999999999964
748,768.78,-20.779999999999973
178,167.14,10.860000000000014
220,211.54,8.460000000000008
1760,1758.095,1.9049999999999727
577,552.645,24.355000000000018
306,311.5,-5.5
174,173.165,0.835000000000008
2191,2199.305,-8.304999999999836
54,63.225,-9.225000000000001
67,70.825,-3.825000000000003
360,366.76,-6.759999999999991
485,488.03,-3.0299999999999727
117,107.72,9.280000000000001
176,172.99,3.009999999999991
513,517.01,-4.009999999999991
2028,2020.83,7.170000000000073
1363,1417.045,-54.04500000000007
0,2.3075,-2.3075
78,103.92,-25.92
111,105.18,5.819999999999993
460,456.0,4.0
185,156.205,28.794999999999987
602,568.105,33.89499999999998
92,63.75,28.25
107,108.055,-1.0550000000000068
112,117.015,-5.015000000000001
133,132.27,0.7299999999999898
224,226.685,-2.6850000000000023
229,244.62,-15.620000000000005
71,72.775,-1.7750000000000057
1071,1065.75,5.25
510,511.125,-1.125
180,188.535,-8.534999999999997
888,905.4,-17.399999999999977
185,181.32,3.680000000000007
530,553.13,-23.129999999999995
149,139.035,9.965000000000003
0,2.3075,-2.3075
490,492.44,-2.4399999999999977
637,672.39,-35.389999999999986
1535,1535.485,-0.48499999999989996
1772,1778.73,-6.730000000000018
316,319.39,-3.3899999999999864
623,627.19,-4.190000000000055
2194,2199.505,-5.505000000000109
183,193.68,-10.680000000000007
176,185.535,-9.534999999999997
2050,2070.19,-20.190000000000055
377,368.835,8.16500000000002
195,196.615,-1.615000000000009
199,204.0,-5.0
122,146.8,-24.80000000000001
78,84.515,-6.515000000000001
532,539.59,-7.590000000000032
1,23.540250000000004,-22.540250000000004
415,398.505,16.495000000000005
2205,2217.855,-12.855000000000018
137,132.64,4.360000000000014
1226,1282.71,-56.710000000000036
2077,2093.165,-16.164999999999964
232,210.3,21.69999999999999
702,693.95,8.049999999999955
1049,1057.99,-8.990000000000009
1811,1747.88,63.11999999999989
192,191.375,0.625
344,336.36,7.639999999999986
1751,1736.38,14.61999999999989
190,196.045,-6.0449999999999875
236,234.04,1.960000000000008
285,290.515,-5.514999999999986
581,567.76,13.240000000000009
121,121.895,-0.894999999999996
703,699.91,3.090000000000032
166,164.49,1.509999999999991
536,531.195,4.80499999999995
1870,1870.875,-0.875
618,620.84,-2.840000000000032
146,153.65,-7.650000000000006
212,216.72,-4.719999999999999
366,357.105,8.894999999999982
545,567.76,-22.75999999999999
764,781.085,-17.085000000000036
197,196.7,0.30000000000001137
2216,2234.24,-18.23999999999978
2000,1984.165,15.835000000000036
243,221.125,21.875
554,593.885,-39.88499999999999
305,300.53,4.470000000000027
216,210.055,5.944999999999993
1441,1501.065,-60.065000000000055
156,144.18,11.819999999999993
2105,2130.61,-25.610000000000127
420,436.4,-16.399999999999977
240,249.98,-9.97999999999999
398,362.395,35.60500000000002
770,788.195,-18.19500000000005
87,99.41,-12.409999999999997
12,18.865333333333336,-6.865333333333336
1248,1284.97,-36.97000000000003
222,209.665,12.335000000000008
237,198.755,38.245000000000005
293,303.195,-10.194999999999993
174,171.81,2.1899999999999977
902,898.48,3.519999999999982
209,202.49,6.509999999999991
441,432.5,8.5
22,30.84,-8.84
392,354.65,37.35000000000002
181,176.655,4.344999999999999
567,576.695,-9.69500000000005
490,449.17,40.829999999999984
2226,2243.67,-17.670000000000073
1679,1654.47,24.529999999999973
272,280.855,-8.855000000000018
254,251.915,2.085000000000008
2147,2165.85,-18.84999999999991
99,116.18,-17.180000000000007
1449,1532.115,-83.11500000000001
237,245.35,-8.349999999999994
280,279.28,0.7200000000000273
2253,2192.39,60.61000000000013
1931,1937.985,-6.9849999999999
376,383.44,-7.439999999999998
247,234.115,12.884999999999991
826,856.02,-30.019999999999982
630,613.15,16.850000000000023
652,658.15,-6.149999999999977
273,279.735,-6.735000000000014
956,885.22,70.77999999999997
533,513.17,19.83000000000004
2347,2580.97,-233.9699999999998
197,178.465,18.534999999999997
776,775.63,0.37000000000000455
2861,2911.93,-50.929999999999836
1286,1370.03,-84.02999999999997
296,249.76,46.24000000000001
1600,1573.56,26.440000000000055
233,308.65,-75.64999999999998
3914,3294.29,619.71
570,537.205,32.79499999999996
2437,2658.555,-221.55499999999984
408,419.0,-11.0
2486,2568.075,-82.07499999999982
605,531.865,73.13499999999999
425,429.01,-4.009999999999991
3107,3193.09,-86.09000000000015
1067,1027.29,39.710000000000036
355,357.55,-2.5500000000000114
606,617.57,-11.57000000000005
931,1001.34,-70.34000000000003
1129,1001.36,127.63999999999999
273,273.24,-0.2400000000000091
523,520.52,2.480000000000018
912,937.22,-25.220000000000027
345,350.385,-5.384999999999991
1569,1591.965,-22.964999999999918
2776,2774.53,1.4699999999998
3816,3832.625,-16.625
1257,1253.36,3.6400000000001
902,946.965,-44.96500000000003
421,421.475,-0.47500000000002274
2338,2419.175,-81.17500000000018
2421,2505.53,-84.5300000000002
1047,1046.945,0.055000000000063665
603,602.66,0.34000000000003183
756,762.19,-6.190000000000055
281,291.535,-10.535000000000025
406,400.155,5.845000000000027
2469,2448.03,20.9699999999998
1118,1108.88,9.11999999999989
197,191.075,5.925000000000011
3051,3082.46,-31.460000000000036
563,569.665,-6.664999999999964
217,219.285,-2.2849999999999966
594,564.29,29.710000000000036
847,866.59,-19.590000000000032
270,271.555,-1.5550000000000068
498,506.995,-8.995000000000005
598,597.325,0.6749999999999545
1015,1014.015,0.9850000000000136
193,195.82,-2.819999999999993
1513,1533.64,-20.6400000000001
1024,1081.675,-57.674999999999955
2464,2677.185,-213.18499999999995
1180,1209.335,-29.335000000000036
696,723.975,-27.975000000000023
2960,2947.575,12.425000000000182
2370,2368.22,1.7800000000002
411,413.51,-2.509999999999991
2322,2279.215,42.784999999999854
262,267.585,-5.5849999999999795
333,327.0,6.0
532,582.185,-50.184999999999945
2409,2406.185,2.8150000000000546
405,389.895,15.105000000000018
3478,3715.41,-237.40999999999985
166,188.625,-22.625
744,801.6,-57.60000000000002
560,569.56,-9.559999999999945
525,553.375,-28.375
2381,2338.935,42.065000000000055
395,400.62,-5.6200000000000045
272,268.495,3.5049999999999955
135,137.325,-2.3249999999999886
2857,2871.62,-14.61999999999989
884,920.565,-36.565000000000055
474,473.725,0.27499999999997726
2034,2064.75,-30.75
641,655.12,-14.120000000000005
193,191.115,1.884999999999991
802,784.22,17.779999999999973
231,239.875,-8.875
2339,2317.15,21.84999999999991
318,307.605,10.394999999999982
509,622.225,-113.22500000000002
1120,1115.0,5.0
3019,3204.105,-185.10500000000002
973,974.88,-1.8799999999999955
493,503.44,-10.439999999999998
406,397.51,8.490000000000009
1447,1459.74,-12.740000000000009
2309,2311.51,-2.5100000000002183
599,593.63,5.3700000000000045
450,445.05,4.949999999999989
2322,2336.725,-14.724999999999909
2589,2639.8,-50.80000000000018
746,767.85,-21.850000000000023
2290,2298.73,-8.730000000000018
453,462.25,-9.25
1639,1699.525,-60.52500000000009
379,383.965,-4.964999999999975
301,300.465,0.535000000000025
2287,2311.125,-24.125
193,191.135,1.865000000000009
401,405.45,-4.449999999999989
83,100.56,-17.560000000000002
596,590.66,5.340000000000032
927,932.1,-5.100000000000023
297,310.75,-13.75
270,268.615,1.384999999999991
217,204.65,12.349999999999994
1033,1037.295,-4.295000000000073
1374,1392.125,-18.125
732,739.215,-7.215000000000032
2722,2725.19,-3.1900000000000546
594,596.21,-2.2100000000000364
463,483.12,-20.120000000000005
289,284.995,4.0049999999999955
1169,1290.39,-121.3900000000001
551,638.265,-87.26499999999999
395,423.185,-28.185000000000002
270,269.785,0.214999999999975
194,191.935,2.0649999999999977
873,890.29,-17.289999999999964
675,673.075,1.9249999999999545
2558,2542.845,15.1550000000002
517,558.735,-41.735000000000014
363,368.3,-5.300000000000011
2091,2236.34,-145.34000000000015
964,958.235,5.764999999999986
404,421.885,-17.88499999999999
1277,1316.69,-39.690000000000055
2278,2254.475,23.52500000000009
187,201.53,-14.530000000000001
101,150.895,-49.89500000000001
412,418.08,-6.079999999999984
592,581.06,10.940000000000055
2279,2285.48,-6.480000000000018
42,59.825,-17.825000000000003
398,389.205,8.795000000000016
2246,2249.53,-3.5300000000002
392,382.85,9.149999999999977
373,373.31,-0.3100000000000023
2429,2407.385,21.61499999999978
614,626.56,-12.559999999999945
1198,1199.03,-1.0299999999999727
1744,1785.115,-41.11500000000001
389,437.96,-48.95999999999998
158,162.165,-4.164999999999992
881,908.33,-27.33000000000004
587,581.29,5.710000000000036
473,454.37,18.629999999999995
0,21.03,-21.03
345,348.65,-3.6499999999999773
2231,2230.17,0.8299999999999272
825,815.0,10.0
860,898.4,-38.39999999999998
267,274.185,-7.185000000000002
342,348.015,-6.014999999999986
195,192.815,2.1850000000000023
0,25.415,-25.415
272,269.065,2.9350000000000023
376,376.5,-0.5
2201,2226.85,-25.84999999999991
2258,2235.09,22.909999999999854
333,352.135,-19.13499999999999
262,270.45,-8.449999999999989
301,262.16,38.839999999999975
338,351.63,-13.629999999999995
326,330.115,-4.115000000000009
1495,1361.77,133.23000000000002
116,137.53,-21.53
2201,2184.67,16.329999999999927
1111,1119.815,-8.815000000000055
440,429.795,10.204999999999984
0,1.65,-1.65
2228,2225.17,2.8299999999999272
377,378.9,-1.8999999999999773
0,1.07,-1.07
2193,2168.485,24.514999999999873
824,784.775,39.22500000000002
660,712.17,-52.16999999999996
773,770.86,2.1399999999999864
575,576.18,-1.17999999999995
198,194.34,3.6599999999999966
247,250.51,-3.509999999999991
221,220.71,0.28999999999999204
577,566.675,10.325000000000045
2306,2300.695,5.304999999999836
1231,1276.06,-45.059999999999945
748,764.47,-16.470000000000027
220,223.49,-3.490000000000009
2165,2163.095,1.9050000000002
735,726.73,8.269999999999982
2185,2211.265,-26.264999999999873
0,0.97,-0.97
390,421.565,-31.564999999999998
467,500.55,-33.55000000000001
528,540.615,-12.615000000000009
9,1.075,7.925
2183,2181.145,1.8550000000000182
283,304.78,-21.779999999999973
361,366.025,-5.024999999999977
2188,2177.95,10.050000000000182
562,564.72,-2.7200000000000273
303,308.18,-5.180000000000007
68,99.38,-31.379999999999995
244,247.84,-3.8400000000000034
201,198.205,2.7949999999999875
98,93.395,4.605000000000004
1038,1052.125,-14.125
258,265.3,-7.300000000000011
300,307.6,-7.600000000000023
233,242.115,-9.115000000000009
950,978.94,-28.940000000000055
245,237.045,7.9550000000000125
65,77.115,-12.114999999999995
260,274.88,-14.879999999999995
2080,2072.095,7.9050000000002
372,370.315,1.6850000000000023
2189,2178.115,10.885000000000218
690,689.525,0.47500000000002274
0,14.48,-14.48
2138,2150.715,-12.715000000000146
690,695.855,-5.855000000000018
0,2.235,-2.235
374,362.235,11.764999999999986
1077,1141.26,-64.25999999999999
198,201.39,-3.3899999999999864
2135,2131.395,3.605000000000018
203,196.635,6.365000000000009
286,287.525,-1.5249999999999773
216,223.205,-7.2050000000000125
361,348.575,12.425000000000011
559,554.335,4.664999999999964
0,8.9,-8.9
487,505.57,-18.569999999999993
555,551.985,3.0149999999999864
255,238.265,16.735000000000014
194,189.725,4.275000000000006
2079,2099.93,-20.929999999999836
891,883.135,7.865000000000009
191,196.915,-5.914999999999992
1,1.15,-0.1499999999999999
199,197.565,1.4350000000000023
169,186.84,-17.840000000000003
2188,2179.4,8.599999999999909
63,40.0275,22.972499999999997
356,356.375,-0.375
0,2.89,-2.89
991,992.1,-1.1000000000000227
625,638.515,-13.514999999999986
636,663.01,-27.00999999999999
0,2.235,-2.235
2105,2113.32,-8.320000000000164
1977,2004.225,-27.22499999999991
212,232.085,-20.085000000000008
351,359.4,-8.399999999999977
281,271.185,9.814999999999998
456,462.055,-6.055000000000007
350,309.065,40.935
888,939.615,-51.61500000000001
409,436.905,-27.904999999999973
201,199.1,1.9000000000000057
186,191.865,-5.865000000000009
326,340.955,-14.954999999999984
228,239.98,-11.97999999999999
41,46.08,-5.079999999999998
138,155.775,-17.775000000000006
326,336.945,-10.944999999999993
268,272.915,-4.9150000000000205
338,350.925,-12.925000000000011
1875,1909.16,-34.16000000000008
156,166.14,-10.139999999999986
600,589.56,10.440000000000055
539,551.48,-12.480000000000018
0,1.825,-1.825
2189,2183.27,5.730000000000018
1,1.2316666666666667,-0.2316666666666667
2055,2091.535,-36.534999999999854
2013,2054.95,-41.94999999999982
828,835.75,-7.75
169,162.35,6.650000000000006
0,7.406666666666667,-7.406666666666667
547,583.655,-36.65499999999997
325,323.99,1.009999999999991
104,114.44,-10.439999999999998
0,1.825,-1.825
135,138.48,-3.4799999999999898
1,1.145,-0.14500000000000002
2189,2182.555,6.445000000000164
200,201.505,-1.5049999999999955
179,164.605,14.39500000000001
223,211.775,11.224999999999994
381,394.905,-13.904999999999973
569,568.275,0.7250000000000227
525,531.415,-6.414999999999964
318,307.06,10.939999999999998
8,0.15666666666666665,7.843333333333334
485,512.195,-27.19500000000005
792,772.585,19.414999999999964
122,154.395,-32.39500000000001
38,34.385,3.615000000000002
1844,1857.225,-13.224999999999909
261,257.545,3.454999999999984
1958,1971.565,-13.565000000000055
827,802.56,24.440000000000055
327,316.92,10.079999999999984
2020,2035.735,-15.7349999999999
213,215.47,-2.469999999999999
253,263.525,-10.524999999999977
120,126.245,-6.2450000000000045
553,565.365,-12.365000000000009
170,181.73,-11.72999999999999
305,328.265,-23.264999999999986
323,309.56,13.439999999999998
520,511.935,8.064999999999998
485,453.645,31.355000000000018
0,2.4,-2.4
305,310.955,-5.954999999999984
0,9.365,-9.365
2,12.43,-10.43
130,93.065,36.935
110,109.915,0.08499999999999375
771,764.01,6.990000000000009
22,34.66,-12.659999999999997
1815,1866.945,-51.944999999999936
355,404.35,-49.35000000000002
804,793.13,10.870000000000005
1998,2009.325,-11.325000000000045
2190,2191.295,-1.2950000000000728
197,198.71,-1.710000000000008
1966,1944.71,21.289999999999964
118,117.34,0.6599999999999966
227,215.7,11.300000000000011
246,254.59,-8.590000000000003
532,557.155,-25.154999999999973
764,823.365,-59.36500000000001
1941,1982.115,-41.11500000000001
195,186.46,8.539999999999992
502,512.295,-10.294999999999959
307,319.415,-12.41500000000002
352,425.32,-73.32
297,300.61,-3.6100000000000136
0,8.333333333333332,-8.333333333333332
2189,2199.78,-10.7800000000002
178,185.05,-7.050000000000011
102,144.455,-42.45500000000001
1809,1879.22,-70.22000000000003
101,106.455,-5.454999999999998
0,10.32,-10.32
454,487.995,-33.995000000000005
18,27.82,-9.82
767,789.495,-22.495000000000005
1982,1995.39,-13.3900000000001
0,5.171666666666668,-5.171666666666668
295,301.68,-6.680000000000007
25,29.58,-4.579999999999998
538,531.84,6.159999999999968
2,10.655,-8.655
729,766.895,-37.89499999999998
192,190.91,1.0900000000000034
769,782.32,-13.32000000000005
353,438.305,-85.305
249,246.525,2.4749999999999943
119,98.435,20.564999999999998
1907,1963.155,-56.15499999999997
0,5.171666666666668,-5.171666666666668
423,455.17,-32.170000000000016
3,6.825,-3.825
231,237.555,-6.555000000000007
2190,2199.23,-9.230000000000018
287,295.48,-8.480000000000018
1963,1985.495,-22.49499999999989
292,300.62,-8.620000000000005
1827,1885.49,-58.49000000000001
484,488.65,-4.649999999999977
196,195.86,0.13999999999998636
70,103.38,-33.379999999999995
118,124.02,-6.019999999999996
292,297.88,-5.8799999999999955
2190,2199.835,-9.835000000000036
0,5.171666666666668,-5.171666666666668
1962,1979.07,-17.069999999999936
249,228.865,20.13499999999999
186,192.695,-6.694999999999993
294,291.16,2.839999999999975
254,249.84,4.159999999999997
121,124.33,-3.3299999999999983
264,243.755,20.245000000000005
2,9.11,-7.109999999999999
1905,1894.375,10.625
786,744.415,41.585000000000036
34,8.668333333333333,25.331666666666667
314,295.175,18.82499999999999
124,129.175,-5.175000000000011
350,305.995,44.004999999999995
480,467.83,12.170000000000016
532,544.275,-12.274999999999977
1901,1916.325,-15.325000000000045
32,30.065,1.9349999999999987
361,449.16,-88.16000000000003
796,792.025,3.9750000000000227
61,90.905,-29.905
422,412.67,9.329999999999984
157,149.025,7.974999999999994
45,35.41,9.590000000000003
869,860.745,8.254999999999995
467,428.895,38.10500000000002
387,454.19,-67.19
325,348.845,-23.845000000000027
469,477.495,-8.495000000000005
281,296.055,-15.055000000000007
568,543.45,24.549999999999955
2018,1992.08,25.920000000000073
181,185.315,-4.314999999999998
262,266.165,-4.1650000000000205
410,442.025,-32.02499999999998
25,19.01,5.989999999999998
80,70.995,9.004999999999995
893,864.11,28.889999999999986
60,80.82,-20.819999999999993
288,297.285,-9.285000000000025
141,138.67,2.3300000000000125
2188,2214.41,-26.409999999999854
1969,1982.755,-13.75500000000011
1940,1922.18,17.819999999999936
0,5.125166666666667,-5.125166666666667
301,305.085,-4.0849999999999795
1140,901.53,238.47000000000003
3115,3104.14,10.860000000000127
295,265.22,29.779999999999973
325,361.395,-36.39499999999998
2952,782.475,2169.525
456,469.73,-13.730000000000018
599,528.195,70.80499999999995
3966,2294.615,1671.3850000000002
952,803.47,148.52999999999997
2467,2619.845,-152.8449999999998
2497,2572.755,-75.75500000000011
574,544.6,29.399999999999977
1277,799.05,477.95000000000005
2304,2626.94,-322.94000000000005
420,366.78,53.22000000000003
822,579.38,242.62
603,590.215,12.784999999999968
550,447.58,102.42000000000002
263,309.825,-46.82499999999999
260,261.575,-1.5749999999999886
1065,923.975,141.02499999999998
1615,1361.4,253.5999999999999
179,194.915,-15.914999999999992
430,305.485,124.51499999999999
258,244.485,13.514999999999986
551,546.44,4.559999999999945
1616,1611.755,4.244999999999891
990,946.105,43.89499999999998
2943,2934.09,8.909999999999854
3958,3913.635,44.36499999999978
418,421.16,-3.160000000000025
3110,3099.45,10.550000000000182
1138,1140.655,-2.6549999999999727
602,562.73,39.26999999999998
327,304.7,22.30000000000001
2304,2314.345,-10.3449999999998
599,605.125,-6.125
1279,1304.73,-25.730000000000018
815,818.31,-3.3099999999999454
290,286.685,3.3149999999999977
952,938.555,13.44500000000005
264,242.535,21.465000000000003
575,571.655,3.3450000000000273
2468,2498.915,-30.914999999999964
2496,2463.26,32.73999999999978
181,195.43,-14.430000000000007
2485,2459.065,25.934999999999945
449,450.545,-1.545000000000016
3909,3839.885,69.11499999999978
1058,1049.835,8.164999999999964
786,796.365,-10.365000000000009
1603,1612.08,-9.079999999999927
329,312.88,16.120000000000005
983,980.465,2.534999999999968
256,242.54,13.460000000000008
1125,1117.475,7.525000000000091
253,241.845,11.155000000000001
545,549.54,-4.539999999999964
1268,1297.595,-29.595000000000027
602,605.415,-3.4149999999999636
574,592.09,-18.090000000000032
183,195.155,-12.155000000000001
2304,2345.68,-41.679999999999836
599,560.025,38.97500000000002
3096,3024.845,71.1550000000002
279,296.395,-17.394999999999982
2894,2908.23,-14.230000000000018
2457,2479.955,-22.954999999999927
419,413.425,5.574999999999989
939,938.475,0.5249999999999773
453,445.245,7.7549999999999955
428,424.05,3.9499999999999886
543,537.08,5.919999999999959
1247,1246.99,0.009999999999990905
2466,2458.985,7.014999999999873
2440,2428.76,11.239999999999782
2303,2298.2,4.800000000000182
1102,1090.955,11.045000000000073
236,235.085,0.914999999999992
2837,2830.46,6.539999999999964
1573,1573.06,-0.05999999999994543
329,313.44,15.560000000000002
417,415.85,1.1499999999999773
592,586.91,5.090000000000032
1030,1038.53,-8.529999999999973
255,255.665,-0.664999999999992
3068,3006.08,61.92000000000007
775,774.91,0.09000000000003183
273,270.175,2.8249999999999886
183,181.26,1.740000000000009
3848,3723.245,124.75500000000011
918,904.85,13.149999999999977
600,600.855,-0.8550000000000182
572,568.755,3.2450000000000045
960,971.44,-11.440000000000055
1519,1544.97,-25.970000000000027
265,263.635,1.365000000000009
3678,3700.33,-22.329999999999927
566,568.595,-2.5950000000000273
2414,2431.27,-17.269999999999982
1186,1233.0,-47.0
179,201.565,-22.564999999999998
998,1000.57,-2.57000000000005
451,460.53,-9.529999999999973
561,579.275,-18.274999999999977
601,594.555,6.44500000000005
2671,2699.435,-28.434999999999945
186,181.31,4.689999999999998
420,423.53,-3.5299999999999727
752,755.3,-3.2999999999999545
2383,2401.17,-18.170000000000073
857,877.495,-20.495000000000005
258,255.835,2.164999999999992
329,312.645,16.355000000000018
1031,1057.77,-26.769999999999982
888,913.355,-25.355000000000018
521,536.355,-15.355000000000018
2987,2999.33,-12.329999999999927
415,414.495,0.5049999999999955
2306,2288.18,17.820000000000164
2318,2528.89,-210.88999999999987
2324,2351.7,-27.699999999999818
501,510.14,-9.139999999999986
542,560.69,-18.690000000000055
451,446.145,4.855000000000018
258,257.62,0.37999999999999545
334,312.885,21.11500000000001
1487,1468.19,18.809999999999945
782,806.455,-24.45500000000004
187,185.96,1.039999999999992
2891,2918.485,-27.485000000000127
240,256.27,-16.269999999999982
407,412.67,-5.670000000000016
1116,1122.635,-6.634999999999991
698,774.355,-76.35500000000002
3314,3450.22,-136.2199999999998
732,717.625,14.375
986,953.98,32.01999999999998
120,138.7,-18.69999999999999
404,405.5,-1.5
594,592.765,1.2350000000000136
492,547.555,-55.55499999999995
2311,2284.21,26.789999999999964
888,968.43,-80.42999999999995
2347,2361.58,-14.579999999999927
260,255.84,4.159999999999997
377,438.87,-61.870000000000005
2546,3042.965,-496.96500000000015
1410,1431.325,-21.325000000000045
187,188.18,-1.1800000000000068
2237,2293.23,-56.23000000000002
371,386.955,-15.954999999999984
2220,2283.355,-63.35500000000002
451,479.92,-28.920000000000016
954,1033.08,-79.07999999999993
337,532.72,-195.72000000000003
2286,2285.53,0.4699999999997999
959,953.34,5.659999999999968
2709,2799.77,-90.76999999999998
647,721.315,-74.31500000000005
674,697.88,-23.879999999999995
193,219.19,-26.189999999999998
455,446.99,8.009999999999991
1608,2020.165,-412.16499999999996
402,401.695,0.3050000000000068
495,531.775,-36.77499999999998
16,85.65,-69.65
597,776.92,-179.91999999999996
307,314.61,-7.610000000000014
589,581.475,7.524999999999977
541,561.03,-20.029999999999973
0,3.99,-3.99
574,578.435,-4.434999999999945
891,928.335,-37.335000000000036
1865,2188.105,-323.105
460,468.52,-8.519999999999982
2237,2252.08,-15.079999999999927
278,284.03,-6.029999999999973
819,833.12,-14.120000000000005
186,186.42,-0.4199999999999875
411,420.385,-9.384999999999991
294,294.56,-0.5600000000000023
631,637.555,-6.55499999999995
365,458.82,-93.82
35,190.05,-155.05
388,393.91,-5.910000000000025
1031,1241.475,-210.4749999999999
1302,1358.45,-56.450000000000045
2526,2560.33,-34.32999999999993
240,257.01,-17.00999999999999
456,456.0,0.0
2174,2127.985,46.01499999999987
316,353.915,-37.91500000000002
2189,2168.54,20.460000000000036
168,160.84,7.159999999999997
1378,1452.145,-74.14499999999998
2135,2108.21,26.789999999999964
795,796.84,-1.8400000000000318
557,564.445,-7.44500000000005
2304,2321.015,-17.014999999999873
644,858.96,-214.96000000000004
203,216.59,-13.590000000000003
83,192.86,-109.86000000000001
719,758.125,-39.125
363,378.585,-15.58499999999998
0,4.47,-4.47
257,244.47,12.530000000000001
260,276.99,-16.99000000000001
371,383.22,-12.220000000000027
2189,2154.99,34.01000000000022
217,224.96,-7.960000000000008
1158,1229.995,-71.99499999999989
459,451.76,7.240000000000009
564,595.115,-31.11500000000001
462,485.465,-23.464999999999975
415,426.905,-11.904999999999973
125,149.88,-24.879999999999995
186,184.38,1.6200000000000045
2193,2186.73,6.269999999999982
0,0.97,-0.97
718,638.9,79.10000000000002
497,487.945,9.055000000000007
225,222.645,2.3549999999999898
464,454.985,9.014999999999986
2115,2110.94,4.059999999999945
2137,2159.265,-22.264999999999873
501,513.535,-12.534999999999968
83,99.125,-16.125
0,0.365,-0.365
0,0.47,-0.47
2188,2179.825,8.175000000000182
198,197.745,0.25499999999999545
1034,1040.64,-6.6400000000001
407,405.6,1.3999999999999773
627,647.5,-20.5
2121,2093.845,27.1550000000002
190,183.84,6.159999999999997
220,236.14,-16.139999999999986
0,11.735,-11.735
368,356.68,11.319999999999993
140,139.925,0.07499999999998863
1140,1054.0,86.0
558,548.715,9.284999999999968
373,379.69,-6.689999999999998
316,322.515,-6.514999999999986
466,469.6,-3.6000000000000227
195,174.75,20.25
0,0.46,-0.46
933,934.17,-1.169999999999959
187,193.795,-6.7949999999999875
1965,1962.83,2.1700000000000728
365,360.69,4.310000000000002
83,97.28,-14.280000000000001
0,0.775,-0.775
367,383.285,-16.285000000000025
461,444.0,17.0
647,638.675,8.325000000000045
2111,2100.45,10.550000000000182
0,0.5666666666666667,-0.5666666666666667
567,558.01,8.990000000000009
320,346.965,-26.964999999999975
286,280.13,5.8700000000000045
556,553.09,2.909999999999968
1043,1024.92,18.079999999999927
2189,2184.975,4.025000000000091
2114,2108.695,5.304999999999836
191,191.79,-0.789999999999992
200,186.93,13.069999999999993
53,64.945,-11.944999999999993
463,445.455,17.545000000000016
40,62.225,-22.225
1888,1844.495,43.50500000000011
0,0.7,-0.7
178,183.415,-5.414999999999992
2084,2104.45,-20.449999999999818
2065,2094.86,-29.860000000000127
2190,2185.03,4.9699999999998
619,588.115,30.88499999999999
472,475.37,-3.3700000000000045
545,553.69,-8.690000000000055
0,0.46,-0.46
886,857.68,28.32000000000005
438,436.34,1.660000000000025
168,177.79,-9.789999999999992
441,436.46,4.5400000000000205
39,42.205,-3.2049999999999983
177,153.11,23.889999999999986
289,281.19,7.810000000000002
267,261.485,5.514999999999986
190,191.815,-1.8149999999999977
341,397.845,-56.84500000000003
961,1035.98,-74.98000000000002
355,357.755,-2.7549999999999955
509,546.215,-37.21500000000003
0,0.52575,-0.52575
479,480.655,-1.6549999999999727
150,174.195,-24.194999999999993
839,853.94,-14.940000000000055
847,1027.35,-180.3499999999999
2010,2050.265,-40.26499999999987
279,356.46,-77.45999999999998
190,192.45,-2.4499999999999886
263,252.11,10.889999999999986
576,598.975,-22.975000000000023
413,432.465,-19.464999999999975
2188,2185.66,2.3400000000001455
2037,2077.24,-40.23999999999978
420,513.8,-93.79999999999995
3,39.14,-36.14
263,260.135,2.865000000000009
0,0.52575,-0.52575
411,603.91,-192.90999999999997
0,0.46,-0.46
141,152.205,-11.205000000000013
145,164.455,-19.455000000000013
1807,1850.805,-43.805000000000064
529,539.64,-10.639999999999986
39,40.585,-1.5850000000000009
339,349.21,-10.20999999999998
0,0.7686666666666667,-0.7686666666666667
277,246.575,30.42500000000001
1773,1823.42,-50.42000000000007
28,35.07,-7.07
409,412.395,-3.394999999999982
407,402.8,4.199999999999989
315,329.5,-14.5
2189,2197.51,-8.510000000000218
189,195.885,-6.884999999999991
253,254.505,-1.5049999999999955
149,130.675,18.32499999999999
525,568.26,-43.25999999999999
12,7.321666666666667,4.678333333333333
115,126.8,-11.799999999999997
2013,2015.35,-2.349999999999909
143,125.735,17.265
488,484.355,3.644999999999982
1,1.8675,-0.8674999999999999
504,524.52,-20.519999999999982
1983,2006.12,-23.11999999999989
781,822.745,-41.745000000000005
816,829.115,-13.115000000000009
1,1.94,-0.94
0,1.4475,-1.4475
392,391.115,0.8849999999999909
256,274.695,-18.694999999999993
491,495.13,-4.1299999999999955
0,1.4475,-1.4475
800,759.52,40.48000000000002
30,29.235,0.7650000000000006
252,259.02,-7.019999999999982
405,413.135,-8.134999999999991
95,107.105,-12.105000000000004
191,193.52,-2.5200000000000102
306,300.44,5.560000000000002
1822,1787.375,34.625
497,480.16,16.839999999999975
0,9.125,-9.125
2,0.855,1.145
165,136.895,28.10499999999999
406,429.085,-23.08499999999998
148,137.56,10.439999999999998
275,272.54,2.4599999999999795
2003,2023.84,-20.839999999999918
814,798.805,15.19500000000005
392,383.015,8.985000000000014
40,20.8,19.2
297,270.58,26.420000000000016
525,515.025,9.975000000000023
2188,2196.095,-8.0949999999998
1962,1990.29,-28.289999999999964
253,263.165,-10.16500000000002
409,402.42,6.579999999999984
0,27.427,-27.427
0,17.128416666666666,-17.128416666666666
557,534.6,22.399999999999977
852,826.265,25.735000000000014
1901,1906.13,-5.130000000000109
488,484.165,3.8349999999999795
2004,2001.16,2.839999999999918
478,443.65,34.35000000000002
48,17.791333333333334,30.208666666666666
430,419.205,10.795000000000016
1964,1980.285,-16.285000000000082
66,62.135,3.865000000000002
186,196.025,-10.025000000000006
320,333.35,-13.350000000000023
179,175.42,3.5800000000000125
2189,2204.82,-15.820000000000164
295,302.785,-7.785000000000025
902,851.815,50.184999999999945
47,33.58,13.420000000000002
89,100.095,-11.094999999999999
302,303.41,-1.410000000000025
488,499.525,-11.524999999999977
156,154.075,1.9250000000000114
526,443.425,82.57499999999999
132,103.34,28.659999999999997
2079,1982.76,96.24000000000001
187,188.185,-1.1850000000000023
2037,1983.305,53.694999999999936
317,298.355,18.644999999999982
1241,1589.01,-348.01
394,369.88,24.120000000000005
348,338.51,9.490000000000009
165,104.5,60.5
488,495.36,-7.360000000000014
0,27.427,-27.427
217,190.61,26.389999999999986
977,923.94,53.059999999999945
80,64.05,15.950000000000003
629,586.665,42.335000000000036
186,167.09,18.909999999999997
2195,2204.305,-9.304999999999836
68,12.594583333333333,55.40541666666667
473,479.3,-6.300000000000011
114,102.355,11.644999999999996
292,266.78,25.220000000000027
2050,1998.94,51.059999999999945
706,570.98,135.01999999999998
504,484.95,19.05000000000001
395,381.32,13.680000000000007
493,495.315,-2.3149999999999977
945,1095.14,-150.1400000000001
435,491.25,-56.25
610,740.24,-130.24
205,209.085,-4.085000000000008
508,509.785,-1.785000000000025
115,118.725,-3.7249999999999943
1090,1113.115,-23.11500000000001
1569,1709.155,-140.15499999999997
186,190.635,-4.634999999999991
244,236.355,7.64500000000001
304,338.615,-34.61500000000001
0,27.67366666666667,-27.67366666666667
695,684.035,10.965000000000032
2190,2229.725,-39.72499999999991
186,180.245,5.7549999999999955
2056,2090.16,-34.159999999999854
304,279.825,24.17500000000001
2099,2081.9,17.09999999999991
2269,2187.6,81.40000000000009
175,166.71,8.289999999999992
322,329.21,-7.2099999999999795
490,498.91,-8.910000000000025
133,150.75,-17.75
425,278.16,146.83999999999997
2845,1317.18,1527.82
507,474.96,32.04000000000002
2584,2501.8,82.19999999999982
782,569.725,212.27499999999998
390,395.3,-5.300000000000011
292,281.905,10.095000000000027
958,786.495,171.505
961,1004.875,-43.875
728,732.545,-4.544999999999959
236,299.79,-63.79000000000002
383,460.615,-77.61500000000001
1351,1480.445,-129.44499999999994
2445,2443.155,1.8449999999998
1203,1189.755,13.24499999999989
327,228.475,98.525
347,325.91,21.089999999999975
1105,848.925,256.07500000000005
160,154.27,5.72999999999999
570,387.66,182.33999999999997
4012,2842.795,1169.205
2618,2448.49,169.51000000000022
1403,1253.245,149.7550000000001
2607,2434.72,172.2800000000002
417,336.51,80.49000000000001
986,731.99,254.01
494,565.115,-71.11500000000001
390,476.91,-86.91000000000003
420,391.985,28.014999999999986
2522,2538.88,-16.88000000000011
941,952.735,-11.735000000000014
1184,1254.295,-70.29500000000007
404,517.655,-113.65499999999997
314,286.625,27.375
2785,2771.47,13.5300000000002
288,323.755,-35.754999999999995
1175,1181.79,-6.789999999999964
697,680.135,16.86500000000001
281,276.955,4.045000000000016
207,227.43,-20.430000000000007
2528,2527.675,0.3249999999998181
1072,1080.555,-8.555000000000064
132,134.175,-2.1750000000000114
1313,1342.095,-29.095000000000027
943,940.075,2.9249999999999545
372,354.195,17.805000000000007
309,302.92,6.079999999999984
865,905.41,-40.40999999999997
313,310.175,2.8249999999999886
566,533.135,32.86500000000001
420,439.825,-19.82499999999999
2210,2592.785,-382.78499999999985
770,768.51,1.490000000000009
319,448.285,-129.28500000000003
3891,3927.635,-36.63500000000022
2316,2329.67,-13.670000000000073
415,418.31,-3.3100000000000023
2698,2726.895,-28.894999999999982
230,234.575,-4.574999999999989
81,83.26,-2.260000000000005
1213,1173.445,39.555000000000064
306,279.79,26.20999999999998
297,299.2,-2.1999999999999886
1701,1846.16,-145.16000000000008
324,315.6,8.399999999999977
3734,3686.965,47.034999999999854
192,193.665,-1.664999999999992
2412,2435.37,-23.36999999999989
267,264.4,2.6000000000000227
755,760.71,-5.710000000000036
554,573.73,-19.730000000000018
218,228.55,-10.550000000000011
1131,1140.12,-9.11999999999989
1027,1022.415,4.585000000000036
2453,2459.285,-6.2849999999998545
749,758.55,-9.549999999999955
217,217.465,-0.4650000000000034
889,886.33,2.669999999999959
922,913.225,8.774999999999977
2147,2155.57,-8.570000000000164
653,651.665,1.3350000000000364
298,287.965,10.035000000000025
985,998.785,-13.784999999999968
177,184.675,-7.675000000000011
281,282.96,-1.9599999999999795
1124,1106.33,17.670000000000073
2041,2021.92,19.079999999999927
821,818.92,2.080000000000041
640,628.81,11.190000000000055
2338,2311.64,26.360000000000127
173,169.075,3.9250000000000114
982,965.55,16.450000000000045
2549,2596.01,-47.01000000000022
229,217.205,11.794999999999987
212,207.515,4.485000000000014
3517,3562.285,-45.284999999999854
259,253.465,5.534999999999997
170,177.38,-7.3799999999999955
840,873.845,-33.84500000000003
651,655.14,-4.139999999999986
1330,1295.245,34.75500000000011
56,60.065,-4.064999999999998
278,287.57,-9.569999999999993
158,158.425,-0.42500000000001137
156,139.79,16.210000000000008
1120,1092.77,27.230000000000018
2420,2391.41,28.590000000000146
409,409.485,-0.48500000000001364
139,124.82,14.180000000000007
537,541.315,-4.315000000000055
727,722.63,4.3700000000000045
846,834.125,11.875
637,730.19,-93.19000000000005
734,792.155,-58.15499999999997
248,245.645,2.3549999999999898
622,621.355,0.6449999999999818
105,127.43,-22.430000000000007
125,141.935,-16.935000000000002
1097,1104.32,-7.319999999999936
2340,2379.395,-39.39499999999998
502,519.145,-17.144999999999982
2170,2325.08,-155.07999999999993
1887,1919.6,-32.59999999999991
657,671.63,-14.629999999999995
129,110.405,18.595
221,240.775,-19.775000000000006
159,181.035,-22.034999999999997
381,399.09,-18.089999999999975
91,92.9,-1.9000000000000057
2229,2260.71,-31.710000000000036
977,942.035,34.96500000000003
253,264.2,-11.199999999999989
674,694.035,-20.034999999999968
3025,3248.155,-223.1550000000002
100,127.55,-27.549999999999997
955,1032.96,-77.96000000000004
34,34.92,-0.9200000000000017
552,565.345,-13.345000000000027
859,913.575,-54.575000000000045
100,148.98,-48.97999999999999
1817,1828.725,-11.724999999999909
829,819.135,9.865000000000009
2554,2679.99,-125.98999999999978
590,583.17,6.830000000000041
1079,1079.05,-0.049999999999954525
656,657.74,-1.740000000000009
509,507.515,1.4850000000000136
67,69.2,-2.200000000000003
54,45.715,8.284999999999997
189,182.375,6.625
238,229.395,8.60499999999999
2165,2122.575,42.42500000000018
606,600.96,5.039999999999964
351,362.055,-11.055000000000007
648,641.27,6.730000000000018
845,834.7,10.299999999999955
114,94.335,19.665000000000006
723,764.24,-41.24000000000001
81,80.46,0.5400000000000063
478,470.54,7.4599999999999795
1776,1865.635,-89.63499999999999
405,488.3,-83.30000000000001
113,97.285,15.715000000000003
23,26.005,-3.004999999999999
2290,2293.75,-3.75
72,65.88,6.1200000000000045
137,117.7,19.299999999999997
235,234.025,0.9749999999999943
18,15.88,2.119999999999999
524,544.725,-20.725000000000023
576,607.98,-31.980000000000018
58,55.85,2.1499999999999986
167,239.29,-72.28999999999999
754,765.34,-11.340000000000032
21,34.575,-13.575000000000003
328,328.215,-0.214999999999975
126,115.955,10.045000000000002
586,604.395,-18.394999999999982
1068,1067.35,0.650000000000091
464,470.04,-6.0400000000000205
100,97.915,2.0849999999999937
29,48.515,-19.515
2124,2111.605,12.394999999999982
229,223.41,5.590000000000003
216,226.475,-10.474999999999994
168,164.51,3.490000000000009
1759,1760.51,-1.509999999999991
435,452.14,-17.139999999999986
703,675.82,27.17999999999995
624,622.845,1.1549999999999727
1367,1396.455,-29.454999999999927
60,66.355,-6.355000000000004
2092,2229.595,-137.5949999999998
2241,2247.15,-6.150000000000091
108,96.55,11.450000000000003
595,592.755,2.2450000000000045
60,49.255,10.744999999999997
1715,1783.315,-68.31500000000005
92,95.86,-3.8599999999999994
0,15.62,-15.62
627,635.21,-8.210000000000036
316,319.83,-3.829999999999984
15,15.445,-0.4450000000000003
588,603.73,-15.730000000000018
202,205.36,-3.3600000000000136
2068,2095.785,-27.784999999999854
1701,1730.845,-29.845000000000027
133,149.16,-16.159999999999997
18,59.91,-41.91
114,117.44,-3.4399999999999977
2204,2217.63,-13.63000000000011
214,219.45,-5.449999999999989
475,489.885,-14.884999999999991
99,101.48,-2.480000000000004
1062,1056.05,5.9500000000000455
446,495.155,-49.15499999999997
420,405.005,14.995000000000005
48,55.67,-7.670000000000002
661,696.49,-35.49000000000001
588,581.055,6.94500000000005
0,15.34,-15.34
1052,1049.74,2.259999999999991
528,544.92,-16.91999999999996
427,436.195,-9.194999999999993
502,499.565,2.4350000000000023
581,584.095,-3.0950000000000273
382,401.115,-19.11500000000001
546,570.52,-24.519999999999982
420,402.35,17.649999999999977
0,2.57,-2.57
103,116.275,-13.275000000000006
48,43.43,4.57
2189,2173.195,15.804999999999836
1053,1051.285,1.7149999999999181
89,85.665,3.3349999999999937
304,309.87,-5.8700000000000045
3,10.37,-7.369999999999999
206,201.685,4.314999999999998
576,577.875,-1.875
884,866.375,17.625
2021,2035.22,-14.220000000000027
54,57.56100000000001,-3.561000000000007
93,93.235,-0.23499999999999943
96,96.075,-0.07500000000000284
1669,1672.84,-3.839999999999918
1497,1300.81,196.19000000000005
8,2.84,5.16
338,348.595,-10.595000000000027
605,599.78,5.220000000000027
198,194.02,3.9799999999999898
0,8.985,-8.985
430,448.405,-18.404999999999973
395,399.095,-4.095000000000027
248,265.495,-17.495000000000005
410,416.395,-6.394999999999982
6,10.28,-4.279999999999999
28,47.155,-19.155
1054,1044.43,9.569999999999936
740,762.16,-22.159999999999968
1658,1656.91,1.0899999999999181
552,555.585,-3.5850000000000364
493,519.175,-26.174999999999955
183,189.305,-6.305000000000007
85,89.385,-4.385000000000005
573,567.07,5.92999999999995
1291,1310.88,-19.88000000000011
367,359.87,7.1299999999999955
285,292.885,-7.884999999999991
0,1.92,-1.92
200,199.045,0.9550000000000125
50,52.72,-2.719999999999999
1980,2001.28,-21.279999999999973
477,489.755,-12.754999999999995
543,563.94,-20.940000000000055
18,10.385,7.615
89,85.675,3.325000000000003
0,2.045,-2.045
2191,2183.68,7.320000000000164
66,86.965,-20.965000000000003
91,89.135,1.8649999999999949
0,7.41,-7.41
525,537.18,-12.17999999999995
166,175.185,-9.185000000000002
0,1.72,-1.72
574,567.425,6.5750000000000455
1182,1178.205,3.7950000000000728
1053,1051.735,1.2650000000001
201,192.21,8.789999999999992
46,50.03,-4.030000000000001
518,519.34,-1.3400000000000318
194,160.835,33.16499999999999
2188,2185.44,2.5599999999999454
1970,1954.08,15.920000000000073
340,357.2,-17.19999999999999
396,403.71,-7.7099999999999795
462,454.935,7.064999999999998
90,83.37,6.6299999999999955
1656,1646.43,9.569999999999936
56,46.19,9.810000000000002
32,22.44,9.559999999999999
654,643.59,10.409999999999968
271,270.77,0.2300000000000182
372,381.675,-9.675000000000011
461,463.575,-2.5749999999999886
87,72.445,14.555000000000007
3,9.59,-6.59
87,86.445,0.5550000000000068
20,15.785,4.215
1971,1961.005,9.99499999999989
564,564.32,-0.32000000000005
2189,2190.575,-1.574999999999818
87,85.71,1.2900000000000063
8,10.085,-2.085000000000001
351,343.39,7.610000000000014
1650,1650.0,0.0
463,455.16,7.839999999999975
1095,1122.325,-27.325000000000045
57,49.04,7.960000000000001
92,90.575,1.4249999999999972
575,573.295,1.705000000000041
199,199.025,-0.025000000000005684
0,7.028666666666667,-7.028666666666667
388,396.93,-8.930000000000007
39,26.42,12.579999999999998
275,261.61,13.389999999999986
395,366.87,28.129999999999995
0,7.12,-7.12
167,159.105,7.89500000000001
520,526.76,-6.759999999999991
573,526.905,46.09500000000003
79,86.995,-7.9950000000000045
443,437.13,5.8700000000000045
121,142.88,-21.879999999999995
1055,1054.335,0.6649999999999636
44,28.33,15.670000000000002
47,46.85,0.14999999999999858
1055,1066.52,-11.519999999999982
139,123.7,15.299999999999997
1142,1066.285,75.71499999999992
443,442.695,0.3050000000000068
396,408.96,-12.95999999999998
286,271.25,14.75
393,390.98,2.019999999999982
47,58.2,-11.200000000000003
0,7.5925,-7.5925
574,584.845,-10.845000000000027
0,7.71,-7.71
87,91.65,-4.650000000000006
72,62.965,9.034999999999997
566,614.145,-48.14499999999998
482,476.68,5.319999999999993
4,11.865,-7.865
1662,1663.55,-1.5499999999999545
203,202.84,0.1599999999999966
349,382.44,-33.44
42,56.27,-14.270000000000003
554,538.405,15.595000000000027
45,51.17,-6.170000000000002
169,168.62,0.37999999999999545
581,535.54,45.460000000000036
91,99.055,-8.055000000000007
1990,2014.695,-24.694999999999936
2193,2199.855,-6.855000000000018
83,101.435,-18.435000000000002
584,586.42,-2.419999999999959
456,449.51,6.490000000000009
2023,2021.715,1.2850000000000819
82,93.945,-11.944999999999993
303,300.545,2.454999999999984
3,12.235,-9.235
435,411.85,23.149999999999977
63,54.57,8.43
639,615.955,23.04499999999996
92,103.52,-11.519999999999996
89,93.65,-4.650000000000006
0,7.5925,-7.5925
588,581.625,6.375
1067,1065.84,1.1600000000000819
94,89.545,4.454999999999998
173,171.575,1.4250000000000114
698,618.415,79.58500000000004
2197,2210.705,-13.704999999999927
1654,1667.8,-13.799999999999955
379,380.94,-1.9399999999999977
412,398.205,13.795000000000016
202,205.38,-3.3799999999999955
59,49.885,9.115000000000002
199,165.61,33.389999999999986
56,53.595,2.405000000000001
1297,1172.14,124.8599999999999
43,7.71,35.29
490,507.515,-17.514999999999986
265,265.145,-0.1449999999999818
600,604.09,-4.090000000000032
4,9.445,-5.445
642,632.215,9.784999999999968
863,856.31,6.690000000000055
102,98.015,3.9849999999999994
498,461.16,36.839999999999975
82,77.09,4.909999999999997
108,81.47,26.53
1512,1529.565,-17.565000000000055
57,64.74,-7.739999999999995
190,176.93,13.069999999999993
203,206.525,-3.5250000000000057
1676,1662.01,13.990000000000009
106,103.59,2.4099999999999966
317,323.415,-6.4150000000000205
80,59.455,20.545
2218,2213.835,4.164999999999964
129,106.74,22.260000000000005
490,476.755,13.245000000000005
736,695.725,40.27499999999998
513,511.42,1.579999999999984
2072,2063.97,8.0300000000002
418,419.46,-1.4599999999999795
418,412.985,5.014999999999986
99,93.84,5.159999999999997
1080,1076.12,3.880000000000109
0,7.5925,-7.5925
533,555.28,-22.279999999999973
616,611.515,4.485000000000014
1701,1723.87,-22.86999999999989
1097,1106.445,-9.444999999999936
126,120.26,5.739999999999995
162,162.585,-0.585000000000008
204,202.095,1.9050000000000011
1091,1005.355,85.64499999999998
1792,1723.05,68.95000000000005
14,11.595,2.4049999999999994
67,65.69,1.3100000000000023
218,178.845,39.155
2237,2248.755,-11.75500000000011
470,470.78,-0.7799999999999727
0,10.405666666666669,-10.405666666666669
129,122.405,6.594999999999999
908,912.925,-4.9249999999999545
695,708.445,-13.44500000000005
135,116.34,18.659999999999997
203,207.725,-4.724999999999994
115,118.91,-3.9099999999999966
446,431.775,14.225000000000023
529,522.765,6.235000000000014
2123,2133.115,-10.114999999999782
336,337.7,-1.6999999999999886
344,367.915,-23.91500000000002
110,108.68,1.3199999999999932
580,561.45,18.549999999999955
559,572.34,-13.340000000000032
539,519.07,19.92999999999995
97,81.01,15.989999999999995
157,157.36,-0.36000000000001364
1123,1073.475,49.52500000000009
154,155.68,-1.6800000000000068
737,788.515,-51.514999999999986
134,132.25,1.75
149,156.6,-7.599999999999994
171,195.1,-24.099999999999994
207,213.105,-6.10499999999999
1114,1108.02,5.980000000000018
425,417.43,7.569999999999993
203,208.275,-5.275000000000006
23,24.01,-1.0100000000000016
184,186.24,-2.240000000000009
2149,2176.465,-27.465000000000146
462,458.965,3.035000000000025
349,353.5,-4.5
693,660.54,32.460000000000036
2274,2257.1,16.90000000000009
2019,2038.415,-19.414999999999964
566,572.01,-6.009999999999991
312,320.77,-8.769999999999982
1296,1592.715,-296.7149999999999
14,10.405666666666669,3.5943333333333314
634,628.93,5.07000000000005
1749,1746.835,2.1649999999999636
1137,1132.71,4.289999999999964
231,216.29,14.710000000000008
361,364.97,-3.9700000000000273
657,649.435,7.565000000000055
161,149.645,11.35499999999999
813,790.92,22.08000000000004
2212,2196.275,15.724999999999909
632,610.33,21.66999999999996
249,251.42,-2.4199999999999875
482,472.76,9.240000000000009
1445,1449.115,-4.115000000000009
203,195.215,7.784999999999997
209,209.145,-0.14500000000001023
591,610.48,-19.480000000000018
182,185.295,-3.2949999999999875
42,37.56,4.439999999999998
1824,1827.995,-3.994999999999891
37,39.665,-2.664999999999999
1448,1545.925,-97.92499999999995
2319,2316.585,2.4149999999999636
503,514.99,-11.990000000000009
214,215.79,-1.789999999999992
151,128.28,22.72
863,846.495,16.504999999999995
2224,2226.95,-2.949999999999818
206,205.69,0.3100000000000023
607,609.42,-2.419999999999959
354,367.51,-13.509999999999991
417,436.985,-19.985000000000014
563,533.93,29.07000000000005
344,366.765,-22.764999999999986
2543,2571.025,-28.02500000000009
390,383.95,6.050000000000011
162,152.2,9.800000000000011
946,790.91,155.09000000000003
1155,1374.125,-219.125
391,370.38,20.620000000000005
2810,2503.12,306.8800000000001
292,243.32,48.68000000000001
725,707.095,17.904999999999973
1340,1326.635,13.365000000000009
507,576.67,-69.66999999999996
478,514.105,-36.10500000000002
2406,2485.015,-79.01499999999987
295,250.295,44.70500000000001
3770,2962.14,807.8600000000001
904,973.86,-69.86000000000001
949,975.065,-26.065000000000055
1102,798.58,303.41999999999996
195,297.19,-102.19
2340,2354.045,-14.045000000000073
1202,1181.46,20.539999999999964
251,356.76,-105.75999999999999
2581,2629.91,-48.909999999999854
762,767.055,-5.05499999999995
316,346.435,-30.435000000000002
3675,3689.915,-14.914999999999964
1158,1179.24,-21.24000000000001
265,276.455,-11.454999999999984
752,744.495,7.5049999999999955
284,290.74,-6.740000000000009
557,601.55,-44.549999999999955
851,876.005,-25.004999999999995
1174,1164.675,9.325000000000045
449,537.755,-88.755
419,424.525,-5.524999999999977
178,183.6,-5.599999999999994
2498,2468.955,29.045000000000073
881,873.57,7.42999999999995
307,300.48,6.519999999999982
2757,2712.55,44.44999999999982
2334,2365.85,-31.84999999999991
215,407.935,-192.935
399,392.005,6.9950000000000045
2184,2268.605,-84.60500000000002
2236,2211.365,24.63500000000022
1076,1079.565,-3.5650000000000546
312,285.72,26.279999999999973
1096,1630.81,-534.81
136,137.61,-1.6100000000000136
263,263.7,-0.6999999999999886
287,291.17,-4.170000000000016
929,919.1,9.899999999999977
692,680.055,11.94500000000005
417,415.815,1.1850000000000023
161,193.465,-32.465
1669,1696.075,-27.075000000000045
825,807.035,17.965000000000032
1032,1023.6,8.399999999999977
170,184.285,-14.284999999999997
253,250.885,2.115000000000009
713,750.545,-37.54499999999996
235,217.56,17.439999999999998
986,1071.895,-85.89499999999998
2410,2425.35,-15.349999999999909
177,178.76,-1.759999999999991
732,725.465,6.534999999999968
215,196.815,18.185000000000002
2670,2634.17,35.82999999999993
271,274.255,-3.2549999999999955
1122,1140.975,-18.97499999999991
644,646.63,-2.6299999999999955
142,156.895,-14.89500000000001
2210,2232.38,-22.38000000000011
544,561.96,-17.960000000000036
948,961.9,-13.899999999999977
76,81.555,-5.555000000000007
336,392.495,-56.495000000000005
3514,3543.535,-29.534999999999854
906,891.23,14.769999999999982
2036,2089.335,-53.335000000000036
266,268.425,-2.4250000000000114
133,128.4,4.599999999999994
625,619.52,5.480000000000018
815,861.1,-46.10000000000002
696,698.065,-2.0650000000000546
123,131.66,-8.659999999999997
184,191.255,-7.2549999999999955
1098,1088.555,9.444999999999936
250,253.72,-3.719999999999999
888,885.545,2.455000000000041
140,142.08,-2.0800000000000125
518,535.155,-17.154999999999973
51,51.855,-0.8549999999999969
1005,985.98,19.019999999999982
765,764.925,0.07500000000004547
257,256.985,0.014999999999986358
92,85.12,6.8799999999999955
2516,2552.625,-36.625
401,414.135,-13.134999999999991
101,121.055,-20.055000000000007
1289,1238.765,50.2349999999999
620,603.965,16.034999999999968
114,110.78,3.219999999999999
1923,1923.385,-0.3849999999999909
185,184.43,0.5699999999999932
3290,3303.04,-13.039999999999964
243,245.205,-2.2050000000000125
805,753.635,51.36500000000001
2130,2105.035,24.965000000000146
2356,2331.64,24.360000000000127
122,112.605,9.394999999999996
98,81.865,16.135000000000005
506,564.35,-58.35000000000002
231,227.365,3.634999999999991
2055,2030.16,24.839999999999918
952,947.4,4.600000000000023
1084,1082.02,1.9800000000000182
242,244.56,-2.5600000000000023
2298,2294.225,3.775000000000091
680,732.405,-52.40499999999997
940,979.965,-39.96500000000003
93,86.78,6.219999999999999
81,92.94,-11.939999999999998
657,666.685,-9.684999999999945
383,388.495,-5.4950000000000045
640,658.155,-18.154999999999973
151,169.11,-18.110000000000014
68,57.135,10.865000000000002
767,790.675,-23.674999999999955
685,692.995,-7.9950000000000045
2289,2278.68,10.320000000000164
1799,1773.28,25.720000000000027
24,33.02,-9.020000000000003
82,89.875,-7.875
486,493.98,-7.980000000000018
2985,3007.775,-22.77500000000009
134,132.965,1.0349999999999966
71,82.035,-11.034999999999997
615,606.27,8.730000000000018
1075,1067.325,7.6749999999999545
818,870.65,-52.64999999999998
2142,2011.94,130.05999999999995
96,105.705,-9.704999999999998
211,218.69,-7.689999999999998
198,61.265,136.735
1713,1730.92,-17.920000000000073
616,626.93,-10.92999999999995
48,54.275,-6.274999999999999
444,461.15,-17.149999999999977
228,225.11,2.8899999999999864
43,51.065,-8.064999999999998
79,70.67,8.329999999999998
84,85.325,-1.3250000000000028
606,592.42,13.580000000000041
814,699.01,114.99000000000001
445,447.385,-2.384999999999991
452,537.35,-85.35000000000002
2646,2696.615,-50.61499999999978
540,546.995,-6.9950000000000045
2261,2257.375,3.625
1875,2053.16,-178.15999999999985
93,90.47,2.530000000000001
62,110.565,-48.565
39,45.29,-6.289999999999999
5,14.335,-9.335
605,624.125,-19.125
362,368.92,-6.920000000000016
689,757.295,-68.29499999999996
728,835.98,-107.98000000000002
505,605.045,-100.04499999999996
592,594.965,-2.965000000000032
5,46.69,-41.69
13,33.775,-20.775
8,28.25,-20.25
356,343.325,12.675000000000011
390,408.995,-18.995000000000005
1646,1656.73,-10.730000000000018
550,566.41,-16.409999999999968
402,420.67,-18.670000000000016
94,92.005,1.9950000000000045
200,211.64,-11.639999999999986
23,29.265,-6.265000000000001
58,58.99,-0.990000000000002
1066,1071.065,-5.065000000000055
270,285.835,-15.83499999999998
714,736.96,-22.960000000000036
58,54.73,3.270000000000003
159,202.255,-43.254999999999995
2083,2143.335,-60.335000000000036
200,196.28,3.719999999999999
569,569.175,-0.17499999999995453
1534,1575.77,-41.76999999999998
2249,2414.995,-165.9949999999999
79,78.35,0.6500000000000057
469,478.65,-9.649999999999977
0,5.855,-5.855
2222,2233.325,-11.324999999999818
2,8.465,-6.465
1294,1245.96,48.039999999999964
527,526.555,0.44500000000005
43,45.42,-2.4200000000000017
440,423.525,16.475000000000023
392,366.24,25.75999999999999
343,351.245,-8.245000000000005
66,59.0,7.0
100,94.535,5.465000000000003
424,426.41,-2.410000000000025
583,581.35,1.6499999999999773
139,148.195,-9.194999999999993
15,15.175,-0.1750000000000007
1058,1053.955,4.045000000000073
2195,2202.7,-7.699999999999818
0,9.885,-9.885
133,151.68,-18.680000000000007
1,7.48,-6.48
628,609.12,18.879999999999995
183,179.74,3.259999999999991
535,540.89,-5.889999999999986
668,693.11,-25.110000000000014
197,179.325,17.67500000000001
358,364.065,-6.064999999999998
1967,2029.195,-62.194999999999936
1612,1613.86,-1.8599999999999
45,43.895,1.1049999999999969
2045,2068.785,-23.784999999999854
0,3.11,-3.11
608,621.985,-13.985000000000014
512,517.41,-5.409999999999968
509,501.215,7.785000000000025
96,115.365,-19.364999999999995
2,13.335,-11.335
2196,2175.03,20.9699999999998
4,0.925,3.075
1040,1105.445,-65.44499999999994
1646,1715.91,-69.91000000000008
573,570.005,2.9950000000000045
375,391.16,-16.160000000000025
1,3.61,-2.61
56,61.815,-5.814999999999998
512,574.72,-62.72000000000003
19,41.33,-22.33
26,36.695,-10.695
188,188.27,-0.27000000000001023
1993,2001.705,-8.704999999999927
25,27.13,-2.129999999999999
3,3.205,-0.20500000000000007
175,162.115,12.884999999999991
1052,1051.58,0.42000000000007276
319,341.95,-22.94999999999999
322,334.02,-12.019999999999982
384,403.105,-19.105000000000018
368,379.58,-11.579999999999984
2,0.77,1.23
102,98.9,3.0999999999999943
1591,1588.975,2.025000000000091
317,291.805,25.194999999999993
178,184.36,-6.360000000000014
1049,1045.315,3.6849999999999454
496,497.615,-1.615000000000009
76,82.71,-6.709999999999994
570,567.485,2.5149999999999864
455,427.58,27.420000000000016
1511,1463.525,47.47499999999991
404,357.32,46.68000000000001
0,4.17,-4.17
1960,1963.77,-3.769999999999982
1,3.65,-2.65
547,566.375,-19.375
160,163.7,-3.6999999999999886
307,308.815,-1.8149999999999977
4,6.243571428571429,-2.243571428571429
361,354.955,6.045000000000016
64,49.09,14.909999999999997
103,100.5,2.5
6,5.009166666666666,0.9908333333333337
2177,2186.165,-9.164999999999964
23,17.095,5.905000000000001
0,10.09,-10.09
18,5.36,12.64
29,14.79,14.21
381,357.95,23.05000000000001
950,877.22,72.77999999999997
471,500.035,-29.035000000000025
1568,1584.35,-16.34999999999991
148,153.225,-5.224999999999994
297,298.415,-1.4150000000000205
1570,1552.74,17.25999999999999
1049,1047.12,1.8800000000001091
393,413.485,-20.485000000000014
181,171.45,9.550000000000011
365,368.295,-3.295000000000016
108,101.76,6.239999999999995
25,21.285,3.715
310,310.84,-0.839999999999975
1388,1409.535,-21.535000000000082
4,6.715,-2.715
5,7.645,-2.6449999999999996
55,66.515,-11.515
569,568.575,0.4249999999999545
0,0.575,-0.575
463,446.88,16.120000000000005
20,20.43,-0.4299999999999997
471,496.65,-25.649999999999977
2176,2174.795,1.2049999999999272
49,63.405,-14.405000000000001
512,530.48,-18.480000000000018
1936,1947.94,-11.940000000000055
861,893.27,-32.26999999999998
3,4.0925,-1.0925000000000002
350,354.33,-4.329999999999984
392,407.195,-15.194999999999993
0,1.3725000000000003,-1.3725000000000003
29,25.955,3.0450000000000017
57,56.04,0.9600000000000009
56,0.4,55.6
339,359.66,-20.660000000000025
37,29.9,7.100000000000001
1346,1339.685,6.315000000000055
844,815.64,28.360000000000014
1908,1913.005,-5.005000000000109
7,7.61,-0.6100000000000003
147,140.635,6.365000000000009
1048,1047.495,0.5050000000001091
30,23.805,6.195
328,302.395,25.605000000000018
0,1.4550000000000003,-1.4550000000000003
464,457.335,6.6650000000000205
27,44.88,-17.880000000000003
568,567.475,0.5249999999999773
449,456.425,-7.425000000000011
491,561.36,-70.36000000000001
2179,2175.855,3.144999999999982
9,4.666071428571429,4.333928571428571
1577,1560.0,17.0
367,352.8,14.199999999999989
24,24.115,-0.11499999999999844
440,399.085,40.91500000000002
299,284.285,14.714999999999975
22,10.45,11.55
385,369.185,15.814999999999998
176,177.3,-1.3000000000000114
114,105.985,8.015
396,385.62,10.379999999999995
2213,2192.02,20.980000000000018
1517,1381.71,135.28999999999996
24,31.05,-7.050000000000001
587,575.875,11.125
432,402.32,29.680000000000007
120,108.74,11.260000000000005
368,306.855,61.14499999999998
929,870.28,58.72000000000003
162,148.51,13.490000000000009
514,466.025,47.97500000000002
314,296.805,17.194999999999993
511,477.39,33.610000000000014
115,123.58,-8.579999999999998
61,61.05,-0.04999999999999716
591,495.055,95.945
3,1.0854166666666665,1.9145833333333335
194,177.565,16.435000000000002
371,341.585,29.41500000000002
441,441.945,-0.9449999999999932
1620,1598.295,21.704999999999927
15,15.70722222222222,-0.7072222222222209
33,41.035,-8.034999999999997
80,44.345,35.655
1068,1053.845,14.154999999999973
1999,1913.795,85.20499999999993
15,9.605,5.395
48,49.275,-1.2749999999999986
43,33.17,9.829999999999998
484,451.41,32.589999999999975
100,117.355,-17.355000000000004
598,602.365,-4.365000000000009
393,418.73,-25.730000000000018
1058,1054.805,3.1949999999999363
76,73.645,2.355000000000004
40,34.285,5.715000000000003
73,58.7,14.299999999999997
321,325.445,-4.444999999999993
469,466.685,2.3149999999999977
202,203.35,-1.3499999999999943
116,119.48,-3.480000000000004
1672,1648.255,23.74499999999989
1681,1637.43,43.569999999999936
49,36.635,12.365000000000002
1080,1075.6,4.400000000000091
17,18.665,-1.6649999999999991
66,59.595,6.405000000000001
552,566.915,-14.914999999999964
29,8.659166666666668,20.340833333333332
598,605.65,-7.649999999999977
166,168.56,-2.5600000000000023
170,169.53,0.46999999999999886
408,411.145,-3.144999999999982
418,413.33,4.670000000000016
2251,2234.355,16.644999999999982
652,704.375,-52.375
16,24.92,-8.920000000000002
2039,2047.33,-8.329999999999927
55,59.195,-4.195
438,419.07,18.930000000000007
1218,1264.725,-46.72499999999991
89,89.65,-0.6500000000000057
1099,1109.18,-10.180000000000064
119,125.69,-6.689999999999998
619,612.925,6.0750000000000455
215,209.435,5.564999999999998
539,530.55,8.450000000000045
2282,2278.575,3.425000000000182
2094,2098.815,-4.815000000000055
754,684.16,69.84000000000003
122,142.31,-20.310000000000002
176,178.86,-2.8600000000000136
101,93.625,7.375
514,517.66,-3.659999999999968
62,66.87,-4.8700000000000045
467,478.835,-11.83499999999998
1895,1894.835,0.16499999999996362
340,337.765,2.2350000000000136
36,36.905,-0.9050000000000011
27,29.71,-2.710000000000001
717,782.22,-65.22000000000003
1719,1731.955,-12.954999999999927
121,101.755,19.245000000000005
448,436.165,11.83499999999998
595,610.895,-15.894999999999982
40,40.195,-0.19500000000000028
237,217.21,19.789999999999992
163,144.525,18.474999999999994
192,187.985,4.014999999999986
62,54.99,7.009999999999998
221,227.17,-6.1699999999999875
499,483.56,15.439999999999998
990,963.425,26.575000000000045
2134,2136.92,-2.9200000000000728
308,306.955,1.045000000000016
516,526.585,-10.585000000000036
1117,1118.06,-1.0599999999999454
2318,2331.335,-13.335000000000036
630,637.875,-7.875
1771,1807.69,-36.690000000000055
58,54.41,3.5900000000000034
474,467.06,6.939999999999998
32,42.285,-10.284999999999997
94,77.085,16.915000000000006
125,142.48,-17.47999999999999
556,562.0,-6.0
2178,2166.185,11.815000000000055
1380,1479.3,-99.29999999999995
172,187.405,-15.405000000000001
812,805.305,6.69500000000005
85,83.325,1.6749999999999972
636,639.785,-3.784999999999968
351,354.805,-3.805000000000007
117,128.04,-11.039999999999992
662,622.52,39.48000000000002
182,159.22,22.78
561,563.575,-2.5750000000000455
114,118.82,-4.819999999999993
160,170.395,-10.39500000000001
212,226.68,-14.680000000000007
586,598.61,-12.610000000000014
1231,1222.165,8.835000000000036
46,47.645,-1.6450000000000031
230,232.13,-2.1299999999999955
125,150.75,-25.75
361,357.835,3.1650000000000205
664,677.895,-13.894999999999982
68,85.125,-17.125
489,487.395,1.6050000000000182
125,134.455,-9.455000000000013
2246,2252.875,-6.875
242,237.235,4.764999999999986
1503,1562.895,-59.89499999999998
885,902.945,-17.94500000000005
655,656.515,-1.5149999999999864
1136,1136.67,-0.6700000000000728
366,367.025,-1.0249999999999773
221,226.64,-5.639999999999986
2348,2354.845,-6.8449999999998
208,202.88,5.1200000000000045
556,587.445,-31.44500000000005
2320,2394.785,-74.78499999999985
1833,1866.645,-33.64499999999998
91,96.22,-5.219999999999999
773,819.845,-46.84500000000003
288,248.44,39.56
1192,1176.935,15.065000000000055
292,239.855,52.14500000000001
108,380.575,-272.575
358,349.73,8.269999999999982
2540,2508.145,31.855000000000018
877,894.03,-17.029999999999973
3923,3280.67,642.3299999999999
400,376.135,23.86500000000001
179,290.275,-111.27499999999998
563,507.11,55.889999999999986
482,582.92,-100.91999999999996
333,382.665,-49.66500000000002
2825,2327.715,497.28499999999985
723,720.235,2.7649999999999864
1277,1275.165,1.8350000000000364
1269,1304.425,-35.424999999999955
2516,2546.485,-30.485000000000127
141,152.205,-11.205000000000013
1117,863.49,253.51
2276,2307.775,-31.77500000000009
336,360.9,-24.899999999999977
410,428.78,-18.779999999999973
767,755.78,11.220000000000027
941,791.11,149.89
2442,2015.21,426.78999999999996
434,496.34,-62.339999999999975
933,870.345,62.65499999999997
293,331.785,-38.785000000000025
280,288.7,-8.699999999999989
283,285.525,-2.5249999999999773
1179,1198.03,-19.029999999999973
405,416.39,-11.389999999999986
384,551.92,-167.91999999999996
1892,2522.105,-630.105
111,371.735,-260.735
234,291.29,-57.29000000000002
303,414.52,-111.51999999999998
2411,2458.375,-47.375
350,351.895,-1.8949999999999818
2102,2167.535,-65.53499999999985
214,250.295,-36.29499999999999
1052,1160.965,-108.96499999999992
1076,1090.13,-14.13000000000011
3779,3814.785,-35.784999999999854
746,755.53,-9.529999999999973
252,276.615,-24.61500000000001
659,680.02,-21.019999999999982
922,883.685,38.315000000000055
829,849.985,-20.985000000000014
2744,2730.82,13.179999999999836
89,110.835,-21.834999999999994
222,270.315,-48.315
800,878.045,-78.04499999999996
2412,2458.175,-46.17500000000018
1123,1151.58,-28.579999999999927
144,189.585,-45.58500000000001
559,610.06,-51.059999999999945
791,760.66,30.340000000000032
1107,1071.505,35.49499999999989
118,113.135,4.864999999999995
323,281.12,41.879999999999995
920,1047.57,-127.56999999999994
555,574.225,-19.225000000000023
2685,2628.87,56.13000000000011
636,627.665,8.335000000000036
316,301.03,14.970000000000027
172,173.555,-1.5550000000000068
732,715.645,16.355000000000018
109,90.31,18.689999999999998
45,77.425,-32.425
179,155.465,23.534999999999997
2349,2312.75,36.25
1101,1080.51,20.49000000000001
1961,1980.175,-19.174999999999955
272,270.09,1.910000000000025
1594,1880.095,-286.095
719,737.84,-18.840000000000032
150,184.265,-34.264999999999986
898,878.98,19.019999999999982
400,399.015,0.9850000000000136
201,179.92,21.080000000000013
3674,3626.535,47.465000000000146
1055,1024.985,30.0150000000001
2363,2335.25,27.75
273,266.935,6.064999999999998
195,221.48,-26.47999999999999
133,119.16,13.840000000000003
2526,2574.85,-48.84999999999991
620,629.225,-9.225000000000023
1079,1081.465,-2.464999999999918
123,128.55,-5.550000000000011
79,86.155,-7.155000000000001
535,553.47,-18.470000000000027
114,135.07,-21.069999999999993
780,789.535,-9.534999999999968
620,615.055,4.94500000000005
276,272.335,3.6650000000000205
2301,2301.88,-0.8800000000001091
94,104.785,-10.784999999999997
1012,1012.17,-0.16999999999995907
3464,3481.88,-17.88000000000011
160,149.77,10.22999999999999
809,845.325,-36.325000000000045
741,732.52,8.480000000000018
29,23.46,5.539999999999999
1845,1847.705,-2.7049999999999272
1247,1273.4,-26.40000000000009
108,89.13,18.870000000000005
220,320.375,-100.375
1017,992.78,24.220000000000027
2281,2256.145,24.855000000000018
258,258.255,-0.25499999999999545
394,389.375,4.625
268,260.405,7.595000000000027
705,700.045,4.955000000000041
2200,2299.54,-99.53999999999996
101,156.05,-55.05000000000001
60,80.285,-20.284999999999997
497,520.265,-23.264999999999986
602,714.73,-112.73000000000002
498,561.415,-63.414999999999964
861,935.935,-74.93499999999995
62,68.04,-6.040000000000006
100,90.785,9.215000000000003
668,670.41,-2.409999999999968
380,383.91,-3.910000000000025
242,244.925,-2.9250000000000114
104,140.115,-36.11500000000001
618,713.07,-95.07000000000005
65,78.31,-13.310000000000002
856,1079.25,-223.25
3,26.545,-23.545
1713,1754.16,-41.16000000000008
2226,2257.335,-31.335000000000036
653,696.27,-43.26999999999998
25,61.04,-36.04
2172,2213.87,-41.86999999999989
93,100.405,-7.405000000000001
914,942.405,-28.404999999999973
3036,3197.53,-161.5300000000002
1058,1066.21,-8.210000000000036
600,601.515,-1.5149999999999864
248,260.8,-12.800000000000011
208,240.925,-32.92500000000001
41,47.03,-6.030000000000001
0,7.665,-7.665
2180,2185.795,-5.795000000000073
595,597.42,-2.419999999999959
583,585.43,-2.42999999999995
502,512.42,-10.419999999999959
430,453.465,-23.464999999999975
76,69.18,6.819999999999993
161,174.66,-13.659999999999997
640,642.06,-2.0599999999999454
756,769.58,-13.580000000000041
474,469.765,4.235000000000014
790,830.745,-40.745000000000005
2645,2724.88,-79.88000000000011
72,82.5,-10.5
361,371.065,-10.064999999999998
223,224.265,-1.2649999999999864
456,483.48,-27.480000000000018
46,39.73,6.270000000000003
1042,1047.93,-5.930000000000064
99,94.57,4.430000000000007
2096,2093.43,2.5700000000001637
11,7.97,3.0300000000000002
1655,1656.635,-1.634999999999991
35,46.49,-11.490000000000002
31,39.905,-8.905000000000001
237,229.42,7.5800000000000125
1886,1891.735,-5.7349999999999
650,709.915,-59.914999999999964
2014,2024.745,-10.74499999999989
2165,2145.025,19.97499999999991
365,387.5,-22.5
1,21.19,-20.19
60,47.75,12.25
46,19.01,26.99
100,127.48,-27.480000000000004
425,458.395,-33.39499999999998
659,701.515,-42.514999999999986
524,555.135,-31.13499999999999
538,665.215,-127.21500000000003
87,95.82,-8.819999999999993
72,57.995,14.005000000000003
559,561.215,-2.215000000000032
337,345.81,-8.810000000000002
1296,1573.075,-277.07500000000005
582,608.92,-26.91999999999996
47,31.47,15.530000000000001
22,10.75,11.25
428,445.18,-17.180000000000007
0,1.055,-1.055
203,214.135,-11.134999999999991
563,568.995,-5.9950000000000045
1031,1031.01,-0.009999999999990905
176,323.185,-147.185
5,23.685,-18.685
1644,1619.905,24.095000000000027
228,226.115,1.884999999999991
1961,2350.85,-389.8499999999999
2160,2155.255,4.744999999999891
629,581.75,47.25
540,534.145,5.855000000000018
519,480.25,38.75
218,216.285,1.7150000000000034
407,397.29,9.70999999999998
108,35.695,72.305
189,191.24,-2.240000000000009
89,78.025,10.974999999999994
32,8.57,23.43
73,41.965,31.034999999999997
1154,926.435,227.56500000000005
80,84.365,-4.364999999999995
0,0.6,-0.6
29,17.6,11.399999999999999
563,548.075,14.924999999999955
405,375.735,29.264999999999986
558,552.2,5.7999999999999545
345,325.665,19.33499999999998
332,329.095,2.9049999999999727
1656,1628.705,27.295000000000073
41,40.86666666666667,0.13333333333333286
1992,1976.96,15.039999999999964
60,54.555,5.445
483,403.01,79.99000000000001
1030,1027.76,2.240000000000009
64,68.555,-4.555000000000007
21,6.69,14.309999999999999
1793,1620.735,172.2650000000001
1658,1639.225,18.77500000000009
30,21.795,8.204999999999998
552,548.5,3.5
181,172.44,8.560000000000002
68,70.2915,-2.291499999999999
1631,1467.81,163.19000000000005
400,383.79,16.20999999999998
1040,990.83,49.16999999999996
1965,1965.515,-0.5150000000001
18,21.55,-3.5500000000000007
223,205.835,17.164999999999992
49,37.27,11.729999999999997
1035,1025.71,9.289999999999964
81,76.34,4.659999999999997
38,38.815,-0.8149999999999977
0,1.195,-1.195
14,21.665,-7.664999999999999
66,58.64,7.359999999999999
65,62.3525,2.647500000000001
532,523.985,8.014999999999986
317,330.32,-13.319999999999993
2168,2165.245,2.755000000000109
405,394.965,10.035000000000025
502,501.07,0.9300000000000068
339,337.55,1.4499999999999886
439,431.79,7.2099999999999795
557,551.025,5.975000000000023
583,604.1,-21.100000000000023
51,70.215,-19.215000000000003
170,175.475,-5.474999999999994
1932,1955.77,-23.769999999999982
28,33.86,-5.859999999999999
550,545.51,4.490000000000009
72,69.03,2.969999999999999
1494,1505.485,-11.4849999999999
537,560.04,-23.039999999999964
22,42.465,-20.465000000000003
0,0.54,-0.54
1037,1036.48,0.5199999999999818
307,309.765,-2.7649999999999864
59,66.85,-7.849999999999994
417,414.915,2.0849999999999795
36,39.085,-3.085000000000001
947,934.36,12.639999999999986
81,78.75,2.25
515,533.48,-18.480000000000018
505,504.455,0.5450000000000159
377,394.755,-17.754999999999995
20,21.885,-1.8850000000000016
1647,1652.855,-5.855000000000018
392,412.59,-20.589999999999975
9,18.615,-9.614999999999998
64,71.45,-7.450000000000003
2167,2170.8,-3.800000000000182
5,38.63,-33.63
218,221.105,-3.1049999999999898
345,345.735,-0.7350000000000136
558,556.06,1.9400000000000546
1644,1644.66,-0.6600000000000819
39,32.47,6.530000000000001
81,80.66,0.3400000000000034
14,2.775,11.225
169,169.545,-0.5449999999999875
6,46.8,-40.8
65,67.785,-2.7849999999999966
522,506.56,15.439999999999998
74,77.61,-3.6099999999999994
306,300.345,5.654999999999973
1912,1906.38,5.619999999999891
908,903.67,4.330000000000041
1039,1040.91,-1.9100000000000819
0,0.54,-0.54
548,547.495,0.5049999999999955
346,373.57,-27.569999999999993
559,557.32,1.67999999999995
212,211.56,0.4399999999999977
26,30.99,-4.989999999999998
516,523.47,-7.470000000000027
424,429.265,-5.264999999999986
350,364.22,-14.220000000000027
19,24.72,-5.719999999999999
510,509.06,0.9399999999999977
371,366.99,4.009999999999991
2171,2169.89,1.1100000000001273
24,19.785,4.215
1432,1400.38,31.61999999999989
55,57.065,-2.0649999999999977
79,93.025,-14.025000000000006
379,371.54,7.4599999999999795
60,56.195,3.8049999999999997
477,513.865,-36.86500000000001
309,307.735,1.2649999999999864
0,0.7025,-0.7025
48,24.03,23.97
345,388.86,-43.860000000000014
429,440.41,-11.410000000000025
35,27.165,7.835000000000001
551,546.785,4.215000000000032
1599,1663.745,-64.74499999999989
1887,1915.445,-28.444999999999936
36,47.245,-11.244999999999997
1046,1047.59,-1.5899999999999181
56,73.415,-17.415000000000006
334,323.945,10.055000000000007
1381,1426.69,-45.690000000000055
887,896.9,-9.899999999999977
179,168.66,10.340000000000003
505,557.03,-52.02999999999997
479,526.93,-47.92999999999995
84,79.71,4.290000000000006
20,34.01,-14.009999999999998
183,207.83,-24.830000000000013
567,566.715,0.28499999999996817
2,10.615,-8.615
2172,2185.915,-13.914999999999964
27,32.53,-5.530000000000001
93,94.29,-1.2900000000000063
182,178.045,3.9550000000000125
94,73.99,20.010000000000005
48,41.815,6.185000000000002
447,447.545,-0.5450000000000159
1622,1626.36,-4.3599999999999
953,912.575,40.424999999999955
607,593.68,13.32000000000005
1051,1053.91,-2.910000000000082
1896,1902.9,-6.900000000000091
41,41.895,-0.8950000000000031
570,578.71,-8.710000000000036
503,460.81,42.19
44,43.075,0.9249999999999972
9,9.045000000000002,-0.045000000000001705
515,498.19,16.810000000000002
344,331.63,12.370000000000005
494,464.34,29.660000000000025
2185,2183.685,1.3150000000000546
180,179.025,0.9749999999999943
354,376.905,-22.904999999999973
82,90.935,-8.935000000000002
33,28.35,4.649999999999999
68,69.24,-1.2399999999999949
0,0.7025,-0.7025
321,315.28,5.720000000000027
404,388.755,15.245000000000005
1463,1399.725,63.27500000000009
74,58.625,15.375
54,54.95,-0.9500000000000028
158,147.565,10.435000000000002
382,379.665,2.3349999999999795
1065,1065.64,-0.6400000000001
88,84.985,3.0150000000000006
0,0.7025,-0.7025
585,581.395,3.605000000000018
480,480.125,-0.125
43,37.325,5.674999999999997
1617,1573.53,43.47000000000003
2198,2201.545,-3.5450000000000728
45,46.8875,-1.8875000000000028
331,335.725,-4.725000000000023
708,693.49,14.509999999999991
529,525.3,3.7000000000000455
1937,1922.455,14.545000000000073
35,15.5,19.5
80,91.28,-11.280000000000001
94,105.425,-11.424999999999997
190,186.55,3.4499999999999886
76,75.25,0.75
506,507.925,-1.9250000000000114
386,389.67,-3.670000000000016
416,420.09,-4.089999999999975
1069,1046.365,22.63499999999999
541,516.185,24.815000000000055
96,61.54,34.46
182,177.18,4.819999999999993
1640,1641.88,-1.8800000000001091
93,91.09,1.9099999999999966
435,430.485,4.514999999999986
188,197.75,-9.75
541,531.31,9.690000000000055
117,119.19,-2.1899999999999977
106,108.72,-2.719999999999999
82,67.205,14.795000000000002
84,98.8,-14.799999999999997
50,60.82,-10.82
261,216.005,44.995000000000005
432,428.35,3.6499999999999773
542,557.385,-15.384999999999991
1995,1969.555,25.444999999999936
1841,1735.73,105.26999999999998
849,819.355,29.644999999999982
0,9.043500000000002,-9.043500000000002
57,59.97,-2.969999999999999
345,344.935,0.06499999999999773
122,142.7,-20.69999999999999
1239,1253.76,-14.759999999999991
1677,1698.98,-21.980000000000018
549,532.485,16.514999999999986
436,441.81,-5.810000000000002
1081,1078.945,2.0550000000000637
56,64.45,-8.450000000000003
200,184.545,15.455000000000013
601,600.12,0.8799999999999955
598,623.325,-25.325000000000045
2219,2222.49,-3.4899999999997817
190,195.54,-5.539999999999992
2249,2248.93,0.07000000000016371
1002,1004.34,-2.340000000000032
1983,2080.86,-97.86000000000013
635,667.245,-32.245000000000005
556,568.84,-12.840000000000032
603,621.58,-18.58000000000004
151,142.51,8.490000000000009
178,172.56,5.439999999999998
72,71.355,0.644999999999996
206,210.765,-4.764999999999986
506,492.85,13.149999999999977
98,111.18,-13.180000000000007
452,482.98,-30.980000000000018
59,56.6,2.3999999999999986
432,446.54,-14.54000000000002
623,613.32,9.67999999999995
560,588.12,-28.120000000000005
131,146.495,-15.495000000000005
84,101.55,-17.549999999999997
1350,1474.48,-124.48000000000002
1708,1730.85,-22.84999999999991
123,110.66,12.340000000000003
2043,2052.38,-9.38000000000011
288,321.99,-33.99000000000001
352,354.51,-2.509999999999991
2,9.043500000000002,-7.043500000000002
75,87.915,-12.915000000000006
1104,1094.415,9.585000000000036
2293,2277.305,15.695000000000164
1795,1792.74,2.259999999999991
567,565.415,1.5850000000000364
603,612.89,-9.889999999999986
75,72.41,2.5900000000000034
2122,2099.245,22.75500000000011
1481,1517.375,-36.375
572,582.545,-10.544999999999959
342,338.11,3.8899999999999864
443,443.905,-0.9049999999999727
711,709.115,1.884999999999991
109,100.765,8.235
517,502.43,14.569999999999993
367,361.8,5.199999999999989
108,109.56,-1.5600000000000023
15,18.29925,-3.2992500000000007
1291,1183.83,107.17000000000007
757,691.005,65.995
2177,2177.81,-0.8099999999999454
240,202.255,37.745000000000005
651,640.7,10.299999999999955
198,195.395,2.6049999999999898
82,113.69,-31.689999999999998
232,244.79,-12.789999999999992
1134,1126.67,7.329999999999927
221,213.785,7.215000000000003
156,162.825,-6.824999999999989
146,132.235,13.764999999999986
184,171.535,12.465000000000003
281,243.575,37.42500000000001
395,361.31,33.69
975,954.655,20.345000000000027
325,377.935,-52.935
387,387.915,-0.9150000000000205
774,759.96,14.039999999999964
563,533.9,29.100000000000023
946,773.635,172.365
293,248.63,44.370000000000005
2804,2715.87,88.13000000000011
2407,2422.85,-15.849999999999909
720,727.615,-7.615000000000009
934,985.355,-51.35500000000002
174,183.6,-9.599999999999994
1202,1199.255,2.744999999999891
517,506.8,10.199999999999989
2583,2578.44,4.559999999999945
236,297.675,-61.67500000000001
354,356.52,-2.519999999999982
2500,2797.485,-297.4850000000001
2495,2439.525,55.47499999999991
1084,1080.48,3.519999999999982
482,563.735,-81.73500000000001
1288,1308.22,-20.220000000000027
343,333.91,9.089999999999975
3856,3207.91,648.0900000000001
1332,1314.045,17.954999999999927
558,566.935,-8.934999999999945
1137,1162.65,-25.65000000000009
667,679.41,-12.409999999999968
840,901.28,-61.27999999999997
213,269.515,-56.514999999999986
265,271.57,-6.569999999999993
2038,2249.78,-211.7800000000002
2741,2704.145,36.85500000000002
2386,2419.095,-33.0949999999998
929,918.095,10.904999999999973
763,773.77,-10.769999999999982
290,287.43,2.569999999999993
398,552.585,-154.58500000000004
2501,2516.575,-15.574999999999818
1200,1172.845,27.154999999999973
411,434.695,-23.694999999999993
211,220.365,-9.365000000000009
1049,1075.555,-26.555000000000064
3730,3772.235,-42.23500000000013
408,428.565,-20.564999999999998
137,153.575,-16.57499999999999
1146,1157.015,-11.0150000000001
884,891.48,-7.480000000000018
2262,2278.75,-16.75
282,283.37,-1.3700000000000045
274,260.135,13.865000000000009
316,333.995,-17.995000000000005
297,300.955,-3.954999999999984
405,415.865,-10.865000000000009
239,219.51,19.49000000000001
180,187.09,-7.090000000000003
628,627.255,0.7450000000000045
267,291.435,-24.435000000000002
1100,1101.35,-1.349999999999909
87,86.395,0.605000000000004
2079,2071.92,7.079999999999927
2425,2409.27,15.730000000000018
2641,2626.4,14.599999999999909
3584,3605.085,-21.085000000000036
208,180.185,27.814999999999998
889,889.71,-0.7100000000000364
180,186.78,-6.780000000000001
960,950.895,9.105000000000018
257,251.075,5.925000000000011
281,258.005,22.995000000000005
1593,2003.255,-410.2550000000001
739,748.985,-9.985000000000014
842,821.925,20.075000000000045
721,732.17,-11.169999999999959
147,189.585,-42.58500000000001
1013,1007.59,5.409999999999968
546,565.105,-19.105000000000018
1123,1088.145,34.85500000000002
278,296.865,-18.86500000000001
2298,2270.3,27.699999999999818
268,270.14,-2.1399999999999864
401,398.89,2.1100000000000136
253,253.565,-0.5649999999999977
249,244.905,4.094999999999999
597,610.445,-13.44500000000005
242,245.785,-3.7849999999999966
69,65.735,3.2650000000000006
2236,2226.915,9.085000000000036
148,145.24,2.759999999999991
613,600.345,12.654999999999973
1249,1260.225,-11.224999999999909
174,195.585,-21.585000000000008
1085,1080.11,4.8900000000001
91,103.4,-12.400000000000006
1981,1951.75,29.25
514,538.97,-24.970000000000027
1030,1032.15,-2.150000000000091
960,943.895,16.105000000000018
221,194.585,26.414999999999992
2469,2495.62,-26.61999999999989
799,809.335,-10.335000000000036
152,124.935,27.064999999999998
781,783.19,-2.1900000000000546
3356,3344.725,11.275000000000091
143,141.09,1.9099999999999966
2373,2356.09,16.909999999999854
710,711.64,-1.6399999999999864
836,779.075,56.924999999999955
749,695.485,53.514999999999986
116,113.255,2.7450000000000045
2186,2238.445,-52.445000000000164
1878,1887.5,-9.5
55,53.495,1.5050000000000026
220,224.305,-4.305000000000007
672,679.93,-7.92999999999995
381,390.58,-9.579999999999984
713,716.0,-3.0
171,153.895,17.10499999999999
1066,1064.81,1.1900000000000546
3006,3138.945,-132.94500000000016
876,880.485,-4.485000000000014
510,525.465,-15.465000000000032
61,59.805,1.1950000000000003
932,937.72,-5.720000000000027
592,596.305,-4.30499999999995
477,490.94,-13.939999999999998
242,240.885,1.115000000000009
123,102.135,20.864999999999995
2323,2304.78,18.2199999999998
2165,2152.7,12.300000000000182
638,697.24,-59.24000000000001
93,114.945,-21.944999999999993
1026,1114.335,-88.33500000000004
112,110.15,1.8499999999999943
219,213.08,5.9199999999999875
71,84.97,-13.969999999999999
219,226.33,-7.3300000000000125
554,678.96,-124.96000000000004
50,44.98,5.020000000000003
635,648.675,-13.674999999999955
356,366.955,-10.954999999999984
2270,2280.645,-10.644999999999982
634,641.1,-7.100000000000023
2089,2096.115,-7.114999999999782
576,577.76,-1.759999999999991
802,856.29,-54.289999999999964
440,443.09,-3.089999999999975
1799,1916.025,-117.02500000000009
1790,1824.08,-34.07999999999993
92,94.775,-2.7750000000000057
208,199.815,8.185000000000002
28,59.015,-31.015
104,199.34,-95.34
729,784.26,-55.25999999999999
1055,1047.355,7.644999999999982
715,899.315,-184.31500000000005
167,191.73,-24.72999999999999
436,495.425,-59.42500000000001
450,459.55,-9.550000000000011
2530,2714.625,-184.625
41,44.22,-3.219999999999999
86,91.865,-5.864999999999995
136,142.535,-6.534999999999997
2208,2233.71,-25.710000000000036
408,413.695,-5.694999999999993
497,475.22,21.779999999999973
81,74.405,6.594999999999999
593,610.035,-17.034999999999968
199,204.365,-5.365000000000009
2111,2214.05,-103.05000000000018
9,8.815,0.1850000000000005
41,45.365,-4.365000000000002
605,605.17,-0.16999999999995907
141,141.72,-0.7199999999999989
101,111.53,-10.530000000000001
709,735.42,-26.41999999999996
60,62.52,-2.520000000000003
1436,1507.305,-71.30500000000006
555,562.265,-7.264999999999986
1711,1743.495,-32.49499999999989
1030,1049.065,-19.065000000000055
589,608.405,-19.404999999999973
201,199.025,1.9749999999999943
86,50.705,35.295
568,588.365,-20.36500000000001
333,334.53,-1.5299999999999727
2031,2040.795,-9.795000000000073
411,413.005,-2.0049999999999955
34,50.89,-16.89
254,295.82,-41.81999999999999
18,28.065,-10.065000000000001
409,393.53,15.470000000000027
332,320.295,11.704999999999984
16,13.92,2.08
199,191.67,7.3300000000000125
81,58.535,22.465000000000003
73,66.615,6.385000000000005
526,530.37,-4.3700000000000045
135,117.9,17.099999999999994
8,18.68,-10.68
563,544.255,18.745000000000005
554,571.26,-17.25999999999999
501,489.24,11.759999999999991
38,35.42,2.5799999999999983
11,9.93,1.0700000000000003
1864,1830.2,33.799999999999955
1023,1018.905,4.095000000000027
2175,2170.385,4.614999999999782
193,180.24,12.759999999999991
90,82.525,7.474999999999994
156,129.2,26.80000000000001
2011,1986.925,24.075000000000045
1667,1664.04,2.9600000000000364
52,49.13,2.8699999999999974
392,382.695,9.305000000000007
1211,1161.295,49.70499999999993
548,545.43,2.57000000000005
474,457.54,16.45999999999998
661,642.805,18.19500000000005
74,67.275,6.724999999999994
6,16.13,-10.129999999999999
40,41.945,-1.9450000000000003
34,35.395,-1.3950000000000031
530,538.625,-8.625
1612,1576.03,35.97000000000003
389,413.625,-24.625
1952,1983.04,-31.039999999999964
1007,1055.445,-48.444999999999936
1004,1011.465,-7.465000000000032
102,121.77,-19.769999999999996
2,16.345,-14.344999999999999
0,2.43,-2.43
491,503.02,-12.019999999999982
517,548.79,-31.789999999999964
316,329.07,-13.069999999999993
59,75.325,-16.325000000000003
1624,1632.045,-8.045000000000073
444,452.7,-8.699999999999989
362,380.825,-18.82499999999999
182,179.6,2.4000000000000057
187,192.835,-5.835000000000008
65,68.965,-3.9650000000000034
593,610.995,-17.995000000000005
542,532.245,9.754999999999995
2136,2152.83,-16.829999999999927
55,75.255,-20.254999999999995
406,426.53,-20.529999999999973
51,46.08,4.920000000000002
72,60.72,11.280000000000001
6,12.085,-6.085000000000001
349,342.165,6.8349999999999795
379,329.97,49.02999999999997
460,477.115,-17.11500000000001
895,894.5,0.5
1003,995.815,7.184999999999945
373,381.275,-8.274999999999977
78,85.315,-7.314999999999998
38,26.27,11.73
293,305.135,-12.134999999999991
29,10.08,18.92
1446,1430.645,15.355000000000018
2134,2129.77,4.230000000000018
180,182.05,-2.0500000000000114
1614,1599.43,14.569999999999936
62,62.77,-0.7700000000000031
34,29.0,5.0
538,551.66,-13.659999999999968
1920,1931.3,-11.299999999999955
0,1.57,-1.57
523,518.935,4.065000000000055
515,524.925,-9.924999999999955
522,502.31,19.689999999999998
1,38.34,-37.34
425,433.385,-8.384999999999991
168,173.81,-5.810000000000002
840,816.14,23.860000000000014
281,274.48,6.519999999999982
56,45.81,10.189999999999998
0,1.2,-1.2
458,514.87,-56.870000000000005
1602,1599.56,2.4400000000000546
342,356.65,-14.649999999999977
512,517.915,-5.914999999999964
1840,1890.1,-50.09999999999991
6,9.98,-3.9800000000000004
2120,2140.69,-20.690000000000055
2,4.235,-2.2350000000000003
165,174.76,-9.759999999999991
173,162.57,10.430000000000007
76,73.655,2.344999999999999
45,59.92,-14.920000000000002
33,34.365,-1.365000000000002
29,27.195,1.8049999999999997
411,414.46,-3.4599999999999795
496,501.82,-5.819999999999993
491,538.86,-47.860000000000014
26,66.75,-40.75
43,37.71,5.289999999999999
990,1006.475,-16.475000000000023
432,438.605,-6.605000000000018
355,375.975,-20.975000000000023
358,341.38,16.620000000000005
1312,1326.08,-14.079999999999927
55,55.05,-0.04999999999999716
335,326.8,8.199999999999989
998,992.745,5.2549999999999955
155,160.675,-5.675000000000011
36,42.44,-6.439999999999998
31,35.36,-4.359999999999999
1248,1250.235,-2.2349999999999
415,407.665,7.3349999999999795
274,264.565,9.435000000000002
2127,2112.355,14.644999999999982
0,1.09,-1.09
413,413.475,-0.47500000000002274
370,357.455,12.545000000000016
7,10.75,-3.75
0,6.08,-6.08
43,36.17,6.829999999999998
1582,1596.605,-14.605000000000018
47,46.185,0.8149999999999977
67,83.365,-16.364999999999995
483,493.08,-10.079999999999984
510,494.3,15.699999999999989
1,88.16,-87.16
1813,1837.965,-24.964999999999918
518,511.92,6.079999999999984
358,359.58,-1.579999999999984
818,809.91,8.090000000000032
164,171.285,-7.284999999999997
414,419.39,-5.389999999999986
2127,2139.735,-12.735000000000127
327,345.1,-18.100000000000023
413,392.425,20.57499999999999
1810,1830.895,-20.894999999999982
374,387.765,-13.764999999999986
16,15.44,0.5600000000000005
354,381.42,-27.420000000000016
27,2.19,24.81
41,53.87,-12.869999999999997
169,169.645,-0.6450000000000102
515,525.655,-10.654999999999973
45,52.085,-7.085000000000001
521,526.025,-5.024999999999977
1,6.865,-5.865
999,1006.695,-7.69500000000005
1578,1612.59,-34.58999999999992
0,1.1425,-1.1425
29,36.15,-7.149999999999999
277,269.92,7.079999999999984
1260,1272.44,-12.440000000000055
413,427.61,-14.610000000000014
66,74.86,-8.86
59,59.415,-0.41499999999999915
37,42.125,-5.125
151,149.12,1.8799999999999955
477,478.505,-1.5049999999999955
412,414.3,-2.3000000000000114
831,831.905,-0.9049999999999727
29,36.035,-7.034999999999997
24,24.385,-0.38500000000000156
84,49.985,34.015
917,857.54,59.460000000000036
1361,1318.1,42.90000000000009
525,528.935,-3.9349999999999454
71,68.605,2.394999999999996
54,54.295,-0.2950000000000017
166,169.755,-3.7549999999999955
377,382.47,-5.470000000000027
505,471.035,33.964999999999975
394,386.77,7.230000000000018
0,1.1425,-1.1425
1584,1588.95,-4.9500000000000455
420,425.46,-5.4599999999999795
282,273.86,8.139999999999986
328,341.54,-13.54000000000002
80,70.57,9.430000000000007
153,153.085,-0.08500000000000796
1004,1008.805,-4.80499999999995
42,48.6,-6.600000000000001
584,537.595,46.40499999999997
429,420.63,8.370000000000005
457,434.21,22.79000000000002
2133,2142.265,-9.264999999999873
9,7.66125,1.33875
1825,1844.31,-19.309999999999945
49,47.725,1.2749999999999986
85,88.325,-3.325000000000003
1625,1642.815,-17.815000000000055
182,171.95,10.050000000000011
448,442.73,5.269999999999982
13,25.045,-12.045000000000002
213,181.96,31.039999999999992
404,413.105,-9.105000000000018
63,63.19,-0.18999999999999773
103,86.765,16.235
527,521.295,5.705000000000041
50,45.845,4.155000000000001
413,411.5,1.5
0,12.331916666666668,-12.331916666666668
2138,2160.73,-22.730000000000018
495,508.495,-13.495000000000005
461,461.725,-0.7250000000000227
301,285.13,15.870000000000005
62,71.7,-9.700000000000003
35,40.655,-5.655000000000001
670,650.695,19.30499999999995
68,54.885,13.115000000000002
159,159.455,-0.4550000000000125
1589,1498.845,90.15499999999997
376,350.94,25.060000000000002
1005,1015.895,-10.894999999999982
525,540.08,-15.080000000000041
1116,1035.9,80.09999999999991
1837,1853.03,-16.029999999999973
1647,1677.285,-30.285000000000082
89,71.375,17.625
522,539.235,-17.235000000000014
27,35.0,-8.0
429,422.07,6.930000000000007
117,144.48,-27.47999999999999
1242,1323.835,-81.83500000000004
159,172.19,-13.189999999999998
1002,1015.49,-13.490000000000009
2143,2165.195,-22.195000000000164
422,434.09,-12.089999999999975
35,49.165,-14.165
525,544.475,-19.475000000000023
476,508.8,-32.80000000000001
82,90.76,-8.760000000000005
779,830.925,-51.924999999999955
103,109.405,-6.405000000000001
0,12.331916666666668,-12.331916666666668
265,305.625,-40.625
99,81.29,17.709999999999994
1749,1803.57,-54.569999999999936
186,188.4,-2.4000000000000057
431,424.375,6.625
1848,1875.33,-27.329999999999927
546,578.195,-32.19500000000005
503,503.87,-0.8700000000000045
66,77.335,-11.334999999999994
321,321.055,-0.05500000000000682
490,461.215,28.785000000000025
1916,1960.715,-44.71499999999992
564,586.98,-22.980000000000018
310,332.95,-22.94999999999999
509,515.03,-6.029999999999973
9,15.017750000000001,-6.017750000000001
437,444.875,-7.875
140,135.72,4.280000000000001
983,1014.69,-31.690000000000055
88,80.81,7.189999999999998
144,164.02,-20.02000000000001
1374,1517.385,-143.385
2137,2170.64,-33.63999999999987
125,140.485,-15.485000000000014
335,346.235,-11.235000000000014
500,490.17,9.829999999999984
999,946.165,52.835000000000036
192,195.445,-3.444999999999993
551,606.365,-55.36500000000001
506,535.915,-29.914999999999964
1693,1706.065,-13.065000000000055
1850,1894.57,-44.569999999999936
165,171.055,-6.055000000000007
42,54.34,-12.340000000000003
646,595.465,50.53499999999997
40,50.24,-10.240000000000002
104,119.085,-15.084999999999994
156,147.56,8.439999999999998
553,558.62,-5.6200000000000045
164,182.855,-18.85499999999999
337,350.615,-13.615000000000009
170,173.15,-3.1500000000000057
127,143.995,-16.995000000000005
447,450.89,-3.8899999999999864
1880,1894.27,-14.269999999999982
754,770.465,-16.465000000000032
610,626.04,-16.039999999999964
585,593.705,-8.705000000000041
2140,2161.04,-21.039999999999964
186,181.635,4.365000000000009
188,205.88,-17.879999999999995
971,988.635,-17.63499999999999
2090,2120.81,-30.809999999999945
366,372.74,-6.740000000000009
1755,1756.7,-1.7000000000000455
537,543.445,-6.44500000000005
79,62.99,16.009999999999998
198,199.615,-1.615000000000009
1241,1234.8,6.2000000000000455
531,545.04,-14.039999999999964
493,505.19,-12.189999999999998
24,31.095,-7.094999999999999
59,51.69,7.310000000000002
135,121.82,13.180000000000007
1504,1531.82,-27.819999999999936
217,219.68,-2.680000000000007
417,388.885,28.11500000000001
2312,2502.37,-190.3699999999999
1340,1321.815,18.184999999999945
226,224.905,1.0949999999999989
365,343.85,21.149999999999977
377,363.76,13.240000000000009
939,806.36,132.64
1224,1190.125,33.875
494,499.32,-5.319999999999993
488,551.37,-63.370000000000005
2517,2647.225,-130.2249999999999
283,248.985,34.014999999999986
331,380.715,-49.714999999999975
3800,3496.395,303.605
743,725.71,17.289999999999964
102,274.6,-172.60000000000002
162,168.375,-6.375
1085,1068.585,16.414999999999964
769,762.975,6.024999999999977
963,1019.585,-56.585000000000036
332,322.96,9.04000000000002
217,297.925,-80.92500000000001
859,927.975,-68.97500000000002
2474,2504.5,-30.5
1223,1192.75,30.25
358,393.525,-35.52499999999998
2793,2708.365,84.63500000000022
2585,2509.13,75.86999999999989
566,535.2,30.799999999999955
911,896.425,14.575000000000045
390,529.36,-139.36
285,284.135,0.8650000000000091
2095,2243.365,-148.36499999999978
270,272.495,-2.4950000000000045
411,423.265,-12.264999999999986
1152,1166.07,-14.069999999999936
410,402.855,7.144999999999982
3674,3667.595,6.4050000000002
303,303.81,-0.8100000000000023
1197,1186.16,10.839999999999918
753,763.91,-10.909999999999968
2718,2692.49,25.51000000000022
268,272.515,-4.514999999999986
100,350.83,-250.82999999999998
208,219.83,-11.830000000000013
1054,1075.08,-21.079999999999927
270,266.99,3.009999999999991
2403,2390.925,12.074999999999818
140,138.645,1.3549999999999898
1150,1373.48,-223.48000000000002
194,194.56,-0.5600000000000023
337,340.24,-3.240000000000009
849,886.44,-37.440000000000055
558,556.135,1.865000000000009
2537,2510.02,26.980000000000018
717,720.45,-3.4500000000000455
813,868.11,-55.110000000000014
2187,2270.145,-83.14499999999998
2487,2443.545,43.45499999999993
254,259.165,-5.1650000000000205
3458,3523.365,-65.36499999999978
170,170.24,-0.2400000000000091
691,664.355,26.644999999999982
212,202.4,9.599999999999994
2553,2596.41,-43.409999999999854
201,196.935,4.064999999999998
2333,2293.795,39.20499999999993
92,91.815,0.18500000000000227
775,764.815,10.184999999999945
750,741.99,8.009999999999991
1706,1918.965,-212.96499999999992
1002,1012.28,-10.279999999999973
2051,2044.365,6.634999999999991
1172,1130.47,41.52999999999997
835,835.255,-0.25499999999999545
716,721.2,-5.2000000000000455
97,94.49,2.510000000000005
542,566.435,-24.434999999999945
241,240.095,0.9050000000000011
404,402.775,1.2250000000000227
213,182.55,30.44999999999999
991,944.15,46.85000000000002
217,188.025,28.974999999999994
1075,1079.665,-4.664999999999964
305,279.65,25.350000000000023
286,266.82,19.180000000000007
300,283.445,16.555000000000007
940,933.505,6.4950000000000045
185,180.93,4.069999999999993
1161,1138.575,22.424999999999955
184,233.205,-49.20500000000001
2303,2323.78,-20.7800000000002
84,68.87,15.129999999999995
683,659.91,23.090000000000032
719,737.42,-18.41999999999996
135,142.335,-7.335000000000008
1972,1952.58,19.420000000000073
663,676.125,-13.125
99,91.145,7.855000000000004
391,390.11,0.8899999999999864
868,832.21,35.789999999999964
193,184.25,8.75
207,196.37,10.629999999999995
269,239.84,29.159999999999997
177,162.285,14.715000000000003
2279,2253.545,25.454999999999927
2441,2435.06,5.940000000000055
265,256.055,8.944999999999993
700,723.76,-23.75999999999999
509,528.9,-19.899999999999977
234,244.73,-10.72999999999999
1410,1272.955,137.04500000000007
3152,3212.905,-60.9050000000002
181,185.82,-4.819999999999993
984,986.05,-2.0499999999999545
661,649.615,11.384999999999991
102,93.425,8.575000000000003
379,378.665,0.33499999999997954
562,589.69,-27.690000000000055
94,116.21,-22.209999999999994
609,632.525,-23.524999999999977
473,468.59,4.410000000000025
744,776.35,-32.35000000000002
1901,1910.47,-9.470000000000027
2393,2391.79,1.2100000000000364
670,663.35,6.649999999999977
898,885.725,12.274999999999977
149,157.79,-8.789999999999992
235,231.11,3.8899999999999864
153,153.155,-0.15500000000000114
674,655.945,18.05499999999995
101,122.31,-21.310000000000002
159,155.275,3.7249999999999943
2729,2813.8,-84.80000000000018
217,217.56,-0.5600000000000023
1154,1124.93,29.069999999999936
182,180.375,1.625
504,551.61,-47.610000000000014
1147,1184.145,-37.14499999999998
197,182.435,14.564999999999998
1925,2075.235,-150.23500000000013
228,243.525,-15.525000000000006
2239,2217.195,21.804999999999836
76,68.6,7.400000000000006
812,854.905,-42.90499999999997
1857,1848.09,8.910000000000082
516,510.145,5.855000000000018
72,57.05,14.950000000000003
1038,966.145,71.85500000000002
676,641.18,34.82000000000005
2379,2366.685,12.315000000000055
160,164.385,-4.384999999999991
2219,2177.445,41.554999999999836
218,209.195,8.805000000000007
337,357.575,-20.57499999999999
212,198.88,13.120000000000005
664,656.995,7.0049999999999955
2348,2332.345,15.6550000000002
109,86.495,22.504999999999995
623,631.935,-8.934999999999945
1144,1123.66,20.339999999999918
209,203.61,5.389999999999986
699,708.49,-9.490000000000009
149,136.595,12.405000000000001
359,367.67,-8.670000000000016
60,66.645,-6.644999999999996
568,567.4,0.6000000000000227
204,197.1,6.900000000000006
835,809.89,25.110000000000014
1604,1583.16,20.839999999999918
447,423.49,23.50999999999999
141,139.035,1.9650000000000034
69,67.5425,1.457499999999996
149,130.735,18.264999999999986
619,623.22,-4.220000000000027
2190,2178.21,11.789999999999964
132,135.515,-3.5149999999999864
135,215.405,-80.405
39,45.99,-6.990000000000002
146,147.325,-1.3249999999999886
659,646.425,12.575000000000045
191,201.94,-10.939999999999998
1138,1120.585,17.414999999999964
583,587.81,-4.809999999999945
538,543.67,-5.669999999999959
957,958.08,-1.080000000000041
210,203.975,6.025000000000006
1256,1356.29,-100.28999999999996
1815,1821.635,-6.634999999999991
64,59.34625000000001,4.653749999999988
337,342.38,-5.3799999999999955
121,100.95,20.049999999999997
185,194.03,-9.030000000000001
586,593.5,-7.5
424,423.77,0.2300000000000182
771,777.015,-6.014999999999986
152,144.805,7.194999999999993
1988,2082.42,-94.42000000000007
54,49.235,4.765000000000001
473,483.76,-10.759999999999991
127,139.425,-12.425000000000011
2319,2307.17,11.829999999999927
192,201.35,-9.349999999999994
658,641.755,16.245000000000005
160,153.245,6.7549999999999955
1816,1693.42,122.57999999999993
1138,1115.305,22.694999999999936
182,175.79,6.210000000000008
513,516.82,-3.82000000000005
148,140.26,7.740000000000009
2298,2293.95,4.050000000000182
928,905.065,22.934999999999945
216,210.08,5.9199999999999875
1079,1044.96,34.039999999999964
447,428.76,18.24000000000001
1789,1782.685,6.315000000000055
567,566.72,0.2799999999999727
62,57.13,4.869999999999997
17,22.405,-5.405000000000001
501,513.61,-12.610000000000014
130,114.07,15.930000000000007
411,397.925,13.074999999999989
136,130.33,5.6699999999999875
119,117.57,1.4300000000000068
334,327.66,6.339999999999975
181,165.285,15.715000000000003
65,18.22,46.78
595,585.99,9.009999999999991
754,727.87,26.129999999999995
37,48.65,-11.649999999999999
187,163.9,23.099999999999994
2199,2159.595,39.4050000000002
651,642.15,8.850000000000023
914,881.88,32.120000000000005
2272,2277.015,-5.014999999999873
109,114.425,-5.424999999999997
2185,2168.655,16.3449999999998
224,219.92,4.0800000000000125
442,437.12,4.8799999999999955
173,168.18,4.819999999999993
546,550.175,-4.1749999999999545
64,51.94308333333334,12.056916666666659
135,136.76,-1.759999999999991
0,7.325,-7.325
1771,1754.27,16.730000000000018
581,575.46,5.539999999999964
942,962.46,-20.460000000000036
173,175.93,-2.930000000000007
131,129.75,1.25
139,146.785,-7.784999999999997
166,165.435,0.5649999999999977
323,330.405,-7.404999999999973
26,22.385,3.6149999999999984
401,398.865,2.134999999999991
1130,1116.685,13.315000000000055
32,32.49,-0.490000000000002
1662,1656.07,5.930000000000064
719,733.96,-14.960000000000036
411,426.55,-15.550000000000011
168,173.535,-5.534999999999997
505,496.26,8.740000000000009
318,320.545,-2.545000000000016
131,135.785,-4.784999999999997
178,166.15,11.849999999999994
424,434.58,-10.579999999999984
530,533.27,-3.269999999999982
465,496.51,-31.50999999999999
173,165.52,7.47999999999999
555,565.84,-10.840000000000032
1765,1742.51,22.49000000000001
113,104.9,8.099999999999994
336,334.805,1.1949999999999932
152,157.645,-5.64500000000001
173,167.21,5.789999999999992
1,15.24,-14.24
1520,1556.165,-36.164999999999964
2258,2258.835,-0.8350000000000364
651,639.02,11.980000000000018
131,136.0,-5.0
2188,2164.055,23.945000000000164
1131,1127.06,3.9400000000000546
126,136.675,-10.675000000000011
398,394.915,3.0849999999999795
65,55.86866666666668,9.131333333333323
802,872.615,-70.61500000000001
0,1.53,-1.53
884,883.075,0.9249999999999545
30,26.83,3.1700000000000017
227,223.2,3.8000000000000114
703,688.31,14.690000000000055
405,397.17,7.829999999999984
1440,1451.665,-11.664999999999964
36,24.155,11.844999999999999
591,537.26,53.74000000000001
305,313.915,-8.91500000000002
188,169.605,18.39500000000001
182,182.295,-0.2949999999999875
689,686.17,2.830000000000041
2192,2166.41,25.590000000000146
114,105.305,8.694999999999993
124,123.31,0.6899999999999977
68,56.58616666666668,11.413833333333322
166,167.83,-1.8300000000000125
455,421.605,33.39499999999998
234,220.455,13.544999999999987
1775,1740.94,34.059999999999945
939,875.22,63.77999999999997
523,523.645,-0.6449999999999818
735,750.46,-15.460000000000036
153,144.525,8.474999999999994
0,1.0,-1.0
451,440.43,10.569999999999993
1135,1134.005,0.9949999999998909
136,131.4,4.599999999999994
132,136.355,-4.35499999999999
2261,2252.01,8.989999999999782
654,639.155,14.845000000000027
276,275.99,0.009999999999990905
8,3.55,4.45
0,0.77,-0.77
105,105.9,-0.9000000000000057
2167,2171.1,-4.099999999999909
583,587.75,-4.75
150,164.02,-14.02000000000001
0,12.86,-12.86
133,140.42,-7.4199999999999875
449,439.29,9.70999999999998
210,235.45,-25.44999999999999
72,59.01158333333333,12.988416666666673
36,41.215,-5.215000000000003
438,468.295,-30.295000000000016
120,122.79,-2.7900000000000063
177,180.94,-3.9399999999999977
1768,1762.765,5.2349999999999
2256,2261.095,-5.0949999999998
914,1025.68,-111.68000000000006
650,656.15,-6.149999999999977
512,517.26,-5.259999999999991
658,675.66,-17.659999999999968
296,298.56,-2.5600000000000023
231,239.0,-8.0
175,194.93,-19.930000000000007
392,404.62,-12.620000000000005
662,683.325,-21.325000000000045
145,138.675,6.324999999999989
143,149.82,-6.819999999999993
1130,1137.3,-7.2999999999999545
1335,1446.67,-111.67000000000007
1126,1132.585,-6.585000000000036
208,170.395,37.60499999999999
151,154.005,-3.0049999999999955
646,655.275,-9.274999999999977
135,141.08,-6.0800000000000125
0,0.77,-0.77
1761,1755.99,5.009999999999991
130,139.895,-9.89500000000001
227,223.765,3.2350000000000136
293,285.115,7.884999999999991
174,178.95,-4.949999999999989
2253,2256.485,-3.4850000000001273
24,2.47,21.53
974,898.235,75.76499999999999
185,173.67,11.330000000000013
101,101.85,-0.8499999999999943
54,41.995,12.005000000000003
2145,2158.945,-13.945000000000164
395,396.32,-1.3199999999999932
640,654.58,-14.580000000000041
132,117.015,14.985
73,62.243249999999996,10.756750000000004
440,445.945,-5.944999999999993
134,135.175,-1.1750000000000114
672,613.6,58.39999999999998
603,580.665,22.335000000000036
452,436.765,15.235000000000014
505,513.87,-8.870000000000005
1327,1286.025,40.97499999999991
198,193.62,4.3799999999999955
225,227.155,-2.155000000000001
169,167.12,1.8799999999999955
518,512.685,5.315000000000055
1070,1040.385,29.61500000000001
54,32.99,21.009999999999998
0,0.7875,-0.7875
164,182.525,-18.525000000000006
1359,1356.905,2.0950000000000273
140,138.09,1.9099999999999966
199,220.72,-21.72
129,135.305,-6.305000000000007
482,465.685,16.314999999999998
1120,1131.58,-11.579999999999927
1756,1745.305,10.694999999999936
116,131.085,-15.085000000000008
301,290.965,10.035000000000025
69,78.565,-9.564999999999998
641,659.89,-18.889999999999986
2255,2258.47,-3.4699999999998
130,140.005,-10.004999999999995
464,448.955,15.045000000000016
634,637.685,-3.6849999999999454
387,398.64,-11.639999999999986
659,627.415,31.585000000000036
79,65.835,13.165000000000006
2119,2150.435,-31.434999999999945
717,672.57,44.42999999999995
95,104.35,-9.349999999999994
1152,1193.69,-41.690000000000055
141,143.995,-2.9950000000000045
136,115.375,20.625
1752,1738.245,13.75500000000011
211,226.405,-15.405000000000001
635,643.135,-8.134999999999991
653,637.67,15.330000000000041
812,773.475,38.52499999999998
517,533.69,-16.690000000000055
76,73.49,2.510000000000005
134,135.855,-1.8549999999999898
99,100.68,-1.6800000000000068
2116,2104.455,11.545000000000073
315,302.57,12.430000000000007
175,167.65,7.349999999999994
101,100.425,0.5750000000000028
96,98.705,-2.7049999999999983
390,393.77,-3.769999999999982
216,206.76,9.240000000000009
123,132.735,-9.735000000000014
505,512.295,-7.294999999999959
243,210.18,32.81999999999999
1112,1123.69,-11.690000000000055
196,180.305,15.694999999999993
2245,2263.005,-18.00500000000011
0,0.7875,-0.7875
1474,1432.61,41.3900000000001
473,490.38,-17.379999999999995
701,713.065,-12.065000000000055
0,10.549833333333332,-10.549833333333332
141,156.73,-15.72999999999999
191,190.51,0.4900000000000091
538,531.45,6.5499999999999545
232,246.91,-14.909999999999997
247,235.24,11.759999999999991
1334,1274.07,59.930000000000064
332,326.715,5.285000000000025
770,766.42,3.580000000000041
2253,2253.18,-0.1799999999998363
110,111.26,-1.2600000000000051
909,932.835,-23.835000000000036
161,148.195,12.805000000000007
2124,2131.625,-7.625
156,143.56,12.439999999999998
384,401.685,-17.685000000000002
203,207.885,-4.884999999999991
485,500.99,-15.990000000000009
688,709.13,-21.129999999999995
1597,1634.055,-37.055000000000064
151,142.76,8.240000000000009
283,292.665,-9.66500000000002
81,88.27,-7.269999999999996
535,537.715,-2.715000000000032
1769,1702.835,66.16499999999996
629,637.46,-8.460000000000036
117,136.775,-19.775000000000006
153,152.32,0.6800000000000068
1109,1118.34,-9.339999999999918
346,348.155,-2.1549999999999727
409,397.07,11.930000000000007
113,139.925,-26.92500000000001
273,283.815,-10.814999999999998
2250,2258.665,-8.664999999999964
523,507.145,15.855000000000018
1070,1049.305,20.694999999999936
195,204.955,-9.955000000000013
1818,1822.78,-4.779999999999973
2177,2155.505,21.49499999999989
269,281.615,-12.615000000000009
564,568.255,-4.2549999999999955
178,172.555,5.444999999999993
0,15.377749999999999,-15.377749999999999
220,199.015,20.985000000000014
225,218.595,6.405000000000001
190,178.895,11.10499999999999
1481,1563.515,-82.5150000000001
1107,1122.58,-15.579999999999927
78,106.185,-28.185000000000002
1826,1726.77,99.23000000000002
754,746.84,7.159999999999968
560,585.155,-25.154999999999973
147,126.76,20.239999999999995
162,158.395,3.6049999999999898
628,628.525,-0.5249999999999773
352,345.43,6.569999999999993
829,885.9,-56.89999999999998
201,208.53,-7.530000000000001
2253,2253.785,-0.7849999999998545
88,102.445,-14.444999999999993
815,820.805,-5.80499999999995
2203,2219.075,-16.074999999999818
201,204.965,-3.9650000000000034
1842,1874.615,-32.61500000000001
612,611.13,0.8700000000000045
545,567.75,-22.75
1228,1294.815,-66.81500000000005
1099,1116.365,-17.36500000000001
2034,2072.375,-38.375
168,174.715,-6.715000000000003
247,258.655,-11.654999999999973
440,417.81,22.189999999999998
160,169.585,-9.585000000000008
624,637.575,-13.575000000000045
248,255.07,-7.069999999999993
419,424.305,-5.305000000000007
210,229.325,-19.32499999999999
938,941.41,-3.409999999999968
110,131.355,-21.35499999999999
9,15.377749999999999,-6.377749999999999
1684,1701.645,-17.644999999999982
326,317.37,8.629999999999995
581,598.2,-17.200000000000045
298,306.145,-8.144999999999982
362,357.98,4.019999999999982
264,258.87,5.1299999999999955
234,222.42,11.580000000000013
428,437.97,-9.970000000000027
257,244.4,12.599999999999994
1734,2553.41,-819.4099999999999
1561,1544.27,16.730000000000018
2984,3152.55,-168.55000000000018
1367,1371.86,-4.8599999999999
419,417.86,1.1399999999999864
262,306.325,-44.32499999999999
2866,2394.42,471.5799999999999
275,240.285,34.715
944,1020.55,-76.54999999999995
519,501.09,17.910000000000025
2484,2557.96,-73.96000000000004
617,592.67,24.33000000000004
98,400.175,-302.175
560,537.05,22.950000000000045
774,735.595,38.40499999999997
1042,1026.775,15.224999999999909
967,797.785,169.21500000000003
321,428.44,-107.44
592,607.525,-15.524999999999977
3971,3584.685,386.31500000000005
173,182.14,-9.139999999999986
423,435.79,-12.79000000000002
1803,2663.355,-860.355
1125,790.185,334.81500000000005
1036,1026.825,9.174999999999955
252,254.925,-2.9250000000000114
423,423.935,-0.9350000000000023
511,500.625,10.375
321,305.75,15.25
1793,2653.68,-860.6799999999998
252,244.07,7.930000000000007
1349,1343.915,5.085000000000036
1730,2655.82,-925.8200000000002
3878,3897.155,-19.1550000000002
172,183.19,-11.189999999999998
421,401.985,19.014999999999986
1540,1537.265,2.7349999999999
100,262.525,-162.52499999999998
2781,2783.525,-2.525000000000091
551,566.49,-15.490000000000009
586,594.795,-8.794999999999959
928,933.145,-5.144999999999982
2466,2441.495,24.50500000000011
746,761.46,-15.460000000000036
924,943.57,-19.57000000000005
263,268.305,-5.305000000000007
414,411.6,2.3999999999999773
600,566.89,33.110000000000014
2940,3004.475,-64.47499999999991
1111,1107.52,3.480000000000018
323,316.945,6.055000000000007
247,252.765,-5.764999999999986
241,249.795,-8.794999999999987
1482,1511.195,-29.194999999999936
576,573.34,2.659999999999968
2848,2856.28,-8.2800000000002
171,152.46,18.539999999999992
219,235.06,-16.060000000000002
2417,2401.77,15.230000000000018
102,90.975,11.025000000000006
488,499.08,-11.079999999999984
1016,1069.91,-53.91000000000008
1760,1637.37,122.63000000000011
3486,3689.08,-203.07999999999993
687,714.98,-27.980000000000018
870,886.97,-16.970000000000027
994,1005.175,-11.174999999999955
2434,2683.28,-249.2800000000002
401,410.72,-9.720000000000027
404,412.39,-8.389999999999986
405,402.02,2.980000000000018
1271,1339.595,-68.59500000000003
1704,1528.95,175.04999999999995
570,577.57,-7.57000000000005
526,550.84,-24.840000000000032
731,865.65,-134.64999999999998
318,315.45,2.5500000000000114
2361,2356.415,4.585000000000036
382,384.16,-2.160000000000025
105,86.095,18.905
521,546.67,-25.66999999999996
404,392.71,11.29000000000002
462,459.545,2.454999999999984
625,631.135,-6.134999999999991
1684,1678.11,5.8900000000001
1708,1730.03,-22.029999999999973
3030,3166.915,-136.91499999999996
802,814.935,-12.934999999999945
495,492.13,2.8700000000000045
246,238.24,7.759999999999991
956,949.61,6.389999999999986
219,220.9,-1.9000000000000057
2013,2023.405,-10.404999999999973
894,906.5,-12.5
1418,1419.74,-1.740000000000009
169,170.735,-1.7350000000000136
2726,2745.74,-19.73999999999978
494,589.235,-95.23500000000001
167,187.34,-20.340000000000003
389,388.64,0.36000000000001364
573,559.66,13.340000000000032
1184,1191.795,-7.795000000000073
448,437.515,10.485000000000014
1339,1351.485,-12.4849999999999
2301,2288.715,12.284999999999854
2579,2612.695,-33.695000000000164
252,236.965,15.034999999999997
462,468.675,-6.675000000000011
1652,1694.58,-42.57999999999993
1090,1094.405,-4.404999999999973
2581,2604.13,-23.13000000000011
749,789.245,-40.245000000000005
316,308.81,7.189999999999998
394,391.835,2.1650000000000205
891,905.075,-14.075000000000045
197,199.43,-2.430000000000007
111,131.34,-20.340000000000003
1600,1699.105,-99.10500000000002
292,284.765,7.235000000000014
563,565.675,-2.6749999999999545
1675,1696.76,-21.75999999999999
169,165.825,3.1750000000000114
448,467.29,-19.29000000000002
360,379.77,-19.769999999999982
723,743.86,-20.860000000000014
110,86.19,23.810000000000002
367,358.11,8.889999999999986
559,584.61,-25.610000000000014
2188,2225.95,-37.94999999999982
406,415.395,-9.394999999999982
1638,1708.56,-70.55999999999995
1040,989.06,50.940000000000055
688,649.085,38.914999999999964
164,178.005,-14.004999999999995
149,143.98,5.02000000000001
250,257.22,-7.220000000000027
536,551.915,-15.914999999999964
341,333.945,7.055000000000007
1658,1705.445,-47.444999999999936
167,168.485,-1.4850000000000136
1245,1283.95,-38.950000000000045
116,90.485,25.515
352,350.26,1.740000000000009
97,78.16,18.840000000000003
495,496.725,-1.7250000000000227
390,419.885,-29.88499999999999
2258,2248.28,9.7199999999998
324,309.25,14.75
412,426.29,-14.29000000000002
2431,2468.655,-37.6550000000002
369,380.62,-11.620000000000005
837,797.285,39.71500000000003
601,634.14,-33.139999999999986
1249,1295.515,-46.5150000000001
1027,978.075,48.924999999999955
508,516.875,-8.875
489,459.705,29.295000000000016
1619,1671.375,-52.375
674,635.605,38.39499999999998
362,371.805,-9.805000000000007
69,37.58,31.42
460,439.705,20.295000000000016
341,352.76,-11.759999999999991
78,79.21,-1.2099999999999937
167,160.035,6.965000000000003
120,106.805,13.194999999999993
1189,1192.38,-3.380000000000109
252,242.74,9.259999999999991
344,323.44,20.560000000000002
1018,1020.035,-2.034999999999968
144,145.905,-1.9050000000000011
2214,2216.125,-2.125
395,394.7,0.30000000000001137
353,341.82,11.180000000000007
2334,2251.555,82.44500000000016
794,766.07,27.92999999999995
347,346.245,0.7549999999999955
1661,1720.03,-59.02999999999997
1967,1875.61,91.3900000000001
325,323.64,1.3600000000000136
69,66.395,2.605000000000004
421,425.365,-4.365000000000009
129,111.785,17.215000000000003
500,481.92,18.079999999999984
1133,1136.16,-3.160000000000082
17,24.84,-7.84
399,397.17,1.829999999999984
334,343.63,-9.629999999999995
2245,2235.42,9.579999999999927
837,886.755,-49.754999999999995
1610,1594.985,15.0150000000001
169,160.03,8.969999999999999
331,322.945,8.055000000000007
980,981.35,-1.3500000000000227
1635,1716.905,-81.90499999999997
771,739.845,31.154999999999973
646,651.815,-5.815000000000055
130,120.34,9.659999999999997
301,284.39,16.610000000000014
245,252.915,-7.914999999999992
332,327.1,4.899999999999977
314,324.855,-10.855000000000018
1748,1718.24,29.75999999999999
331,319.58,11.420000000000016
362,378.89,-16.889999999999986
2189,2187.785,1.2150000000001455
127,123.72,3.280000000000001
341,337.55,3.4499999999999886
167,169.59,-2.5900000000000034
317,312.46,4.5400000000000205
2153,2159.13,-6.130000000000109
43,54.275,-11.274999999999999
0,10.89,-10.89
273,269.03,3.9700000000000273
284,264.065,19.935000000000002
314,316.63,-2.6299999999999955
316,317.365,-1.365000000000009
106,115.66,-9.659999999999997
1601,1666.565,-65.56500000000005
904,938.825,-34.825000000000045
481,481.77,-0.7699999999999818
325,319.63,5.3700000000000045
1526,1552.65,-26.65000000000009
228,239.77,-11.77000000000001
2130,2158.57,-28.570000000000164
281,300.705,-19.704999999999984
384,392.35,-8.350000000000023
587,611.905,-24.904999999999973
1061,1102.67,-41.67000000000007
1584,1589.16,-5.160000000000082
665,682.245,-17.245000000000005
720,748.66,-28.659999999999968
169,159.6,9.400000000000006
1333,1362.67,-29.670000000000073
1545,1578.635,-33.63499999999999
310,300.515,9.485000000000014
515,516.715,-1.7150000000000318
240,242.81,-2.8100000000000023
2083,2072.315,10.684999999999945
297,299.805,-2.805000000000007
355,363.335,-8.33499999999998
2072,2097.725,-25.72499999999991
4,30.33,-26.33
479,471.185,7.814999999999998
214,214.73,-0.7299999999999898
0,0.2366666666666667,-0.2366666666666667
683,672.22,10.779999999999973
330,316.795,13.204999999999984
160,199.655,-39.655
88,87.035,0.9650000000000034
525,550.135,-25.13499999999999
822,808.495,13.504999999999995
132,118.12,13.879999999999995
994,978.93,15.07000000000005
276,255.305,20.694999999999993
307,305.88,1.1200000000000045
311,316.035,-5.035000000000025
1567,1574.54,-7.539999999999964
741,759.93,-18.92999999999995
275,277.035,-2.035000000000025
1518,1561.335,-43.335000000000036
224,213.425,10.574999999999989
289,296.38,-7.3799999999999955
349,444.78,-95.77999999999997
244,273.615,-29.61500000000001
466,496.21,-30.20999999999998
295,300.355,-5.355000000000018
54,68.275,-14.275000000000006
187,204.78,-17.78
2015,2047.745,-32.74499999999989
647,651.855,-4.855000000000018
327,319.42,7.579999999999984
0,0.21583333333333332,-0.21583333333333332
132,137.11,-5.110000000000014
36,92.0,-56.0
1100,1232.46,-132.46000000000004
0,2.195,-2.195
463,478.125,-15.125
914,932.795,-18.79499999999996
314,335.905,-21.904999999999973
168,169.765,-1.7649999999999864
267,287.96,-20.95999999999998
1531,1542.99,-11.990000000000009
1972,2056.335,-84.33500000000004
674,681.675,-7.6749999999999545
165,164.63,0.37000000000000455
274,274.535,-0.535000000000025
0,0.3278333333333333,-0.3278333333333333
18,42.24,-24.240000000000002
255,245.18,9.819999999999993
0,25.87,-25.87
1471,1496.62,-25.61999999999989
639,621.55,17.450000000000045
894,828.14,65.86000000000001
134,137.755,-3.7549999999999955
287,285.05,1.9499999999999886
161,171.35,-10.349999999999994
295,282.14,12.860000000000014
324,320.055,3.944999999999993
0,0.09,-0.09
1526,1522.94,3.0599999999999454
452,458.06,-6.060000000000002
420,429.12,-9.120000000000005
1973,1984.135,-11.134999999999991
231,227.6,3.4000000000000057
295,254.25,40.75
984,1017.545,-33.54499999999996
254,253.515,0.48500000000001364
199,211.7,-12.699999999999989
1936,1920.605,15.394999999999982
419,439.315,-20.314999999999998
1402,1518.635,-116.63499999999999
589,631.355,-42.35500000000002
838,895.665,-57.664999999999964
1916,1977.51,-61.50999999999999
262,285.285,-23.285000000000025
259,267.115,-8.115000000000009
249,259.57,-10.569999999999993
131,137.91,-6.909999999999997
1846,1924.295,-78.29500000000007
160,177.12,-17.120000000000005
361,396.445,-35.44499999999999
4,3.89,0.10999999999999988
0,0.9491666666666667,-0.9491666666666667
261,280.545,-19.545000000000016
0,0.8183333333333332,-0.8183333333333332
578,625.295,-47.29499999999996
217,251.165,-34.16499999999999
852,915.34,-63.34000000000003
247,262.845,-15.845000000000027
323,324.565,-1.5649999999999977
158,166.76,-8.759999999999991
209,226.43,-17.430000000000007
1526,1543.045,-17.045000000000073
129,145.885,-16.88499999999999
0,0.41,-0.41
0,0.12,-0.12
243,265.575,-22.57499999999999
5,5.805,-0.8049999999999997
0,0.3383333333333334,-0.3383333333333334
189,187.555,1.4449999999999932
241,247.195,-6.194999999999993
123,132.325,-9.324999999999989
137,138.755,-1.7549999999999955
2,0.9491666666666667,1.0508333333333333
235,234.775,0.22499999999999432
235,253.855,-18.85499999999999
393,406.23,-13.230000000000018
775,824.485,-49.485000000000014
1773,1854.575,-81.57500000000005
176,204.725,-28.724999999999994
158,154.16,3.8400000000000034
315,325.4,-10.399999999999977
515,539.855,-24.855000000000018
1526,1547.95,-21.950000000000045
1859,1910.12,-51.11999999999989
566,578.88,-12.879999999999995
245,263.265,-18.264999999999986
807,812.835,-5.835000000000036
326,392.45,-66.44999999999999
1351,1431.1,-80.09999999999991
106,114.535,-8.534999999999997
225,214.265,10.735000000000014
323,305.7,17.30000000000001
1711,1789.505,-78.50500000000011
385,383.09,1.910000000000025
238,223.79,14.210000000000008
491,511.715,-20.714999999999975
743,761.2,-18.200000000000045
0,6.005833333333333,-6.005833333333333
521,572.75,-51.75
0,1.7314166666666666,-1.7314166666666666
168,185.64,-17.639999999999986
155,180.97,-25.97
101,100.71,0.29000000000000625
119,135.26,-16.25999999999999
134,135.81,-1.8100000000000023
160,159.485,0.5149999999999864
767,808.26,-41.25999999999999
1845,1841.985,3.0150000000001
237,250.515,-13.514999999999986
7,11.915,-4.914999999999999
0,8.450750000000001,-8.450750000000001
1325,1372.335,-47.335000000000036
312,314.305,-2.305000000000007
236,263.19,-27.189999999999998
246,244.29,1.710000000000008
1525,1581.695,-56.694999999999936
254,254.13,-0.12999999999999545
110,127.21,-17.209999999999994
774,765.885,8.115000000000009
143,154.74,-11.740000000000009
0,1.7314166666666666,-1.7314166666666666
159,162.445,-3.444999999999993
520,519.675,0.3250000000000455
1846,1854.91,-8.910000000000082
382,384.34,-2.339999999999975
102,98.44,3.5600000000000023
8,8.450750000000001,-0.4507500000000011
324,320.905,3.0950000000000273
268,250.93,17.069999999999993
3,4.846083333333333,-1.8460833333333326
1750,1755.435,-5.434999999999945
345,311.555,33.44499999999999
162,145.195,16.805000000000007
257,246.705,10.294999999999987
151,155.57,-4.569999999999993
1528,1577.23,-49.23000000000002
1301,1355.565,-54.565000000000055
748,742.685,5.315000000000055
467,494.415,-27.41500000000002
17,15.54,1.4600000000000009
235,235.175,-0.17500000000001137
223,224.17,-1.1699999999999875
160,161.46,-1.460000000000008
284,331.095,-47.09500000000003
367,382.405,-15.404999999999973
122,136.265,-14.264999999999986
15,29.625,-14.625
13,33.99333333333333,-20.993333333333332
271,295.94,-24.939999999999998
735,773.865,-38.86500000000001
201,163.35,37.650000000000006
0,9.351666666666667,-9.351666666666667
1268,1331.565,-63.565000000000055
1817,1861.76,-44.75999999999999
0,1.7314166666666666,-1.7314166666666666
392,357.605,34.39499999999998
239,236.975,2.0250000000000057
1526,1583.775,-57.77500000000009
90,102.83,-12.829999999999998
108,113.71,-5.709999999999994
276,270.095,5.904999999999973
1882,1804.33,77.67000000000007
314,333.155,-19.154999999999973
532,522.74,9.259999999999991
207,225.395,-18.39500000000001
808,797.535,10.465000000000032
436,466.88,-30.879999999999995
198,187.835,10.164999999999992
101,114.98,-13.980000000000004
157,163.055,-6.055000000000007
1998,1999.925,-1.9249999999999545
404,430.45,-26.44999999999999
230,253.99,-23.99000000000001
334,303.995,30.004999999999995
53,69.255,-16.254999999999995
221,230.335,-9.335000000000008
35,38.125,-3.125
321,311.455,9.545000000000016
882,884.53,-2.5299999999999727
194,202.9,-8.900000000000006
351,374.415,-23.41500000000002
1269,1336.12,-67.11999999999989
258,245.405,12.594999999999999
0,1.6664761904761907,-1.6664761904761907
99,93.485,5.515000000000001
457,439.18,17.819999999999993
385,316.2,68.80000000000001
343,323.54,19.45999999999998
1527,1581.84,-54.83999999999992
561,550.325,10.674999999999955
856,772.165,83.83500000000004
1811,1830.85,-19.84999999999991
0,6.5023928571428575,-6.5023928571428575
114,134.86,-20.860000000000014
344,448.78,-104.77999999999997
493,464.11,28.889999999999986
982,870.98,111.01999999999998
573,538.675,34.325000000000045
1789,1960.37,-171.3699999999999
981,796.235,184.765
430,307.015,122.98500000000001
1582,1442.385,139.615
3045,3187.44,-142.44000000000005
1404,756.46,647.54
101,322.325,-221.325
1047,863.92,183.08000000000004
172,174.765,-2.7649999999999864
1782,2166.02,-384.02
387,413.95,-26.94999999999999
535,416.43,118.57
310,216.855,93.14500000000001
559,515.12,43.879999999999995
627,599.585,27.414999999999964
294,267.22,26.779999999999973
4096,1747.45,2348.55
423,408.72,14.279999999999973
2933,809.005,2123.995
1130,919.135,210.865
241,310.89,-69.88999999999999
2485,2514.46,-29.460000000000036
821,592.56,228.44000000000005
312,291.9,20.100000000000023
429,421.965,7.035000000000025
981,970.325,10.674999999999955
1045,1034.82,10.180000000000064
2528,2444.5,83.5
1126,1109.37,16.63000000000011
816,818.145,-2.144999999999982
1581,1557.805,23.194999999999936
2924,2921.03,2.9699999999998
1778,2705.555,-927.5549999999998
573,573.92,-0.9199999999999591
195,191.645,3.3549999999999898
536,528.575,7.4249999999999545
3042,3032.18,9.820000000000164
291,290.295,0.7049999999999841
1407,1395.09,11.910000000000082
426,389.295,36.704999999999984
626,593.69,32.309999999999945
1795,2695.055,-900.0549999999998
408,362.63,45.370000000000005
491,485.295,5.704999999999984
102,322.545,-220.54500000000002
237,221.26,15.740000000000009
4094,4083.86,10.139999999999873
603,557.17,45.83000000000004
982,976.9,5.100000000000023
1044,1026.25,17.75
1125,1103.37,21.63000000000011
310,293.155,16.845000000000027
970,968.58,1.419999999999959
2877,2880.675,-3.675000000000182
427,410.52,16.480000000000018
533,526.68,6.32000000000005
4045,4054.225,-9.224999999999909
782,799.635,-17.63499999999999
1574,1539.455,34.54500000000007
624,590.105,33.89499999999998
2517,2536.115,-19.11499999999978
1398,1385.22,12.779999999999973
286,291.635,-5.634999999999991
3029,2939.415,89.58500000000004
487,486.49,0.5099999999999909
407,407.67,-0.6700000000000159
103,385.23,-282.23
1771,2670.39,-899.3899999999999
571,583.33,-12.330000000000041
1794,2667.46,-873.46
194,193.765,0.23500000000001364
601,599.99,1.009999999999991
230,205.065,24.935000000000002
971,961.465,9.534999999999968
482,489.215,-7.214999999999975
1755,1747.005,7.994999999999891
1793,1794.4,-1.400000000000091
761,766.375,-5.375
590,594.52,-4.519999999999982
2820,2745.075,74.92500000000018
614,601.425,12.575000000000045
193,192.84,0.1599999999999966
1530,1543.77,-13.769999999999982
283,274.905,8.095000000000027
534,526.34,7.659999999999968
1110,1100.975,9.025000000000091
2968,2916.67,51.32999999999993
2488,2484.585,3.4149999999999636
996,1016.68,-20.67999999999995
569,566.065,2.9349999999999454
3985,3880.04,104.96000000000004
104,86.46,17.540000000000006
951,940.18,10.82000000000005
214,186.835,27.164999999999992
397,409.555,-12.555000000000007
309,303.305,5.694999999999993
949,958.755,-9.754999999999995
428,421.795,6.204999999999984
1379,1354.12,24.88000000000011
309,304.05,4.949999999999989
1329,1318.845,10.154999999999973
172,185.42,-13.419999999999987
478,478.525,-0.5249999999999773
420,422.22,-2.2200000000000273
909,925.05,-16.049999999999955
1713,1735.675,-22.674999999999955
2444,2460.16,-16.159999999999854
427,423.95,3.0500000000000114
735,729.045,5.955000000000041
1058,1076.98,-18.980000000000018
592,583.01,8.990000000000009
2669,2660.275,8.724999999999909
3826,3873.22,-47.2199999999998
392,385.17,6.829999999999984
524,527.47,-3.4700000000000273
971,950.945,20.05499999999995
1495,1487.675,7.3250000000000455
587,583.765,3.2350000000000136
350,266.215,83.78500000000003
559,563.57,-4.57000000000005
278,279.01,-1.009999999999991
876,917.97,-41.97000000000003
2915,2892.485,22.514999999999873
109,86.17,22.83
195,191.525,3.4749999999999943
1786,1794.475,-8.474999999999909
354,335.37,18.629999999999995
643,745.22,-102.22000000000003
498,514.83,-16.83000000000004
3357,3619.145,-262.145
533,548.515,-15.514999999999986
903,984.295,-81.29499999999996
950,932.68,17.32000000000005
2363,2384.7,-21.699999999999818
1659,1694.555,-35.555000000000064
832,858.78,-26.779999999999973
2816,2852.9,-36.90000000000009
111,90.83,20.17
371,381.22,-10.220000000000027
409,419.96,-10.95999999999998
399,404.825,-5.824999999999989
305,302.445,2.555000000000007
1448,1445.28,2.7200000000000273
1760,1790.055,-30.055000000000064
481,478.755,2.2450000000000045
2244,2523.4,-279.4000000000001
532,572.42,-40.41999999999996
698,705.97,-7.970000000000027
565,576.595,-11.595000000000027
118,143.22,-25.22
1231,1266.925,-35.924999999999955
194,194.16,-0.1599999999999966
260,268.015,-8.014999999999986
195,192.395,2.6049999999999898
640,788.99,-148.99
327,358.56,-31.560000000000002
433,484.26,-51.25999999999999
357,350.595,6.404999999999973
116,101.625,14.375
228,244.015,-16.014999999999986
1569,1991.695,-422.69499999999994
714,765.35,-51.35000000000002
500,483.695,16.305000000000007
2705,2717.075,-12.074999999999818
1582,1642.1,-60.09999999999991
41,89.365,-48.364999999999995
374,380.945,-6.944999999999993
375,395.665,-20.66500000000002
1728,1724.21,3.7899999999999636
1088,1165.285,-77.28500000000008
477,479.17,-2.170000000000016
2616,3140.13,-524.1300000000001
295,468.01,-173.01
938,923.67,14.330000000000041
522,554.695,-32.69500000000005
488,498.725,-10.725000000000023
298,298.88,-0.8799999999999955
634,670.105,-36.10500000000002
2236,2309.015,-73.01499999999987
1415,1408.29,6.710000000000036
511,499.815,11.185000000000002
1542,1570.03,-28.029999999999973
2211,2108.57,102.42999999999984
872,906.335,-34.335000000000036
2025,2270.905,-245.9050000000002
571,597.83,-26.83000000000004
432,476.875,-44.875
2544,2613.47,-69.4699999999998
329,309.255,19.745000000000005
122,106.985,15.015
4,141.27,-137.27
442,457.305,-15.305000000000007
453,458.9,-5.899999999999977
524,492.615,31.38499999999999
195,193.36,1.6399999999999864
347,336.66,10.339999999999975
1019,987.66,31.340000000000032
364,359.195,4.805000000000007
1325,1376.26,-51.25999999999999
1725,1695.075,29.924999999999955
213,198.655,14.344999999999999
661,630.63,30.370000000000005
1,11.46,-10.46
358,359.99,-1.990000000000009
349,349.265,-0.26499999999998636
1007,1226.93,-219.93000000000006
311,289.43,21.569999999999993
514,527.49,-13.490000000000009
1525,1526.795,-1.7950000000000728
2403,2382.415,20.585000000000036
412,406.685,5.314999999999998
285,283.66,1.339999999999975
0,1.82,-1.82
2,7.19,-5.19
2191,2157.7,33.30000000000018
959,951.195,7.80499999999995
199,283.28,-84.27999999999997
1674,1674.365,-0.3650000000000091
699,877.19,-178.19000000000005
822,825.235,-3.2350000000000136
408,435.71,-27.70999999999998
128,112.765,15.235
325,319.575,5.425000000000011
1708,1704.955,3.0450000000000728
498,526.27,-28.269999999999982
323,314.92,8.079999999999984
310,317.01,-7.009999999999991
1230,1252.175,-22.174999999999955
522,510.65,11.350000000000023
342,347.105,-5.105000000000018
372,365.27,6.730000000000018
197,194.3,2.6999999999999886
617,601.855,15.144999999999982
185,197.285,-12.284999999999997
375,365.83,9.170000000000016
1647,1684.855,-37.85500000000002
0,1.6580000000000001,-1.6580000000000001
374,377.22,-3.2200000000000273
525,502.495,22.504999999999995
136,121.175,14.825000000000003
384,383.235,0.7649999999999864
28,28.105,-0.10500000000000043
1378,1307.41,70.58999999999992
746,766.64,-20.639999999999986
307,322.16,-15.160000000000025
2253,2267.945,-14.945000000000164
2168,2167.3,0.6999999999998181
164,165.025,-1.0250000000000057
239,233.63,5.3700000000000045
557,583.83,-26.83000000000004
328,318.475,9.524999999999977
197,197.925,-0.9250000000000114
0,0.26,-0.26
284,306.66,-22.660000000000025
472,435.69,36.31
1120,1175.67,-55.67000000000007
1525,1501.96,23.039999999999964
864,900.73,-36.73000000000002
515,516.245,-1.2450000000000045
289,298.49,-9.490000000000009
498,584.135,-86.13499999999999
380,373.105,6.894999999999982
357,348.35,8.649999999999977
514,516.03,-2.0299999999999727
2169,2040.375,128.625
197,197.805,-0.8050000000000068
256,282.945,-26.944999999999993
1581,1619.575,-38.575000000000045
0,0.85,-0.85
269,262.245,6.7549999999999955
315,322.37,-7.3700000000000045
362,364.985,-2.9850000000000136
1068,1049.275,18.72499999999991
207,204.305,2.694999999999993
253,277.34,-24.339999999999975
2,1.1091666666666666,0.8908333333333334
1526,1505.185,20.815000000000055
141,143.71,-2.710000000000008
763,796.25,-33.25
1239,1172.105,66.89499999999998
512,506.85,5.149999999999977
145,149.93,-4.930000000000007
462,439.96,22.04000000000002
711,683.31,27.690000000000055
507,546.22,-39.22000000000003
0,4.725,-4.725
461,425.25,35.75
2141,2142.83,-1.8299999999999272
376,375.015,0.9850000000000136
250,257.47,-7.470000000000027
473,480.205,-7.204999999999984
489,498.48,-9.480000000000018
2073,2073.675,-0.6750000000001819
2099,2130.855,-31.855000000000018
194,198.22,-4.219999999999999
515,517.52,-2.519999999999982
1,0.34,0.6599999999999999
238,219.245,18.754999999999995
1526,1518.555,7.444999999999936
1517,1559.83,-42.82999999999993
211,226.2,-15.199999999999989
319,343.96,-24.95999999999998
0,0.075,-0.075
1130,1214.76,-84.75999999999999
999,979.385,19.61500000000001
684,685.595,-1.5950000000000273
183,189.79,-6.789999999999992
429,455.98,-26.980000000000018
144,146.585,-2.585000000000008
1,1.633,-0.633
431,429.63,1.3700000000000045
673,665.7,7.2999999999999545
295,304.425,-9.425000000000011
119,129.81,-10.810000000000002
326,345.535,-19.535000000000025
520,518.205,1.794999999999959
192,194.025,-2.0250000000000057
167,178.57,-11.569999999999993
311,308.575,2.4250000000000114
1461,1495.42,-34.42000000000007
1,2.813333333333333,-1.813333333333333
258,278.165,-20.16500000000002
268,289.655,-21.654999999999973
169,180.77,-11.77000000000001
954,946.805,7.19500000000005
1037,1101.005,-64.00500000000011
2048,2079.105,-31.105000000000018
0,7.905,-7.905
220,225.17,-5.1699999999999875
1526,1546.46,-20.460000000000036
412,485.305,-73.305
443,450.645,-7.644999999999982
238,240.69,-2.6899999999999977
450,474.745,-24.745000000000005
643,659.83,-16.83000000000004
415,426.015,-11.014999999999986
144,152.26,-8.259999999999991
2019,2053.785,-34.784999999999854
610,617.89,-7.889999999999986
105,115.195,-10.194999999999993
0,0.10083333333333332,-0.10083333333333332
380,377.77,2.230000000000018
430,424.655,5.345000000000027
945,939.14,5.860000000000014
135,151.83,-16.830000000000013
90,105.5,-15.5
267,244.95,22.05000000000001
1419,1505.625,-86.625
152,169.71,-17.710000000000008
0,1.305,-1.305
0,1.8225,-1.8225
1526,1546.195,-20.194999999999936
187,193.66,-6.659999999999997
0,0.10083333333333332,-0.10083333333333332
426,432.635,-6.634999999999991
234,227.88,6.1200000000000045
1999,2018.355,-19.355000000000018
523,526.51,-3.509999999999991
555,591.76,-36.75999999999999
129,137.57,-8.569999999999993
2024,2017.64,6.3599999999999
396,415.59,-19.589999999999975
207,208.105,-1.1049999999999898
628,631.02,-3.019999999999982
317,304.675,12.324999999999989
243,245.17,-2.1699999999999875
399,409.775,-10.774999999999977
966,1080.305,-114.30500000000006
234,232.885,1.115000000000009
185,187.275,-2.2750000000000057
378,378.645,-0.6449999999999818
548,559.415,-11.414999999999964
604,616.79,-12.789999999999964
236,232.87,3.1299999999999955
67,98.54,-31.540000000000006
135,141.665,-6.664999999999992
2,1.23,0.77
338,326.96,11.04000000000002
3,0.65,2.35
404,405.955,-1.954999999999984
942,952.37,-10.370000000000005
972,1074.41,-102.41000000000008
171,164.565,6.435000000000002
1413,1471.21,-58.210000000000036
274,266.895,7.105000000000018
206,204.95,1.0500000000000114
527,526.94,0.05999999999994543
2018,2018.525,-0.525000000000091
409,420.375,-11.375
120,117.045,2.9549999999999983
428,425.72,2.2799999999999727
421,426.9,-5.899999999999977
2018,1985.625,32.375
0,0.10083333333333332,-0.10083333333333332
1526,1546.195,-20.194999999999936
655,599.35,55.64999999999998
2002,2037.975,-35.97499999999991
531,527.185,3.8150000000000546
1013,960.42,52.58000000000004
204,200.81,3.1899999999999977
135,145.64,-10.639999999999986
30,11.176833333333335,18.823166666666665
1442,1457.05,-15.049999999999955
595,573.575,21.424999999999955
0,6.02175,-6.02175
1112,1174.3,-62.299999999999955
358,354.225,3.7749999999999773
456,445.275,10.725000000000023
139,132.47,6.530000000000001
284,286.9,-2.8999999999999773
1526,1581.415,-55.414999999999964
212,235.79,-23.789999999999992
433,419.125,13.875
2128,2059.025,68.97499999999991
247,239.435,7.564999999999998
183,187.025,-4.025000000000006
84,78.35,5.650000000000006
395,417.72,-22.720000000000027
380,382.105,-2.105000000000018
502,452.11,49.889999999999986
224,213.245,10.754999999999995
39,15.894666666666668,23.105333333333334
536,529.675,6.3250000000000455
159,157.39,1.6100000000000136
476,474.03,1.9700000000000273
0,6.954249999999999,-6.954249999999999
1389,1492.915,-103.91499999999996
250,254.995,-4.9950000000000045
2374,2205.36,168.63999999999987
396,389.135,6.865000000000009
732,607.24,124.75999999999999
189,208.945,-19.944999999999993
82,73.935,8.064999999999998
180,183.39,-3.3899999999999864
174,79.995,94.005
106,105.03,0.9699999999999989
462,381.56,80.44
131,150.205,-19.205000000000013
1993,1988.775,4.224999999999909
369,385.895,-16.894999999999982
1103,1170.44,-67.44000000000005
656,644.495,11.504999999999995
330,293.56,36.44
272,268.02,3.980000000000018
1465,1501.135,-36.13499999999999
1540,1581.45,-41.450000000000045
497,495.145,1.8550000000000182
248,238.98,9.02000000000001
707,695.165,11.835000000000036
746,725.91,20.090000000000032
532,510.225,21.774999999999977
312,327.435,-15.435000000000002
480,472.0,8.0
1563,1596.21,-33.210000000000036
271,268.03,2.9700000000000273
336,314.985,21.014999999999986
204,187.095,16.905
2525,2451.365,73.63500000000022
175,177.555,-2.555000000000007
178,194.295,-16.294999999999987
22,6.954249999999999,15.045750000000002
1072,1195.855,-123.85500000000002
132,145.59,-13.590000000000003
1194,1286.52,-92.51999999999998
2018,1981.25,36.75
129,147.5,-18.5
171,193.445,-22.444999999999993
771,765.02,5.980000000000018
1509,1543.75,-34.75
371,370.23,0.7699999999999818
568,552.025,15.975000000000023
275,254.56,20.439999999999998
539,536.605,2.394999999999982
1796,1660.075,135.92499999999995
423,420.64,2.3600000000000136
346,367.34,-21.339999999999975
4013,3137.575,875.4250000000002
394,362.23,31.769999999999982
336,326.955,9.045000000000016
2550,2588.425,-38.42500000000018
2856,2279.16,576.8400000000001
337,447.435,-110.435
909,1089.055,-180.05500000000006
338,274.18,63.81999999999999
1406,1310.925,95.07500000000005
1246,1230.655,15.345000000000027
249,301.185,-52.185
759,562.71,196.28999999999996
425,319.405,105.59500000000003
397,426.71,-29.70999999999998
1012,964.39,47.610000000000014
1788,2085.62,-297.6199999999999
2465,2438.61,26.389999999999873
510,623.265,-113.26499999999999
962,796.78,165.22000000000003
167,149.2,17.80000000000001
1790,2251.485,-461.4850000000001
258,278.105,-20.105000000000018
397,491.895,-94.89499999999998
503,365.54,137.45999999999998
566,451.38,114.62
1135,848.27,286.73
423,414.845,8.154999999999973
237,236.555,0.4449999999999932
138,142.215,-4.215000000000003
991,983.105,7.894999999999982
1778,2673.85,-895.8499999999999
330,357.43,-27.430000000000007
393,441.255,-48.254999999999995
252,248.82,3.180000000000007
1117,1126.695,-9.694999999999936
926,944.48,-18.480000000000018
735,748.34,-13.340000000000032
817,913.775,-96.77499999999998
3875,3913.48,-38.48000000000002
1729,2593.665,-864.665
343,346.16,-3.160000000000025
318,321.735,-3.7350000000000136
2168,2547.685,-379.68499999999995
2335,2370.37,-35.36999999999989
316,323.035,-7.035000000000025
1334,1335.515,-1.5150000000001
278,245.395,32.60499999999999
255,280.345,-25.345000000000027
1095,1266.79,-171.78999999999996
560,541.58,18.41999999999996
439,518.27,-79.26999999999998
2778,2793.21,-15.210000000000036
3646,3667.19,-21.190000000000055
285,289.695,-4.694999999999993
705,695.9,9.100000000000023
909,1039.545,-130.54500000000007
222,213.145,8.85499999999999
553,571.175,-18.174999999999955
239,243.16,-4.159999999999997
2636,2708.915,-72.91499999999996
928,947.935,-19.934999999999945
1709,1798.01,-89.00999999999999
1744,1724.05,19.950000000000045
289,274.83,14.170000000000016
1213,1203.055,9.944999999999936
410,418.02,-8.019999999999982
229,200.705,28.294999999999987
339,370.475,-31.475000000000023
195,170.595,24.405
203,206.995,-3.9950000000000045
232,216.045,15.955000000000013
2182,2175.235,6.764999999999873
687,758.17,-71.16999999999996
315,325.215,-10.214999999999975
94,87.93,6.069999999999993
1079,1079.57,-0.5699999999999363
1656,1630.74,25.25999999999999
852,876.93,-24.92999999999995
631,582.94,48.059999999999945
1699,1741.715,-42.71499999999992
193,184.28,8.719999999999999
189,172.495,16.504999999999995
3378,3341.44,36.559999999999945
1468,1267.31,200.69000000000005
2079,2050.905,28.0949999999998
250,240.11,9.889999999999986
76,66.34,9.659999999999997
1605,1649.905,-44.90499999999997
263,245.41,17.590000000000003
227,227.13,-0.12999999999999545
675,670.51,4.490000000000009
404,398.355,5.644999999999982
537,545.035,-8.034999999999968
737,744.42,-7.419999999999959
192,188.225,3.7750000000000057
1111,1102.385,8.615000000000009
158,168.56,-10.560000000000002
2425,2412.895,12.105000000000018
171,152.63,18.370000000000005
861,863.485,-2.4850000000000136
1013,1029.375,-16.375
820,787.605,32.39499999999998
247,211.51,35.49000000000001
299,297.39,1.6100000000000136
640,645.395,-5.394999999999982
559,582.565,-23.565000000000055
174,156.98,17.02000000000001
1559,1603.91,-44.91000000000008
948,928.63,19.370000000000005
287,281.2,5.800000000000011
169,159.15,9.849999999999994
205,192.35,12.650000000000006
1008,1001.165,6.835000000000036
1663,1683.11,-20.1099999999999
2181,2177.53,3.4699999999998
1279,1235.22,43.77999999999997
792,805.12,-13.120000000000005
172,160.095,11.905000000000001
146,144.41,1.5900000000000034
216,203.705,12.294999999999987
383,388.8,-5.800000000000011
520,520.5,-0.5
593,614.26,-21.25999999999999
3067,3144.435,-77.43499999999995
210,202.765,7.235000000000014
122,122.055,-0.05500000000000682
217,213.285,3.7150000000000034
728,770.18,-42.17999999999995
64,57.105,6.895000000000003
1994,1951.25,42.75
150,155.165,-5.164999999999992
480,500.91,-20.910000000000025
867,899.56,-32.559999999999945
73,93.265,-20.265
663,666.775,-3.7749999999999773
185,205.46,-20.460000000000008
2485,2771.81,-286.80999999999995
697,736.61,-39.610000000000014
1107,1125.42,-18.420000000000073
351,369.02,-18.019999999999982
273,268.92,4.079999999999984
1691,1909.205,-218.20499999999993
1614,1639.17,-25.170000000000073
121,159.545,-38.54499999999999
161,163.225,-2.2249999999999943
128,127.845,0.15500000000000114
792,877.495,-85.495
513,526.925,-13.924999999999955
162,158.565,3.4350000000000023
311,473.96,-162.95999999999998
184,181.52,2.4799999999999898
1499,1550.335,-51.335000000000036
1905,1926.365,-21.36500000000001
56,50.78,5.219999999999999
588,612.915,-24.914999999999964
170,194.555,-24.555000000000007
342,328.215,13.785000000000025
79,175.05,-96.05000000000001
603,617.255,-14.254999999999995
140,152.305,-12.305000000000007
95,112.015,-17.015
443,450.64,-7.639999999999986
167,165.585,1.414999999999992
134,135.41,-1.4099999999999966
146,165.545,-19.544999999999987
1460,1448.68,11.319999999999936
1229,1319.31,-90.30999999999995
70,80.66,-10.659999999999997
1975,2177.56,-202.55999999999995
159,150.695,8.305000000000007
991,1012.575,-21.575000000000045
527,560.635,-33.63499999999999
264,260.515,3.4850000000000136
1573,1586.715,-13.714999999999918
469,489.775,-20.774999999999977
159,153.44,5.560000000000002
623,661.38,-38.379999999999995
32,46.95,-14.950000000000003
778,775.045,2.955000000000041
1817,1853.19,-36.190000000000055
638,643.33,-5.330000000000041
51,48.755,2.2449999999999974
154,154.85,-0.8499999999999943
484,496.155,-12.154999999999973
152,154.915,-2.914999999999992
414,443.945,-29.944999999999993
124,117.73,6.269999999999996
486,508.47,-22.470000000000027
0,6.29,-6.29
83,83.37,-0.37000000000000455
129,124.14,4.859999999999999
0,17.39,-17.39
1751,1766.195,-15.194999999999936
147,150.13,-3.1299999999999955
1676,1670.92,5.079999999999927
402,417.455,-15.454999999999984
254,252.23,1.7700000000000102
46,47.76,-1.759999999999998
135,125.17,9.829999999999998
549,562.49,-13.490000000000009
1534,1559.895,-25.894999999999982
906,889.29,16.710000000000036
1434,1454.98,-20.980000000000018
969,877.35,91.64999999999998
700,734.885,-34.88499999999999
576,593.0,-17.0
51,41.065,9.935000000000002
329,331.05,-2.0500000000000114
150,147.905,2.094999999999999
496,522.465,-26.465000000000032
368,384.785,-16.785000000000025
1369,1459.01,-90.00999999999999
306,384.73,-78.73000000000002
134,131.56,2.4399999999999977
128,136.59,-8.590000000000003
38,41.93,-3.9299999999999997
793,822.85,-29.850000000000023
0,2.153,-2.153
0,2.495,-2.495
99,117.225,-18.224999999999994
1533,1515.155,17.845000000000027
247,248.175,-1.1750000000000114
1713,1716.945,-3.9449999999999363
718,836.795,-118.79499999999996
66,106.215,-40.215
61,65.98,-4.980000000000004
6,47.59,-41.59
413,451.18,-38.18000000000001
1322,1418.415,-96.41499999999996
530,534.32,-4.32000000000005
596,649.2,-53.200000000000045
291,329.865,-38.86500000000001
141,152.13,-11.129999999999995
361,368.39,-7.389999999999986
328,331.2,-3.1999999999999886
0,1.66,-1.66
256,270.645,-14.644999999999982
1695,1685.48,9.519999999999982
1068,1145.535,-77.53500000000008
114,123.355,-9.355000000000004
105,124.675,-19.674999999999997
735,739.61,-4.610000000000014
236,240.825,-4.824999999999989
482,507.165,-25.16500000000002
94,84.52,9.480000000000004
367,350.365,16.63499999999999
1531,1510.0,21.0
6,3.835,2.165
57,52.14,4.859999999999999
138,138.26,-0.2599999999999909
33,44.19,-11.189999999999998
146,146.975,-0.9749999999999943
445,474.355,-29.355000000000018
340,345.535,-5.535000000000025
174,177.325,-3.3249999999999886
37,35.565,1.4350000000000023
1325,1335.615,-10.615000000000009
515,529.545,-14.544999999999959
2,1.6580000000000001,0.34199999999999986
543,603.745,-60.745000000000005
368,464.55,-96.55000000000001
0,55.14,-55.14
812,901.83,-89.83000000000004
316,337.485,-21.485000000000014
87,95.97,-8.969999999999999
435,454.275,-19.274999999999977
1666,1701.495,-35.49499999999989
79,83.005,-4.0049999999999955
698,687.375,10.625
54,75.35,-21.349999999999994
323,338.105,-15.105000000000018
74,97.64,-23.64
34,37.315,-3.3149999999999977
1277,1265.89,11.1099999999999
434,516.24,-82.24000000000001
133,146.615,-13.615000000000009
300,304.955,-4.954999999999984
222,228.955,-6.9550000000000125
8,8.435,-0.4350000000000005
1531,1512.765,18.2349999999999
410,419.62,-9.620000000000005
223,227.055,-4.055000000000007
0,7.295,-7.295
147,141.1,5.900000000000006
45,52.405,-7.405000000000001
0,6.774666666666666,-6.774666666666666
213,214.42,-1.4199999999999875
390,416.325,-26.32499999999999
410,403.02,6.980000000000018
1,2.66,-1.6600000000000001
147,152.625,-5.625
704,696.775,7.225000000000023
1529,1515.17,13.829999999999927
192,200.76,-8.759999999999991
12,12.395,-0.3949999999999996
318,314.39,3.6100000000000136
1267,1242.775,24.22499999999991
28,43.61,-15.61
58,73.645,-15.644999999999996
391,388.9,2.1000000000000227
2,4.856916666666667,-2.8569166666666668
8,23.02,-15.02
286,279.23,6.769999999999982
1631,1668.49,-37.49000000000001
692,679.325,12.674999999999955
0,7.295,-7.295
30,34.23,-4.229999999999997
92,75.465,16.534999999999997
289,268.045,20.954999999999984
135,133.99,1.009999999999991
51,52.17,-1.1700000000000017
279,278.76,0.2400000000000091
0,7.955,-7.955
361,379.535,-18.535000000000025
310,328.235,-18.235000000000014
1614,1657.86,-43.8599999999999
1259,1288.59,-29.589999999999918
170,177.18,-7.180000000000007
231,261.7,-30.69999999999999
194,215.6,-21.599999999999994
352,393.975,-41.97500000000002
1529,1545.365,-16.36500000000001
30,19.245,10.754999999999999
30,32.52,-2.520000000000003
142,143.51,-1.509999999999991
0,7.7575,-7.7575
709,738.97,-29.970000000000027
1,7.747999999999999,-6.747999999999999
232,243.315,-11.314999999999998
57,60.265,-3.2650000000000006
272,270.35,1.6499999999999773
605,640.82,-35.82000000000005
9,5.11375,3.8862500000000004
89,100.02,-11.019999999999996
36,45.55,-9.549999999999997
399,425.24,-26.24000000000001
138,157.925,-19.92500000000001
27,34.05,-7.049999999999997
29,32.675,-3.674999999999997
348,410.26,-62.25999999999999
0,7.7575,-7.7575
221,217.425,3.5749999999999886
138,141.47,-3.469999999999999
5,26.285,-21.285
216,222.775,-6.775000000000006
308,314.43,-6.430000000000007
0,6.568750000000001,-6.568750000000001
56,54.855,1.1450000000000031
1527,1546.175,-19.174999999999955
144,148.735,-4.735000000000014
403,418.12,-15.120000000000005
1605,1631.02,-26.019999999999982
31,47.435,-16.435000000000002
5,2.475,2.525
268,266.39,1.6100000000000136
27,35.2,-8.200000000000003
1263,1298.07,-35.069999999999936
19,16.695,2.3049999999999997
95,99.285,-4.284999999999997
174,155.415,18.585000000000008
367,371.48,-4.480000000000018
188,187.95,0.05000000000001137
716,753.605,-37.60500000000002
602,555.66,46.34000000000003
145,154.155,-9.155000000000001
0,5.146416666666666,-5.146416666666666
1610,1654.27,-44.26999999999998
19,12.702083333333333,6.2979166666666675
219,230.795,-11.794999999999987
182,193.05,-11.050000000000011
27,39.835,-12.835
77,26.631666666666664,50.36833333333334
108,115.575,-7.575000000000003
727,613.17,113.83000000000004
277,282.255,-5.2549999999999955
400,403.91,-3.910000000000025
38,44.58,-6.579999999999998
781,765.715,15.284999999999968
1283,1332.64,-49.6400000000001
1529,1581.53,-52.52999999999997
147,149.035,-2.0349999999999966
185,177.57,7.430000000000007
355,406.27,-51.26999999999998
315,230.485,84.51499999999999
433,428.84,4.160000000000025
56,52.785,3.2150000000000034
325,310.66,14.339999999999975
45,36.815,8.185000000000002
65,66.345,-1.3449999999999989
5,11.65,-6.65
137,125.595,11.405000000000001
79,65.525,13.474999999999994
456,439.315,16.685000000000002
1631,1655.42,-24.420000000000073
1322,1376.31,-54.309999999999945
442,371.365,70.63499999999999
95,81.28,13.719999999999999
151,180.73,-29.72999999999999
51,57.385,-6.384999999999998
303,287.26,15.740000000000009
913,846.675,66.32500000000005
912,864.625,47.375
488,474.11,13.889999999999986
377,452.785,-75.78500000000003
33,36.205,-3.2049999999999983
205,198.41,6.590000000000003
1526,1579.93,-53.930000000000064
0,5.146416666666666,-5.146416666666666
162,155.615,6.384999999999991
84,83.295,0.7049999999999983
30,62.605,-32.605
16,8.79,7.210000000000001
351,346.45,4.550000000000011
261,240.215,20.784999999999997
187,182.44,4.560000000000002
167,163.625,3.375
1693,1698.96,-5.960000000000036
568,509.71,58.29000000000002
184,190.96,-6.960000000000008
244,220.66,23.340000000000003
599,549.565,49.434999999999945
452,473.635,-21.63499999999999
213,200.725,12.275000000000006
156,145.875,10.125
174,177.54,-3.539999999999992
685,1193.195,-508.19499999999994
193,186.535,6.465000000000003
35,35.175,-0.17499999999999716
347,349.495,-2.4950000000000045
406,409.81,-3.8100000000000023
116,124.275,-8.275000000000006
110,120.115,-10.114999999999995
326,299.52,26.480000000000018
0,8.223999999999998,-8.223999999999998
1536,1579.26,-43.25999999999999
45,49.7,-4.700000000000003
65,73.94,-8.939999999999998
85,68.195,16.805000000000007
1258,1616.73,-358.73
1385,1414.455,-29.454999999999927
1113,1066.585,46.414999999999964
274,241.75,32.25
516,518.255,-2.2549999999999955
1350,1419.13,-69.13000000000011
664,630.885,33.11500000000001
879,1066.97,-187.97000000000003
1541,1593.305,-52.305000000000064
384,386.515,-2.5149999999999864
150,162.53,-12.530000000000001
1543,1639.085,-96.08500000000004
188,214.91,-26.909999999999997
198,197.97,0.030000000000001137
288,276.62,11.379999999999995
228,227.55,0.44999999999998863
1753,1763.57,-10.569999999999936
258,257.545,0.4549999999999841
50,54.355,-4.354999999999997
482,463.92,18.079999999999984
148,169.955,-21.955000000000013
1432,1506.83,-74.82999999999993
53,62.475,-9.475000000000001
97,87.945,9.055000000000007
383,361.885,21.11500000000001
343,396.525,-53.52499999999998
153,157.835,-4.835000000000008
0,8.223999999999998,-8.223999999999998
224,213.895,10.10499999999999
740,722.065,17.934999999999945
